--
-- Contrexx WCMS SQL Dump
--
-- version: 4.0.0
-- created: 02.09.2014 00:00
--
-- http://www.contrexx.com
--
INSERT INTO `contrexx_access_group_static_ids` (`access_id`, `group_id`) VALUES ('1', '1');
INSERT INTO `contrexx_access_group_static_ids` (`access_id`, `group_id`) VALUES ('1', '2');
INSERT INTO `contrexx_access_group_static_ids` (`access_id`, `group_id`) VALUES ('1', '9');
INSERT INTO `contrexx_access_group_static_ids` (`access_id`, `group_id`) VALUES ('2', '1');
INSERT INTO `contrexx_access_group_static_ids` (`access_id`, `group_id`) VALUES ('2', '2');
INSERT INTO `contrexx_access_group_static_ids` (`access_id`, `group_id`) VALUES ('3', '1');
INSERT INTO `contrexx_access_group_static_ids` (`access_id`, `group_id`) VALUES ('3', '2');
INSERT INTO `contrexx_access_group_static_ids` (`access_id`, `group_id`) VALUES ('4', '1');
INSERT INTO `contrexx_access_group_static_ids` (`access_id`, `group_id`) VALUES ('4', '2');
INSERT INTO `contrexx_access_group_static_ids` (`access_id`, `group_id`) VALUES ('5', '1');
INSERT INTO `contrexx_access_group_static_ids` (`access_id`, `group_id`) VALUES ('5', '2');
INSERT INTO `contrexx_access_group_static_ids` (`access_id`, `group_id`) VALUES ('5', '9');
INSERT INTO `contrexx_access_group_static_ids` (`access_id`, `group_id`) VALUES ('6', '1');
INSERT INTO `contrexx_access_group_static_ids` (`access_id`, `group_id`) VALUES ('6', '2');
INSERT INTO `contrexx_access_group_static_ids` (`access_id`, `group_id`) VALUES ('6', '9');
INSERT INTO `contrexx_access_group_static_ids` (`access_id`, `group_id`) VALUES ('7', '1');
INSERT INTO `contrexx_access_group_static_ids` (`access_id`, `group_id`) VALUES ('7', '2');
INSERT INTO `contrexx_access_group_static_ids` (`access_id`, `group_id`) VALUES ('7', '9');
INSERT INTO `contrexx_access_group_static_ids` (`access_id`, `group_id`) VALUES ('8', '1');
INSERT INTO `contrexx_access_group_static_ids` (`access_id`, `group_id`) VALUES ('8', '9');
INSERT INTO `contrexx_access_group_static_ids` (`access_id`, `group_id`) VALUES ('9', '1');
INSERT INTO `contrexx_access_group_static_ids` (`access_id`, `group_id`) VALUES ('9', '2');
INSERT INTO `contrexx_access_group_static_ids` (`access_id`, `group_id`) VALUES ('10', '1');
INSERT INTO `contrexx_access_group_static_ids` (`access_id`, `group_id`) VALUES ('10', '2');
INSERT INTO `contrexx_access_group_static_ids` (`access_id`, `group_id`) VALUES ('10', '9');
INSERT INTO `contrexx_access_group_static_ids` (`access_id`, `group_id`) VALUES ('11', '1');
INSERT INTO `contrexx_access_group_static_ids` (`access_id`, `group_id`) VALUES ('11', '2');
INSERT INTO `contrexx_access_group_static_ids` (`access_id`, `group_id`) VALUES ('12', '1');
INSERT INTO `contrexx_access_group_static_ids` (`access_id`, `group_id`) VALUES ('12', '2');
INSERT INTO `contrexx_access_group_static_ids` (`access_id`, `group_id`) VALUES ('13', '1');
INSERT INTO `contrexx_access_group_static_ids` (`access_id`, `group_id`) VALUES ('13', '2');
INSERT INTO `contrexx_access_group_static_ids` (`access_id`, `group_id`) VALUES ('14', '1');
INSERT INTO `contrexx_access_group_static_ids` (`access_id`, `group_id`) VALUES ('14', '2');
INSERT INTO `contrexx_access_group_static_ids` (`access_id`, `group_id`) VALUES ('16', '1');
INSERT INTO `contrexx_access_group_static_ids` (`access_id`, `group_id`) VALUES ('16', '2');
INSERT INTO `contrexx_access_group_static_ids` (`access_id`, `group_id`) VALUES ('16', '9');
INSERT INTO `contrexx_access_group_static_ids` (`access_id`, `group_id`) VALUES ('17', '1');
INSERT INTO `contrexx_access_group_static_ids` (`access_id`, `group_id`) VALUES ('18', '1');
INSERT INTO `contrexx_access_group_static_ids` (`access_id`, `group_id`) VALUES ('18', '2');
INSERT INTO `contrexx_access_group_static_ids` (`access_id`, `group_id`) VALUES ('20', '1');
INSERT INTO `contrexx_access_group_static_ids` (`access_id`, `group_id`) VALUES ('21', '1');
INSERT INTO `contrexx_access_group_static_ids` (`access_id`, `group_id`) VALUES ('21', '2');
INSERT INTO `contrexx_access_group_static_ids` (`access_id`, `group_id`) VALUES ('22', '1');
INSERT INTO `contrexx_access_group_static_ids` (`access_id`, `group_id`) VALUES ('22', '2');
INSERT INTO `contrexx_access_group_static_ids` (`access_id`, `group_id`) VALUES ('23', '1');
INSERT INTO `contrexx_access_group_static_ids` (`access_id`, `group_id`) VALUES ('24', '1');
INSERT INTO `contrexx_access_group_static_ids` (`access_id`, `group_id`) VALUES ('26', '1');
INSERT INTO `contrexx_access_group_static_ids` (`access_id`, `group_id`) VALUES ('26', '2');
INSERT INTO `contrexx_access_group_static_ids` (`access_id`, `group_id`) VALUES ('27', '1');
INSERT INTO `contrexx_access_group_static_ids` (`access_id`, `group_id`) VALUES ('27', '2');
INSERT INTO `contrexx_access_group_static_ids` (`access_id`, `group_id`) VALUES ('31', '1');
INSERT INTO `contrexx_access_group_static_ids` (`access_id`, `group_id`) VALUES ('32', '1');
INSERT INTO `contrexx_access_group_static_ids` (`access_id`, `group_id`) VALUES ('32', '2');
INSERT INTO `contrexx_access_group_static_ids` (`access_id`, `group_id`) VALUES ('32', '9');
INSERT INTO `contrexx_access_group_static_ids` (`access_id`, `group_id`) VALUES ('35', '1');
INSERT INTO `contrexx_access_group_static_ids` (`access_id`, `group_id`) VALUES ('35', '2');
INSERT INTO `contrexx_access_group_static_ids` (`access_id`, `group_id`) VALUES ('35', '9');
INSERT INTO `contrexx_access_group_static_ids` (`access_id`, `group_id`) VALUES ('36', '1');
INSERT INTO `contrexx_access_group_static_ids` (`access_id`, `group_id`) VALUES ('36', '2');
INSERT INTO `contrexx_access_group_static_ids` (`access_id`, `group_id`) VALUES ('38', '1');
INSERT INTO `contrexx_access_group_static_ids` (`access_id`, `group_id`) VALUES ('38', '9');
INSERT INTO `contrexx_access_group_static_ids` (`access_id`, `group_id`) VALUES ('39', '1');
INSERT INTO `contrexx_access_group_static_ids` (`access_id`, `group_id`) VALUES ('39', '9');
INSERT INTO `contrexx_access_group_static_ids` (`access_id`, `group_id`) VALUES ('41', '1');
INSERT INTO `contrexx_access_group_static_ids` (`access_id`, `group_id`) VALUES ('46', '1');
INSERT INTO `contrexx_access_group_static_ids` (`access_id`, `group_id`) VALUES ('47', '1');
INSERT INTO `contrexx_access_group_static_ids` (`access_id`, `group_id`) VALUES ('48', '1');
INSERT INTO `contrexx_access_group_static_ids` (`access_id`, `group_id`) VALUES ('49', '1');
INSERT INTO `contrexx_access_group_static_ids` (`access_id`, `group_id`) VALUES ('51', '1');
INSERT INTO `contrexx_access_group_static_ids` (`access_id`, `group_id`) VALUES ('52', '1');
INSERT INTO `contrexx_access_group_static_ids` (`access_id`, `group_id`) VALUES ('53', '1');
INSERT INTO `contrexx_access_group_static_ids` (`access_id`, `group_id`) VALUES ('53', '2');
INSERT INTO `contrexx_access_group_static_ids` (`access_id`, `group_id`) VALUES ('55', '1');
INSERT INTO `contrexx_access_group_static_ids` (`access_id`, `group_id`) VALUES ('59', '1');
INSERT INTO `contrexx_access_group_static_ids` (`access_id`, `group_id`) VALUES ('61', '3');
INSERT INTO `contrexx_access_group_static_ids` (`access_id`, `group_id`) VALUES ('64', '1');
INSERT INTO `contrexx_access_group_static_ids` (`access_id`, `group_id`) VALUES ('64', '2');
INSERT INTO `contrexx_access_group_static_ids` (`access_id`, `group_id`) VALUES ('65', '1');
INSERT INTO `contrexx_access_group_static_ids` (`access_id`, `group_id`) VALUES ('65', '2');
INSERT INTO `contrexx_access_group_static_ids` (`access_id`, `group_id`) VALUES ('66', '1');
INSERT INTO `contrexx_access_group_static_ids` (`access_id`, `group_id`) VALUES ('66', '2');
INSERT INTO `contrexx_access_group_static_ids` (`access_id`, `group_id`) VALUES ('67', '1');
INSERT INTO `contrexx_access_group_static_ids` (`access_id`, `group_id`) VALUES ('68', '1');
INSERT INTO `contrexx_access_group_static_ids` (`access_id`, `group_id`) VALUES ('69', '1');
INSERT INTO `contrexx_access_group_static_ids` (`access_id`, `group_id`) VALUES ('70', '1');
INSERT INTO `contrexx_access_group_static_ids` (`access_id`, `group_id`) VALUES ('70', '2');
INSERT INTO `contrexx_access_group_static_ids` (`access_id`, `group_id`) VALUES ('75', '1');
INSERT INTO `contrexx_access_group_static_ids` (`access_id`, `group_id`) VALUES ('75', '2');
INSERT INTO `contrexx_access_group_static_ids` (`access_id`, `group_id`) VALUES ('76', '1');
INSERT INTO `contrexx_access_group_static_ids` (`access_id`, `group_id`) VALUES ('76', '2');
INSERT INTO `contrexx_access_group_static_ids` (`access_id`, `group_id`) VALUES ('76', '9');
INSERT INTO `contrexx_access_group_static_ids` (`access_id`, `group_id`) VALUES ('77', '1');
INSERT INTO `contrexx_access_group_static_ids` (`access_id`, `group_id`) VALUES ('77', '2');
INSERT INTO `contrexx_access_group_static_ids` (`access_id`, `group_id`) VALUES ('78', '1');
INSERT INTO `contrexx_access_group_static_ids` (`access_id`, `group_id`) VALUES ('78', '2');
INSERT INTO `contrexx_access_group_static_ids` (`access_id`, `group_id`) VALUES ('82', '1');
INSERT INTO `contrexx_access_group_static_ids` (`access_id`, `group_id`) VALUES ('82', '2');
INSERT INTO `contrexx_access_group_static_ids` (`access_id`, `group_id`) VALUES ('83', '1');
INSERT INTO `contrexx_access_group_static_ids` (`access_id`, `group_id`) VALUES ('83', '2');
INSERT INTO `contrexx_access_group_static_ids` (`access_id`, `group_id`) VALUES ('84', '1');
INSERT INTO `contrexx_access_group_static_ids` (`access_id`, `group_id`) VALUES ('84', '2');
INSERT INTO `contrexx_access_group_static_ids` (`access_id`, `group_id`) VALUES ('84', '9');
INSERT INTO `contrexx_access_group_static_ids` (`access_id`, `group_id`) VALUES ('85', '1');
INSERT INTO `contrexx_access_group_static_ids` (`access_id`, `group_id`) VALUES ('87', '1');
INSERT INTO `contrexx_access_group_static_ids` (`access_id`, `group_id`) VALUES ('87', '2');
INSERT INTO `contrexx_access_group_static_ids` (`access_id`, `group_id`) VALUES ('88', '1');
INSERT INTO `contrexx_access_group_static_ids` (`access_id`, `group_id`) VALUES ('92', '1');
INSERT INTO `contrexx_access_group_static_ids` (`access_id`, `group_id`) VALUES ('94', '1');
INSERT INTO `contrexx_access_group_static_ids` (`access_id`, `group_id`) VALUES ('96', '1');
INSERT INTO `contrexx_access_group_static_ids` (`access_id`, `group_id`) VALUES ('96', '3');
INSERT INTO `contrexx_access_group_static_ids` (`access_id`, `group_id`) VALUES ('97', '1');
INSERT INTO `contrexx_access_group_static_ids` (`access_id`, `group_id`) VALUES ('98', '1');
INSERT INTO `contrexx_access_group_static_ids` (`access_id`, `group_id`) VALUES ('98', '2');
INSERT INTO `contrexx_access_group_static_ids` (`access_id`, `group_id`) VALUES ('99', '3');
INSERT INTO `contrexx_access_group_static_ids` (`access_id`, `group_id`) VALUES ('102', '1');
INSERT INTO `contrexx_access_group_static_ids` (`access_id`, `group_id`) VALUES ('106', '1');
INSERT INTO `contrexx_access_group_static_ids` (`access_id`, `group_id`) VALUES ('106', '2');
INSERT INTO `contrexx_access_group_static_ids` (`access_id`, `group_id`) VALUES ('107', '1');
INSERT INTO `contrexx_access_group_static_ids` (`access_id`, `group_id`) VALUES ('107', '2');
INSERT INTO `contrexx_access_group_static_ids` (`access_id`, `group_id`) VALUES ('108', '1');
INSERT INTO `contrexx_access_group_static_ids` (`access_id`, `group_id`) VALUES ('108', '2');
INSERT INTO `contrexx_access_group_static_ids` (`access_id`, `group_id`) VALUES ('109', '1');
INSERT INTO `contrexx_access_group_static_ids` (`access_id`, `group_id`) VALUES ('109', '2');
INSERT INTO `contrexx_access_group_static_ids` (`access_id`, `group_id`) VALUES ('115', '1');
INSERT INTO `contrexx_access_group_static_ids` (`access_id`, `group_id`) VALUES ('115', '2');
INSERT INTO `contrexx_access_group_static_ids` (`access_id`, `group_id`) VALUES ('119', '1');
INSERT INTO `contrexx_access_group_static_ids` (`access_id`, `group_id`) VALUES ('119', '2');
INSERT INTO `contrexx_access_group_static_ids` (`access_id`, `group_id`) VALUES ('119', '9');
INSERT INTO `contrexx_access_group_static_ids` (`access_id`, `group_id`) VALUES ('120', '1');
INSERT INTO `contrexx_access_group_static_ids` (`access_id`, `group_id`) VALUES ('120', '2');
INSERT INTO `contrexx_access_group_static_ids` (`access_id`, `group_id`) VALUES ('120', '9');
INSERT INTO `contrexx_access_group_static_ids` (`access_id`, `group_id`) VALUES ('121', '1');
INSERT INTO `contrexx_access_group_static_ids` (`access_id`, `group_id`) VALUES ('121', '2');
INSERT INTO `contrexx_access_group_static_ids` (`access_id`, `group_id`) VALUES ('121', '9');
INSERT INTO `contrexx_access_group_static_ids` (`access_id`, `group_id`) VALUES ('122', '1');
INSERT INTO `contrexx_access_group_static_ids` (`access_id`, `group_id`) VALUES ('122', '2');
INSERT INTO `contrexx_access_group_static_ids` (`access_id`, `group_id`) VALUES ('123', '1');
INSERT INTO `contrexx_access_group_static_ids` (`access_id`, `group_id`) VALUES ('123', '2');
INSERT INTO `contrexx_access_group_static_ids` (`access_id`, `group_id`) VALUES ('124', '1');
INSERT INTO `contrexx_access_group_static_ids` (`access_id`, `group_id`) VALUES ('124', '2');
INSERT INTO `contrexx_access_group_static_ids` (`access_id`, `group_id`) VALUES ('125', '1');
INSERT INTO `contrexx_access_group_static_ids` (`access_id`, `group_id`) VALUES ('125', '2');
INSERT INTO `contrexx_access_group_static_ids` (`access_id`, `group_id`) VALUES ('127', '1');
INSERT INTO `contrexx_access_group_static_ids` (`access_id`, `group_id`) VALUES ('127', '2');
INSERT INTO `contrexx_access_group_static_ids` (`access_id`, `group_id`) VALUES ('127', '9');
INSERT INTO `contrexx_access_group_static_ids` (`access_id`, `group_id`) VALUES ('129', '1');
INSERT INTO `contrexx_access_group_static_ids` (`access_id`, `group_id`) VALUES ('129', '2');
INSERT INTO `contrexx_access_group_static_ids` (`access_id`, `group_id`) VALUES ('130', '1');
INSERT INTO `contrexx_access_group_static_ids` (`access_id`, `group_id`) VALUES ('130', '2');
INSERT INTO `contrexx_access_group_static_ids` (`access_id`, `group_id`) VALUES ('131', '1');
INSERT INTO `contrexx_access_group_static_ids` (`access_id`, `group_id`) VALUES ('131', '2');
INSERT INTO `contrexx_access_group_static_ids` (`access_id`, `group_id`) VALUES ('132', '1');
INSERT INTO `contrexx_access_group_static_ids` (`access_id`, `group_id`) VALUES ('132', '2');
INSERT INTO `contrexx_access_group_static_ids` (`access_id`, `group_id`) VALUES ('133', '1');
INSERT INTO `contrexx_access_group_static_ids` (`access_id`, `group_id`) VALUES ('133', '2');
INSERT INTO `contrexx_access_group_static_ids` (`access_id`, `group_id`) VALUES ('134', '1');
INSERT INTO `contrexx_access_group_static_ids` (`access_id`, `group_id`) VALUES ('134', '2');
INSERT INTO `contrexx_access_group_static_ids` (`access_id`, `group_id`) VALUES ('140', '1');
INSERT INTO `contrexx_access_group_static_ids` (`access_id`, `group_id`) VALUES ('141', '1');
INSERT INTO `contrexx_access_group_static_ids` (`access_id`, `group_id`) VALUES ('141', '2');
INSERT INTO `contrexx_access_group_static_ids` (`access_id`, `group_id`) VALUES ('141', '9');
INSERT INTO `contrexx_access_group_static_ids` (`access_id`, `group_id`) VALUES ('142', '1');
INSERT INTO `contrexx_access_group_static_ids` (`access_id`, `group_id`) VALUES ('142', '2');
INSERT INTO `contrexx_access_group_static_ids` (`access_id`, `group_id`) VALUES ('142', '9');
INSERT INTO `contrexx_access_group_static_ids` (`access_id`, `group_id`) VALUES ('146', '1');
INSERT INTO `contrexx_access_group_static_ids` (`access_id`, `group_id`) VALUES ('147', '1');
INSERT INTO `contrexx_access_group_static_ids` (`access_id`, `group_id`) VALUES ('148', '1');
INSERT INTO `contrexx_access_group_static_ids` (`access_id`, `group_id`) VALUES ('148', '2');
INSERT INTO `contrexx_access_group_static_ids` (`access_id`, `group_id`) VALUES ('149', '1');
INSERT INTO `contrexx_access_group_static_ids` (`access_id`, `group_id`) VALUES ('151', '1');
INSERT INTO `contrexx_access_group_static_ids` (`access_id`, `group_id`) VALUES ('152', '1');
INSERT INTO `contrexx_access_group_static_ids` (`access_id`, `group_id`) VALUES ('152', '2');
INSERT INTO `contrexx_access_group_static_ids` (`access_id`, `group_id`) VALUES ('153', '1');
INSERT INTO `contrexx_access_group_static_ids` (`access_id`, `group_id`) VALUES ('153', '2');
INSERT INTO `contrexx_access_group_static_ids` (`access_id`, `group_id`) VALUES ('154', '1');
INSERT INTO `contrexx_access_group_static_ids` (`access_id`, `group_id`) VALUES ('155', '1');
INSERT INTO `contrexx_access_group_static_ids` (`access_id`, `group_id`) VALUES ('156', '1');
INSERT INTO `contrexx_access_group_static_ids` (`access_id`, `group_id`) VALUES ('157', '1');
INSERT INTO `contrexx_access_group_static_ids` (`access_id`, `group_id`) VALUES ('158', '1');
INSERT INTO `contrexx_access_group_static_ids` (`access_id`, `group_id`) VALUES ('159', '1');
INSERT INTO `contrexx_access_group_static_ids` (`access_id`, `group_id`) VALUES ('160', '1');
INSERT INTO `contrexx_access_group_static_ids` (`access_id`, `group_id`) VALUES ('160', '2');
INSERT INTO `contrexx_access_group_static_ids` (`access_id`, `group_id`) VALUES ('160', '9');
INSERT INTO `contrexx_access_group_static_ids` (`access_id`, `group_id`) VALUES ('161', '1');
INSERT INTO `contrexx_access_group_static_ids` (`access_id`, `group_id`) VALUES ('161', '2');
INSERT INTO `contrexx_access_group_static_ids` (`access_id`, `group_id`) VALUES ('162', '1');
INSERT INTO `contrexx_access_group_static_ids` (`access_id`, `group_id`) VALUES ('162', '2');
INSERT INTO `contrexx_access_group_static_ids` (`access_id`, `group_id`) VALUES ('162', '9');
INSERT INTO `contrexx_access_group_static_ids` (`access_id`, `group_id`) VALUES ('163', '1');
INSERT INTO `contrexx_access_group_static_ids` (`access_id`, `group_id`) VALUES ('163', '2');
INSERT INTO `contrexx_access_group_static_ids` (`access_id`, `group_id`) VALUES ('163', '9');
INSERT INTO `contrexx_access_group_static_ids` (`access_id`, `group_id`) VALUES ('164', '1');
INSERT INTO `contrexx_access_group_static_ids` (`access_id`, `group_id`) VALUES ('164', '2');
INSERT INTO `contrexx_access_group_static_ids` (`access_id`, `group_id`) VALUES ('164', '9');
INSERT INTO `contrexx_access_group_static_ids` (`access_id`, `group_id`) VALUES ('165', '1');
INSERT INTO `contrexx_access_group_static_ids` (`access_id`, `group_id`) VALUES ('165', '9');
INSERT INTO `contrexx_access_group_static_ids` (`access_id`, `group_id`) VALUES ('166', '1');
INSERT INTO `contrexx_access_group_static_ids` (`access_id`, `group_id`) VALUES ('166', '2');
INSERT INTO `contrexx_access_group_static_ids` (`access_id`, `group_id`) VALUES ('166', '9');
INSERT INTO `contrexx_access_group_static_ids` (`access_id`, `group_id`) VALUES ('167', '1');
INSERT INTO `contrexx_access_group_static_ids` (`access_id`, `group_id`) VALUES ('167', '2');
INSERT INTO `contrexx_access_group_static_ids` (`access_id`, `group_id`) VALUES ('167', '9');
INSERT INTO `contrexx_access_group_static_ids` (`access_id`, `group_id`) VALUES ('168', '1');
INSERT INTO `contrexx_access_group_static_ids` (`access_id`, `group_id`) VALUES ('168', '2');
INSERT INTO `contrexx_access_group_static_ids` (`access_id`, `group_id`) VALUES ('168', '9');
INSERT INTO `contrexx_access_group_static_ids` (`access_id`, `group_id`) VALUES ('169', '1');
INSERT INTO `contrexx_access_group_static_ids` (`access_id`, `group_id`) VALUES ('169', '2');
INSERT INTO `contrexx_access_group_static_ids` (`access_id`, `group_id`) VALUES ('169', '9');
INSERT INTO `contrexx_access_group_static_ids` (`access_id`, `group_id`) VALUES ('170', '1');
INSERT INTO `contrexx_access_group_static_ids` (`access_id`, `group_id`) VALUES ('170', '9');
INSERT INTO `contrexx_access_group_static_ids` (`access_id`, `group_id`) VALUES ('171', '1');
INSERT INTO `contrexx_access_group_static_ids` (`access_id`, `group_id`) VALUES ('171', '2');
INSERT INTO `contrexx_access_group_static_ids` (`access_id`, `group_id`) VALUES ('172', '1');
INSERT INTO `contrexx_access_group_static_ids` (`access_id`, `group_id`) VALUES ('172', '2');
INSERT INTO `contrexx_access_group_static_ids` (`access_id`, `group_id`) VALUES ('174', '1');
INSERT INTO `contrexx_access_group_static_ids` (`access_id`, `group_id`) VALUES ('174', '2');
INSERT INTO `contrexx_access_group_static_ids` (`access_id`, `group_id`) VALUES ('175', '1');
INSERT INTO `contrexx_access_group_static_ids` (`access_id`, `group_id`) VALUES ('175', '2');
INSERT INTO `contrexx_access_group_static_ids` (`access_id`, `group_id`) VALUES ('176', '1');
INSERT INTO `contrexx_access_group_static_ids` (`access_id`, `group_id`) VALUES ('177', '1');
INSERT INTO `contrexx_access_group_static_ids` (`access_id`, `group_id`) VALUES ('178', '1');
INSERT INTO `contrexx_access_group_static_ids` (`access_id`, `group_id`) VALUES ('178', '2');
INSERT INTO `contrexx_access_group_static_ids` (`access_id`, `group_id`) VALUES ('178', '9');
INSERT INTO `contrexx_access_group_static_ids` (`access_id`, `group_id`) VALUES ('180', '1');
INSERT INTO `contrexx_access_group_static_ids` (`access_id`, `group_id`) VALUES ('180', '9');
INSERT INTO `contrexx_access_group_static_ids` (`access_id`, `group_id`) VALUES ('181', '1');
INSERT INTO `contrexx_access_group_static_ids` (`access_id`, `group_id`) VALUES ('181', '9');
INSERT INTO `contrexx_access_group_static_ids` (`access_id`, `group_id`) VALUES ('182', '1');
INSERT INTO `contrexx_access_group_static_ids` (`access_id`, `group_id`) VALUES ('182', '9');
INSERT INTO `contrexx_access_group_static_ids` (`access_id`, `group_id`) VALUES ('556', '1');
INSERT INTO `contrexx_access_group_static_ids` (`access_id`, `group_id`) VALUES ('556', '6');
INSERT INTO `contrexx_access_group_static_ids` (`access_id`, `group_id`) VALUES ('557', '1');

INSERT INTO `contrexx_access_settings` (`key`, `value`, `status`) VALUES ('assigne_to_groups', '3', '1');
INSERT INTO `contrexx_access_settings` (`key`, `value`, `status`) VALUES ('block_birthday_users', '10', '0');
INSERT INTO `contrexx_access_settings` (`key`, `value`, `status`) VALUES ('block_birthday_users_only_with_p', '', '0');
INSERT INTO `contrexx_access_settings` (`key`, `value`, `status`) VALUES ('block_birthday_users_pic', '', '0');
INSERT INTO `contrexx_access_settings` (`key`, `value`, `status`) VALUES ('block_currently_online_users', '10', '0');
INSERT INTO `contrexx_access_settings` (`key`, `value`, `status`) VALUES ('block_currently_online_users_onl', '', '0');
INSERT INTO `contrexx_access_settings` (`key`, `value`, `status`) VALUES ('block_currently_online_users_pic', '', '0');
INSERT INTO `contrexx_access_settings` (`key`, `value`, `status`) VALUES ('block_last_active_users', '10', '0');
INSERT INTO `contrexx_access_settings` (`key`, `value`, `status`) VALUES ('block_last_active_users_only_wit', '', '0');
INSERT INTO `contrexx_access_settings` (`key`, `value`, `status`) VALUES ('block_last_active_users_pic', '', '0');
INSERT INTO `contrexx_access_settings` (`key`, `value`, `status`) VALUES ('block_latest_reg_users', '5', '1');
INSERT INTO `contrexx_access_settings` (`key`, `value`, `status`) VALUES ('block_latest_reg_users_pic', '', '0');
INSERT INTO `contrexx_access_settings` (`key`, `value`, `status`) VALUES ('block_latest_registered_users', '10', '0');
INSERT INTO `contrexx_access_settings` (`key`, `value`, `status`) VALUES ('block_latest_registered_users_on', '', '0');
INSERT INTO `contrexx_access_settings` (`key`, `value`, `status`) VALUES ('default_email_access', 'members_only', '1');
INSERT INTO `contrexx_access_settings` (`key`, `value`, `status`) VALUES ('default_profile_access', 'members_only', '1');
INSERT INTO `contrexx_access_settings` (`key`, `value`, `status`) VALUES ('max_pic_height', '600', '1');
INSERT INTO `contrexx_access_settings` (`key`, `value`, `status`) VALUES ('max_pic_size', '199987.2', '1');
INSERT INTO `contrexx_access_settings` (`key`, `value`, `status`) VALUES ('max_pic_width', '600', '1');
INSERT INTO `contrexx_access_settings` (`key`, `value`, `status`) VALUES ('max_profile_pic_height', '160', '1');
INSERT INTO `contrexx_access_settings` (`key`, `value`, `status`) VALUES ('max_profile_pic_size', '30003.2', '1');
INSERT INTO `contrexx_access_settings` (`key`, `value`, `status`) VALUES ('max_profile_pic_width', '160', '1');
INSERT INTO `contrexx_access_settings` (`key`, `value`, `status`) VALUES ('max_thumbnail_pic_height', '130', '1');
INSERT INTO `contrexx_access_settings` (`key`, `value`, `status`) VALUES ('max_thumbnail_pic_width', '130', '1');
INSERT INTO `contrexx_access_settings` (`key`, `value`, `status`) VALUES ('notification_address', 'info@example.com', '1');
INSERT INTO `contrexx_access_settings` (`key`, `value`, `status`) VALUES ('profile_thumbnail_method', 'crop', '1');
INSERT INTO `contrexx_access_settings` (`key`, `value`, `status`) VALUES ('profile_thumbnail_pic_height', '60', '1');
INSERT INTO `contrexx_access_settings` (`key`, `value`, `status`) VALUES ('profile_thumbnail_pic_width', '80', '1');
INSERT INTO `contrexx_access_settings` (`key`, `value`, `status`) VALUES ('profile_thumbnail_scale_color', '#FFFFFF', '1');
INSERT INTO `contrexx_access_settings` (`key`, `value`, `status`) VALUES ('session_user_interval', '0', '1');
INSERT INTO `contrexx_access_settings` (`key`, `value`, `status`) VALUES ('sociallogin', '', '0');
INSERT INTO `contrexx_access_settings` (`key`, `value`, `status`) VALUES ('sociallogin_activation_timeout', '10', '0');
INSERT INTO `contrexx_access_settings` (`key`, `value`, `status`) VALUES ('sociallogin_active_automatically', '', '1');
INSERT INTO `contrexx_access_settings` (`key`, `value`, `status`) VALUES ('sociallogin_assign_to_groups', '3', '0');
INSERT INTO `contrexx_access_settings` (`key`, `value`, `status`) VALUES ('sociallogin_show_signup', '', '0');
INSERT INTO `contrexx_access_settings` (`key`, `value`, `status`) VALUES ('use_usernames', '0', '0');
INSERT INTO `contrexx_access_settings` (`key`, `value`, `status`) VALUES ('user_accept_tos_on_signup', '', '1');
INSERT INTO `contrexx_access_settings` (`key`, `value`, `status`) VALUES ('user_activation', '', '0');
INSERT INTO `contrexx_access_settings` (`key`, `value`, `status`) VALUES ('user_activation_timeout', '1', '0');
INSERT INTO `contrexx_access_settings` (`key`, `value`, `status`) VALUES ('user_captcha', '', '1');
INSERT INTO `contrexx_access_settings` (`key`, `value`, `status`) VALUES ('user_config_email_access', '', '1');
INSERT INTO `contrexx_access_settings` (`key`, `value`, `status`) VALUES ('user_config_profile_access', '', '1');
INSERT INTO `contrexx_access_settings` (`key`, `value`, `status`) VALUES ('user_delete_account', '', '1');

INSERT INTO `contrexx_access_user_groups` (`group_id`, `group_name`, `group_description`, `is_active`, `type`, `homepage`) VALUES ('1', 'Manager', 'Administrator', '1', 'backend', '');
INSERT INTO `contrexx_access_user_groups` (`group_id`, `group_name`, `group_description`, `is_active`, `type`, `homepage`) VALUES ('3', 'Community', 'Community', '1', 'frontend', '');
INSERT INTO `contrexx_access_user_groups` (`group_id`, `group_name`, `group_description`, `is_active`, `type`, `homepage`) VALUES ('9', 'Moderator', 'Inhaltspflege und Statistiken', '1', 'backend', '');
INSERT INTO `contrexx_access_user_groups` (`group_id`, `group_name`, `group_description`, `is_active`, `type`, `homepage`) VALUES ('6', 'Customer', 'Customer im Shop', '1', 'frontend', '');
INSERT INTO `contrexx_access_user_groups` (`group_id`, `group_name`, `group_description`, `is_active`, `type`, `homepage`) VALUES ('7', 'Reseller', 'Reseller im Shop', '1', 'frontend', '');

INSERT INTO `contrexx_access_user_mail` (`type`, `lang_id`, `sender_mail`, `sender_name`, `subject`, `format`, `body_text`, `body_html`) VALUES ('reg_confirm', '0', 'info@example.com', 'admin', 'Benutzerregistrierung bestätigen', 'text', 'Hallo [[USERNAME]],\r\n\r\nVielen Dank für Ihre Anmeldung bei [[HOST]].\r\nBitte klicken Sie auf den folgenden Link, um Ihre E-Mail-Adresse zu bestätigen:\r\n[[ACTIVATION_LINK]]\r\n\r\nUm sich später einzuloggen, geben Sie bitte Ihren Benutzernamen \"[[USERNAME]]\" und das Passwort ein, das Sie bei der Registrierung festgelegt haben.\r\n\r\n\r\n--\r\nIhr [[SENDER]]', '');
INSERT INTO `contrexx_access_user_mail` (`type`, `lang_id`, `sender_mail`, `sender_name`, `subject`, `format`, `body_text`, `body_html`) VALUES ('reset_pw', '0', 'support@cloudrexx.com', 'Cloudrexx', 'Cloudrexx Kennwort zurücksetzen', 'multipart', 'Guten Tag,\r\n\r\nUm ein neues Kennwort zu setzen, müssen Sie auf die unten aufgeführte URL gehen und dort Ihr neues Kennwort definieren.\r\n\r\nWICHTIG: Die Gültigkeit der URL wird nach 60 Minuten verfallen, nachdem diese E-Mail abgeschickt wurde.\r\nFalls Sie mehr Zeit benötigen, geben Sie Ihre E-Mail Adresse einfach ein weiteres Mal ein.\r\n\r\nIhre URL:\r\n[[URL]]\r\n\r\n\r\n--\r\n[[SENDER]]', '<html>\r\n<head>\r\n	<title></title>\r\n</head>\r\n<body style=\"cursor: auto;\">\r\n<style type=\"text/css\">*, html, body, table {\r\n                padding: 0;\r\n                margin: 0;\r\n                font-size: 14px;\r\n                font-family: arial;\r\n                line-height: 1.5;\r\n                color: #000000;\r\n            }\r\n            body {\r\n                background-color: #fff;\r\n            }\r\n            a {\r\n                color: #0071bc;\r\n                text-decoration: none;\r\n            }\r\n</style>\r\n<table bgcolor=\"#fff\" border=\"0\" cellpadding=\"0\" cellspacing=\"0\" width=\"100%\">\r\n	<tbody>\r\n		<tr>\r\n			<td bgcolor=\"#0071bc\" style=\"height:75px;\">\r\n			<div align=\"center\">\r\n			<table border=\"0\" cellpadding=\"0\" cellspacing=\"0\" width=\"596\">\r\n				<tbody>\r\n					<tr>\r\n						<td align=\"left\" style=\"padding-top: 15px; padding-bottom: 12px;\"><img alt=\"logo\" src=\"https://media.cloudrexx.com/1.0.0/cloudrexx_logo_145x25.png\" /></td>\r\n						<td align=\"right\" style=\"padding-top: 12px; padding-bottom: 12px;\"><span style=\"color:#fff; font-size: 18px;  font-family: arial;\">Ihre Cloudrexx Website</span></td>\r\n					</tr>\r\n				</tbody>\r\n			</table>\r\n			</div>\r\n			</td>\r\n		</tr>\r\n		<tr>\r\n			<td>&nbsp;</td>\r\n		</tr>\r\n		<tr>\r\n			<td>\r\n			<div align=\"center\">\r\n			<table border=\"0\" cellpadding=\"0\" cellspacing=\"0\" width=\"480\">\r\n				<tbody>\r\n					<tr>\r\n						<td style=\"padding-bottom: 7px;\">\r\n						<h1 style=\" font-size: 25px; font-family: arial;\">Kennwort zur&uuml;ck setzen!</h1>\r\n						</td>\r\n					</tr>\r\n					<tr>\r\n						<td style=\"padding-bottom: 13px;  font-family: arial; font-size:14px\"><br />\r\n						F&uuml;r Ihre Cloudrexx Konto wurde eine Kennwort-R&uuml;cksetzung beantragt.<br />\r\n						<br />\r\n						Falls diese Anfrage nicht von Ihnen ausgegangen ist, k&ouml;nnen Sie diese Nachricht ignorieren.<br />\r\n						<br />\r\n						Klicken Sie <a href=\"[[URL]]\">hier</a> um jetzt ein neues Kennwort zu definieren.<br />\r\n						<br />\r\n						<em>WICHTIG: Die G&uuml;ltigkeit dieser Anfrage wird nach einer Stunde verfallen, nachdem diese E-Mail abgeschickt wurde.<br />\r\n						Falls Sie mehr Zeit ben&ouml;tigen, beantragen Sie einfach eine erneute Kennwort-R&uuml;cksetzung.</em>\r\n						<h2 style=\"font-size: 19px;\">Support</h2>\r\n						<span style=\"line-height: 21px;\">Haben Sie noch Fragen? Antworten Sie einfach auf diese E-Mail oder melden Sie sich unter </span><a href=\"mailto:support@cloudrexx.com\" style=\"line-height: 21px;\">support@cloudrexx.com</a><span style=\"line-height: 21px;\">. Wir sind gerne f&uuml;r Sie da.<br />\r\n						<br />\r\n						Freundliche Gr&uuml;sse<br />\r\n						Ihr Cloudrexx-Team</span><br />\r\n						&nbsp;</td>\r\n					</tr>\r\n				</tbody>\r\n			</table>\r\n			</div>\r\n			</td>\r\n		</tr>\r\n		<tr>\r\n			<td style=\"border-top: 1px solid #B9B9B9\">\r\n			<div align=\"center\">\r\n			<table cellspacing=\"0\" width=\"596\">\r\n				<tbody>\r\n					<tr>\r\n						<td align=\"left\" style=\"font-family: arial; color: #939fa2; font-size: 11px; padding-top: 14px;\" width=\"50%\">&copy; 2014 Comvation AG</td>\r\n						<td align=\"right\" style=\"padding-top: 12px;\" width=\"33%\">&nbsp;</td>\r\n						<td align=\"right\" style=\"padding-top: 12px;\"><a href=\"https://www.cloudrexx.com/\" style=\"font-family: arial; color: #0071bc; font-size: 11px;\">www.cloudrexx.com</a></td>\r\n					</tr>\r\n				</tbody>\r\n			</table>\r\n			</div>\r\n			</td>\r\n		</tr>\r\n	</tbody>\r\n</table>\r\n</body>\r\n</html>\r\n');
INSERT INTO `contrexx_access_user_mail` (`type`, `lang_id`, `sender_mail`, `sender_name`, `subject`, `format`, `body_text`, `body_html`) VALUES ('user_activated', '0', 'info@example.com', 'admin', 'Ihr Benutzerkonto wurde aktiviert', 'text', 'Hallo [[USERNAME]],\r\n\r\nIhr Benutzerkonto auf [[HOST]] wurde soeben aktiviert und kann von nun an verwendet werden.\r\n\r\n\r\n--\r\n[[SENDER]]', '');
INSERT INTO `contrexx_access_user_mail` (`type`, `lang_id`, `sender_mail`, `sender_name`, `subject`, `format`, `body_text`, `body_html`) VALUES ('user_deactivated', '0', 'info@example.com', 'admin', 'Ihr Benutzerkonto wurde deaktiviert', 'text', 'Hallo [[USERNAME]],\r\n\r\nIhr Benutzerkonto auf [[HOST]] wurde soeben deaktiviert.\r\n\r\n\r\n--\r\n[[SENDER]]', '');
INSERT INTO `contrexx_access_user_mail` (`type`, `lang_id`, `sender_mail`, `sender_name`, `subject`, `format`, `body_text`, `body_html`) VALUES ('new_user', '0', 'info@example.com', 'admin', 'Ein neuer Benutzer hat sich registriert', 'text', 'Der Benutzer [[USERNAME]] hat sich soeben registriert und muss nun frei geschaltet werden.\r\n\r\nÜber die folgende Adresse kann das Benutzerkonto von [[USERNAME]] verwaltet werden:\r\n[[LINK]]\r\n\r\n\r\n--\r\n[[SENDER]]', '');

INSERT INTO `contrexx_access_user_title` (`id`, `title`, `order_id`) VALUES ('1', 'Sehr geehrte Frau', '0');
INSERT INTO `contrexx_access_user_title` (`id`, `title`, `order_id`) VALUES ('2', 'Sehr geehrter Herr', '0');
INSERT INTO `contrexx_access_user_title` (`id`, `title`, `order_id`) VALUES ('3', 'Dear Ms', '0');
INSERT INTO `contrexx_access_user_title` (`id`, `title`, `order_id`) VALUES ('4', 'Dear Mr', '0');
INSERT INTO `contrexx_access_user_title` (`id`, `title`, `order_id`) VALUES ('5', 'Madame', '0');
INSERT INTO `contrexx_access_user_title` (`id`, `title`, `order_id`) VALUES ('6', 'Monsieur', '0');

INSERT INTO `contrexx_access_user_validity` (`validity`) VALUES ('0');
INSERT INTO `contrexx_access_user_validity` (`validity`) VALUES ('1');
INSERT INTO `contrexx_access_user_validity` (`validity`) VALUES ('15');
INSERT INTO `contrexx_access_user_validity` (`validity`) VALUES ('31');
INSERT INTO `contrexx_access_user_validity` (`validity`) VALUES ('62');
INSERT INTO `contrexx_access_user_validity` (`validity`) VALUES ('92');
INSERT INTO `contrexx_access_user_validity` (`validity`) VALUES ('123');
INSERT INTO `contrexx_access_user_validity` (`validity`) VALUES ('184');
INSERT INTO `contrexx_access_user_validity` (`validity`) VALUES ('366');
INSERT INTO `contrexx_access_user_validity` (`validity`) VALUES ('731');

INSERT INTO `contrexx_backend_areas` (`area_id`, `parent_area_id`, `type`, `area_name`, `is_active`, `uri`, `target`, `module_id`, `order_id`, `access_id` ,`scope`) VALUES (1, 0, 'group', 'TXT_CONTENT_MANAGEMENT', 1, '', '_self', 0, 2, 1 , 'backend' );
INSERT INTO `contrexx_backend_areas` (`area_id`, `parent_area_id`, `type`, `area_name`, `is_active`, `uri`, `target`, `module_id`, `order_id`, `access_id` ,`scope`) VALUES (2, 0, 'group', 'TXT_MODULE', 1, '', '_self', 0, 10, 2 , 'backend' );
INSERT INTO `contrexx_backend_areas` (`area_id`, `parent_area_id`, `type`, `area_name`, `is_active`, `uri`, `target`, `module_id`, `order_id`, `access_id` ,`scope`) VALUES (3, 0, 'group', 'TXT_ADMINISTRATION', 1, '', '_self', 0, 13, 3 , 'backend' );
INSERT INTO `contrexx_backend_areas` (`area_id`, `parent_area_id`, `type`, `area_name`, `is_active`, `uri`, `target`, `module_id`, `order_id`, `access_id` ,`scope`) VALUES (203, 0, 'group', 'TXT_NEWS_MANAGER', 1, '', '_self', 4, 3, 178 , 'backend' );
INSERT INTO `contrexx_backend_areas` (`area_id`, `parent_area_id`, `type`, `area_name`, `is_active`, `uri`, `target`, `module_id`, `order_id`, `access_id` ,`scope`) VALUES (8, 0, 'group', 'TXT_CORE_ECOMMERCE', 1, '', '_self', 0, 5, 4 , 'backend' );
INSERT INTO `contrexx_backend_areas` (`area_id`, `parent_area_id`, `type`, `area_name`, `is_active`, `uri`, `target`, `module_id`, `order_id`, `access_id` ,`scope`) VALUES (15, 0, 'group', 'TXT_CORE_MEDIA', 1, '', '_self', 0, 4, 162 , 'backend' );
INSERT INTO `contrexx_backend_areas` (`area_id`, `parent_area_id`, `type`, `area_name`, `is_active`, `uri`, `target`, `module_id`, `order_id`, `access_id` ,`scope`) VALUES (28, 0, 'group', 'TXT_CORE_STATS', 1, '', '_self', 2, 11, 163 , 'backend' );
INSERT INTO `contrexx_backend_areas` (`area_id`, `parent_area_id`, `type`, `area_name`, `is_active`, `uri`, `target`, `module_id`, `order_id`, `access_id` ,`scope`) VALUES (29, 0, 'group', 'TXT_CORE_EMAIL_MARKETING', 1, '', '_self', 0, 9, 152 , 'backend' );
INSERT INTO `contrexx_backend_areas` (`area_id`, `parent_area_id`, `type`, `area_name`, `is_active`, `uri`, `target`, `module_id`, `order_id`, `access_id` ,`scope`) VALUES (177, 0, 'function', 'Json Adapter', 1, 'index.php?cmd=JsonData', '_self', 63, 0, 0 , 'global' );
INSERT INTO `contrexx_backend_areas` (`area_id`, `parent_area_id`, `type`, `area_name`, `is_active`, `uri`, `target`, `module_id`, `order_id`, `access_id` ,`scope`) VALUES (178, 0, 'function', 'File Browser', 1, 'index.php?cmd=FileBrowser', '_self', 26, 0, 0 , 'global' );
INSERT INTO `contrexx_backend_areas` (`area_id`, `parent_area_id`, `type`, `area_name`, `is_active`, `uri`, `target`, `module_id`, `order_id`, `access_id` ,`scope`) VALUES (189, 0, 'group', 'TXT_CRM_MODULE_DESCRIPTION', 1, '', '_self', 0, 6, 556 , 'backend' );
INSERT INTO `contrexx_backend_areas` (`area_id`, `parent_area_id`, `type`, `area_name`, `is_active`, `uri`, `target`, `module_id`, `order_id`, `access_id` ,`scope`) VALUES (180, 0, 'function', 'TXT_SEARCH', 1, 'index.php?cmd=Search', '_self', 5, 0, 0 , 'global' );
INSERT INTO `contrexx_backend_areas` (`area_id`, `parent_area_id`, `type`, `area_name`, `is_active`, `uri`, `target`, `module_id`, `order_id`, `access_id` ,`scope`) VALUES (181, 0, 'function', 'TXT_UPLOAD', 1, 'index.php?cmd=Upload', '_self', 52, 0, 0 , 'global' );
INSERT INTO `contrexx_backend_areas` (`area_id`, `parent_area_id`, `type`, `area_name`, `is_active`, `uri`, `target`, `module_id`, `order_id`, `access_id` ,`scope`) VALUES (183, 0, 'function', 'TXT_LOGOUT', 1, 'index.php?cmd=logout', '_self', 67, 0, 0 , 'global' );
INSERT INTO `contrexx_backend_areas` (`area_id`, `parent_area_id`, `type`, `area_name`, `is_active`, `uri`, `target`, `module_id`, `order_id`, `access_id` ,`scope`) VALUES (184, 0, 'group', 'TXT_HOME', 1, '', '_self', 1, 1, 0 , 'backend' );
INSERT INTO `contrexx_backend_areas` (`area_id`, `parent_area_id`, `type`, `area_name`, `is_active`, `uri`, `target`, `module_id`, `order_id`, `access_id` ,`scope`) VALUES (5, 1, 'navigation', 'TXT_NEW_PAGE', 1, 'index.php?cmd=ContentManager&act=new', '_self', 1, 1, 5 , 'backend' );
INSERT INTO `contrexx_backend_areas` (`area_id`, `parent_area_id`, `type`, `area_name`, `is_active`, `uri`, `target`, `module_id`, `order_id`, `access_id` ,`scope`) VALUES (6, 1, 'navigation', 'TXT_CONTENT_MANAGER', 1, 'index.php?cmd=ContentManager', '_self', 1, 2, 6 , 'backend' );
INSERT INTO `contrexx_backend_areas` (`area_id`, `parent_area_id`, `type`, `area_name`, `is_active`, `uri`, `target`, `module_id`, `order_id`, `access_id` ,`scope`) VALUES (76, 1, 'navigation', 'TXT_BLOCK_SYSTEM', 1, 'index.php?cmd=Block', '_self', 7, 6, 76 , 'backend' );
INSERT INTO `contrexx_backend_areas` (`area_id`, `parent_area_id`, `type`, `area_name`, `is_active`, `uri`, `target`, `module_id`, `order_id`, `access_id` ,`scope`) VALUES (90, 1, 'navigation', 'TXT_CONTACTS', 1, 'index.php?cmd=Contact', '_self', 6, 4, 84 , 'backend' );
INSERT INTO `contrexx_backend_areas` (`area_id`, `parent_area_id`, `type`, `area_name`, `is_active`, `uri`, `target`, `module_id`, `order_id`, `access_id` ,`scope`) VALUES (9, 2, 'navigation', 'TXT_GUESTBOOK', 1, 'index.php?cmd=GuestBook', '_self', 10, 0, 9 , 'backend' );
INSERT INTO `contrexx_backend_areas` (`area_id`, `parent_area_id`, `type`, `area_name`, `is_active`, `uri`, `target`, `module_id`, `order_id`, `access_id` ,`scope`) VALUES (11, 2, 'navigation', 'TXT_DOC_SYS_MANAGER', 1, 'index.php?cmd=DocSys', '_self', 19, 0, 11 , 'backend' );
INSERT INTO `contrexx_backend_areas` (`area_id`, `parent_area_id`, `type`, `area_name`, `is_active`, `uri`, `target`, `module_id`, `order_id`, `access_id` ,`scope`) VALUES (12, 2, 'navigation', 'TXT_THUMBNAIL_GALLERY', 1, 'index.php?cmd=Gallery', '_self', 3, 0, 12 , 'backend' );
INSERT INTO `contrexx_backend_areas` (`area_id`, `parent_area_id`, `type`, `area_name`, `is_active`, `uri`, `target`, `module_id`, `order_id`, `access_id` ,`scope`) VALUES (14, 2, 'navigation', 'TXT_VOTING', 1, 'index.php?cmd=Voting', '_self', 17, 0, 14 , 'backend' );
INSERT INTO `contrexx_backend_areas` (`area_id`, `parent_area_id`, `type`, `area_name`, `is_active`, `uri`, `target`, `module_id`, `order_id`, `access_id` ,`scope`) VALUES (16, 2, 'navigation', 'TXT_CALENDAR', 1, 'index.php?cmd=Calendar', '_self', 21, 0, 16 , 'backend' );
INSERT INTO `contrexx_backend_areas` (`area_id`, `parent_area_id`, `type`, `area_name`, `is_active`, `uri`, `target`, `module_id`, `order_id`, `access_id` ,`scope`) VALUES (27, 2, 'navigation', 'TXT_NEWS_SYNDICATION', 1, 'index.php?cmd=Feed', '_self', 22, 0, 27 , 'backend' );
INSERT INTO `contrexx_backend_areas` (`area_id`, `parent_area_id`, `type`, `area_name`, `is_active`, `uri`, `target`, `module_id`, `order_id`, `access_id` ,`scope`) VALUES (59, 2, 'navigation', 'TXT_LINKS_MODULE_DESCRIPTION', 1, 'index.php?cmd=Directory', '_self', 12, 0, 59 , 'backend' );
INSERT INTO `contrexx_backend_areas` (`area_id`, `parent_area_id`, `type`, `area_name`, `is_active`, `uri`, `target`, `module_id`, `order_id`, `access_id` ,`scope`) VALUES (64, 2, 'navigation', 'TXT_RECOMMEND', 1, 'index.php?cmd=Recommend', '_self', 27, 0, 64 , 'backend' );
INSERT INTO `contrexx_backend_areas` (`area_id`, `parent_area_id`, `type`, `area_name`, `is_active`, `uri`, `target`, `module_id`, `order_id`, `access_id` ,`scope`) VALUES (82, 2, 'navigation', 'TXT_LIVECAM', 1, 'index.php?cmd=Livecam', '_self', 30, 0, 82 , 'backend' );
INSERT INTO `contrexx_backend_areas` (`area_id`, `parent_area_id`, `type`, `area_name`, `is_active`, `uri`, `target`, `module_id`, `order_id`, `access_id` ,`scope`) VALUES (89, 2, 'navigation', 'TXT_MEMBERDIR', 1, 'index.php?cmd=MemberDir', '_self', 31, 0, 83 , 'backend' );
INSERT INTO `contrexx_backend_areas` (`area_id`, `parent_area_id`, `type`, `area_name`, `is_active`, `uri`, `target`, `module_id`, `order_id`, `access_id` ,`scope`) VALUES (93, 2, 'navigation', 'TXT_PODCAST', 1, 'index.php?cmd=Podcast', '_self', 35, 0, 87 , 'backend' );
INSERT INTO `contrexx_backend_areas` (`area_id`, `parent_area_id`, `type`, `area_name`, `is_active`, `uri`, `target`, `module_id`, `order_id`, `access_id` ,`scope`) VALUES (98, 2, 'navigation', 'TXT_MARKET_MODULE_DESCRIPTION', 1, 'index.php?cmd=Market', '_self', 33, 0, 98 , 'backend' );
INSERT INTO `contrexx_backend_areas` (`area_id`, `parent_area_id`, `type`, `area_name`, `is_active`, `uri`, `target`, `module_id`, `order_id`, `access_id` ,`scope`) VALUES (106, 2, 'navigation', 'TXT_FORUM', 1, 'index.php?cmd=Forum', '_self', 20, 0, 106 , 'backend' );
INSERT INTO `contrexx_backend_areas` (`area_id`, `parent_area_id`, `type`, `area_name`, `is_active`, `uri`, `target`, `module_id`, `order_id`, `access_id` ,`scope`) VALUES (109, 2, 'navigation', 'TXT_EGOVERNMENT', 1, 'index.php?cmd=Egov', '_self', 38, 0, 109 , 'backend' );
INSERT INTO `contrexx_backend_areas` (`area_id`, `parent_area_id`, `type`, `area_name`, `is_active`, `uri`, `target`, `module_id`, `order_id`, `access_id` ,`scope`) VALUES (128, 2, 'navigation', 'TXT_DATA_MODULE', 1, 'index.php?cmd=Data&act=manageEntry', '_self', 48, 0, 146 , 'backend' );
INSERT INTO `contrexx_backend_areas` (`area_id`, `parent_area_id`, `type`, `area_name`, `is_active`, `uri`, `target`, `module_id`, `order_id`, `access_id` ,`scope`) VALUES (130, 2, 'navigation', 'TXT_ECARD', 1, 'index.php?cmd=Ecard', '_self', 49, 0, 151 , 'backend' );
INSERT INTO `contrexx_backend_areas` (`area_id`, `parent_area_id`, `type`, `area_name`, `is_active`, `uri`, `target`, `module_id`, `order_id`, `access_id` ,`scope`) VALUES (134, 2, 'navigation', 'TXT_U2U_MODULE', 1, 'index.php?cmd=U2u', '_self', 54, 0, 149 , 'backend' );
INSERT INTO `contrexx_backend_areas` (`area_id`, `parent_area_id`, `type`, `area_name`, `is_active`, `uri`, `target`, `module_id`, `order_id`, `access_id` ,`scope`) VALUES (135, 2, 'navigation', 'TXT_KNOWLEDGE', 1, 'index.php?cmd=Knowledge', '_self', 56, 0, 129 , 'backend' );
INSERT INTO `contrexx_backend_areas` (`area_id`, `parent_area_id`, `type`, `area_name`, `is_active`, `uri`, `target`, `module_id`, `order_id`, `access_id` ,`scope`) VALUES (141, 2, 'navigation', 'TXT_JOBS_MODULE', 1, 'index.php?cmd=Jobs', '_self', 57, 0, 148 , 'backend' );
INSERT INTO `contrexx_backend_areas` (`area_id`, `parent_area_id`, `type`, `area_name`, `is_active`, `uri`, `target`, `module_id`, `order_id`, `access_id` ,`scope`) VALUES (153, 2, 'navigation', 'TXT_MEDIADIR_MODULE', 1, 'index.php?cmd=MediaDir', '_self', 60, 0, 153 , 'global' );
INSERT INTO `contrexx_backend_areas` (`area_id`, `parent_area_id`, `type`, `area_name`, `is_active`, `uri`, `target`, `module_id`, `order_id`, `access_id` ,`scope`) VALUES (17, 3, 'navigation', 'TXT_SYSTEM_SETTINGS', 1, 'index.php?cmd=Config', '_self', 80, 1, 17 , 'backend' );
INSERT INTO `contrexx_backend_areas` (`area_id`, `parent_area_id`, `type`, `area_name`, `is_active`, `uri`, `target`, `module_id`, `order_id`, `access_id` ,`scope`) VALUES (18, 3, 'navigation', 'TXT_USER_ADMINISTRATION', 1, 'index.php?cmd=Access', '_self', 23, 3, 18 , 'backend' );
INSERT INTO `contrexx_backend_areas` (`area_id`, `parent_area_id`, `type`, `area_name`, `is_active`, `uri`, `target`, `module_id`, `order_id`, `access_id` ,`scope`) VALUES (21, 3, 'navigation', 'TXT_DESIGN_MANAGEMENT', 1, 'index.php?cmd=ViewManager', '_self', 75, 4, 21 , 'backend' );
INSERT INTO `contrexx_backend_areas` (`area_id`, `parent_area_id`, `type`, `area_name`, `is_active`, `uri`, `target`, `module_id`, `order_id`, `access_id` ,`scope`) VALUES (23, 3, 'navigation', 'TXT_MODULE_MANAGER', 1, 'index.php?cmd=ComponentManager', '_self', 76, 6, 23 , 'backend' );
INSERT INTO `contrexx_backend_areas` (`area_id`, `parent_area_id`, `type`, `area_name`, `is_active`, `uri`, `target`, `module_id`, `order_id`, `access_id` ,`scope`) VALUES (110, 3, 'navigation', 'TXT_ALIAS_ADMINISTRATION', 1, 'index.php?cmd=Alias', '_self', 41, 7, 115 , 'backend' );
INSERT INTO `contrexx_backend_areas` (`area_id`, `parent_area_id`, `type`, `area_name`, `is_active`, `uri`, `target`, `module_id`, `order_id`, `access_id` ,`scope`) VALUES (127, 5, 'function', 'TXT_NEW_PAGE_ON_FIRST_LEVEL', 1, '', '_self', 1, 1, 127 , 'backend' );
INSERT INTO `contrexx_backend_areas` (`area_id`, `parent_area_id`, `type`, `area_name`, `is_active`, `uri`, `target`, `module_id`, `order_id`, `access_id` ,`scope`) VALUES (26, 6, 'function', 'TXT_DELETE_PAGES', 1, '', '_self', 0, 0, 26 , 'backend' );
INSERT INTO `contrexx_backend_areas` (`area_id`, `parent_area_id`, `type`, `area_name`, `is_active`, `uri`, `target`, `module_id`, `order_id`, `access_id` ,`scope`) VALUES (35, 6, 'function', 'TXT_EDIT_PAGES', 1, '', '_self', 0, 0, 35 , 'backend' );
INSERT INTO `contrexx_backend_areas` (`area_id`, `parent_area_id`, `type`, `area_name`, `is_active`, `uri`, `target`, `module_id`, `order_id`, `access_id` ,`scope`) VALUES (36, 6, 'function', 'TXT_ACCESS_CONTROL', 1, '', '_self', 0, 0, 36 , 'backend' );
INSERT INTO `contrexx_backend_areas` (`area_id`, `parent_area_id`, `type`, `area_name`, `is_active`, `uri`, `target`, `module_id`, `order_id`, `access_id` ,`scope`) VALUES (53, 6, 'function', 'TXT_COPY_DELETE_SITES', 1, '', '_self', 0, 0, 53 , 'backend' );
INSERT INTO `contrexx_backend_areas` (`area_id`, `parent_area_id`, `type`, `area_name`, `is_active`, `uri`, `target`, `module_id`, `order_id`, `access_id` ,`scope`) VALUES (161, 6, 'function', 'TXT_MOVE_NODE', 1, 'index.php?cmd=ContentManager', '_self', 1, 8, 160 , 'backend' );
INSERT INTO `contrexx_backend_areas` (`area_id`, `parent_area_id`, `type`, `area_name`, `is_active`, `uri`, `target`, `module_id`, `order_id`, `access_id` ,`scope`) VALUES (38, 7, 'function', 'TXT_MODIFY_MEDIA_FILES', 1, '', '_self', 0, 0, 38 , 'backend' );
INSERT INTO `contrexx_backend_areas` (`area_id`, `parent_area_id`, `type`, `area_name`, `is_active`, `uri`, `target`, `module_id`, `order_id`, `access_id` ,`scope`) VALUES (39, 7, 'function', 'TXT_UPLOAD_MEDIA_FILES', 1, '', '_self', 0, 0, 39 , 'backend' );
INSERT INTO `contrexx_backend_areas` (`area_id`, `parent_area_id`, `type`, `area_name`, `is_active`, `uri`, `target`, `module_id`, `order_id`, `access_id` ,`scope`) VALUES (13, 8, 'navigation', 'TXT_SHOP', 1, 'index.php?cmd=Shop', '_self', 16, 1, 13 , 'backend' );
INSERT INTO `contrexx_backend_areas` (`area_id`, `parent_area_id`, `type`, `area_name`, `is_active`, `uri`, `target`, `module_id`, `order_id`, `access_id` ,`scope`) VALUES (152, 10, 'function', 'TXT_SUBMIT_NEWS', 1, '', '_self', 8, 0, 61 , 'frontend' );
INSERT INTO `contrexx_backend_areas` (`area_id`, `parent_area_id`, `type`, `area_name`, `is_active`, `uri`, `target`, `module_id`, `order_id`, `access_id` ,`scope`) VALUES (65, 12, 'function', 'TXT_GALLERY_MENU_OVERVIEW', 1, '', '_self', 3, 1, 65 , 'backend' );
INSERT INTO `contrexx_backend_areas` (`area_id`, `parent_area_id`, `type`, `area_name`, `is_active`, `uri`, `target`, `module_id`, `order_id`, `access_id` ,`scope`) VALUES (66, 12, 'function', 'TXT_GALLERY_MENU_NEW_CATEGORY', 1, '', '_self', 3, 2, 66 , 'backend' );
INSERT INTO `contrexx_backend_areas` (`area_id`, `parent_area_id`, `type`, `area_name`, `is_active`, `uri`, `target`, `module_id`, `order_id`, `access_id` ,`scope`) VALUES (67, 12, 'function', 'TXT_GALLERY_MENU_UPLOAD', 1, '', '_self', 3, 3, 67 , 'backend' );
INSERT INTO `contrexx_backend_areas` (`area_id`, `parent_area_id`, `type`, `area_name`, `is_active`, `uri`, `target`, `module_id`, `order_id`, `access_id` ,`scope`) VALUES (68, 12, 'function', 'TXT_GALLERY_MENU_IMPORT', 1, '', '_self', 3, 4, 68 , 'backend' );
INSERT INTO `contrexx_backend_areas` (`area_id`, `parent_area_id`, `type`, `area_name`, `is_active`, `uri`, `target`, `module_id`, `order_id`, `access_id` ,`scope`) VALUES (69, 12, 'function', 'TXT_GALLERY_MENU_VALIDATE', 1, '', '_self', 3, 5, 69 , 'backend' );
INSERT INTO `contrexx_backend_areas` (`area_id`, `parent_area_id`, `type`, `area_name`, `is_active`, `uri`, `target`, `module_id`, `order_id`, `access_id` ,`scope`) VALUES (70, 12, 'function', 'TXT_GALLERY_MENU_SETTINGS', 1, '', '_self', 3, 6, 70 , 'backend' );
INSERT INTO `contrexx_backend_areas` (`area_id`, `parent_area_id`, `type`, `area_name`, `is_active`, `uri`, `target`, `module_id`, `order_id`, `access_id` ,`scope`) VALUES (7, 15, 'navigation', 'TXT_MEDIA_MANAGER', 1, 'index.php?cmd=Media&archive=archive1', '_self', 1, 2, 7 , 'backend' );
INSERT INTO `contrexx_backend_areas` (`area_id`, `parent_area_id`, `type`, `area_name`, `is_active`, `uri`, `target`, `module_id`, `order_id`, `access_id` ,`scope`) VALUES (32, 15, 'navigation', 'TXT_IMAGE_ADMINISTRATION', 1, 'index.php?cmd=Media&archive=content', '_self', 1, 1, 32 , 'backend' );
INSERT INTO `contrexx_backend_areas` (`area_id`, `parent_area_id`, `type`, `area_name`, `is_active`, `uri`, `target`, `module_id`, `order_id`, `access_id` ,`scope`) VALUES (132, 15, 'navigation', 'TXT_DOWNLOADS', 1, 'index.php?cmd=Downloads', '_self', 53, 4, 141 , 'backend' );
INSERT INTO `contrexx_backend_areas` (`area_id`, `parent_area_id`, `type`, `area_name`, `is_active`, `uri`, `target`, `module_id`, `order_id`, `access_id` ,`scope`) VALUES (187, 15, 'navigation', 'TXT_FILESHARING_MODULE', 1, 'index.php?cmd=Media&archive=FileSharing', '_self', 68, 3, 8 , 'backend' );
INSERT INTO `contrexx_backend_areas` (`area_id`, `parent_area_id`, `type`, `area_name`, `is_active`, `uri`, `target`, `module_id`, `order_id`, `access_id` ,`scope`) VALUES (144, 16, 'function', 'TXT_ACCESS_COMMUNITY_EVENTS', 1, '', '_self', 21, 0, 145 , 'frontend' );
INSERT INTO `contrexx_backend_areas` (`area_id`, `parent_area_id`, `type`, `area_name`, `is_active`, `uri`, `target`, `module_id`, `order_id`, `access_id` ,`scope`) VALUES (199, 16, 'function', 'TXT_CALENDAR_ADMINEVENTS', 1, '', '_self', 21, 1, 180 , 'backend' );
INSERT INTO `contrexx_backend_areas` (`area_id`, `parent_area_id`, `type`, `area_name`, `is_active`, `uri`, `target`, `module_id`, `order_id`, `access_id` ,`scope`) VALUES (200, 16, 'function', 'TXT_CALENDAR_ADMINCATEGORIES', 1, '', '_self', 21, 2, 165 , 'backend' );
INSERT INTO `contrexx_backend_areas` (`area_id`, `parent_area_id`, `type`, `area_name`, `is_active`, `uri`, `target`, `module_id`, `order_id`, `access_id` ,`scope`) VALUES (201, 16, 'function', 'TXT_CALENDAR_SETTINGS', 1, '', '_self', 21, 4, 181 , 'backend' );
INSERT INTO `contrexx_backend_areas` (`area_id`, `parent_area_id`, `type`, `area_name`, `is_active`, `uri`, `target`, `module_id`, `order_id`, `access_id` ,`scope`) VALUES (202, 16, 'function', 'TXT_CALENDAR_ADMINREGISTRATIONS', 1, '', '_self', 21, 3, 182 , 'backend' );
INSERT INTO `contrexx_backend_areas` (`area_id`, `parent_area_id`, `type`, `area_name`, `is_active`, `uri`, `target`, `module_id`, `order_id`, `access_id` ,`scope`) VALUES (31, 18, 'function', 'TXT_EDIT_USERINFOS', 1, '', '_self', 0, 0, 31 , 'backend' );
INSERT INTO `contrexx_backend_areas` (`area_id`, `parent_area_id`, `type`, `area_name`, `is_active`, `uri`, `target`, `module_id`, `order_id`, `access_id` ,`scope`) VALUES (40, 19, 'function', 'TXT_SETTINGS', 1, '', '_self', 0, 0, 40 , 'backend' );
INSERT INTO `contrexx_backend_areas` (`area_id`, `parent_area_id`, `type`, `area_name`, `is_active`, `uri`, `target`, `module_id`, `order_id`, `access_id` ,`scope`) VALUES (41, 20, 'function', 'TXT_DBM_MAINTENANCE_TITLE', 1, '', '_self', 0, 0, 41 , 'backend' );
INSERT INTO `contrexx_backend_areas` (`area_id`, `parent_area_id`, `type`, `area_name`, `is_active`, `uri`, `target`, `module_id`, `order_id`, `access_id` ,`scope`) VALUES (46, 21, 'function', 'TXT_ACTIVATE_SKINS', 1, '', '_self', 0, 0, 46 , 'backend' );
INSERT INTO `contrexx_backend_areas` (`area_id`, `parent_area_id`, `type`, `area_name`, `is_active`, `uri`, `target`, `module_id`, `order_id`, `access_id` ,`scope`) VALUES (47, 21, 'function', 'TXT_EDIT_SKINS', 1, '', '_self', 0, 0, 47 , 'backend' );
INSERT INTO `contrexx_backend_areas` (`area_id`, `parent_area_id`, `type`, `area_name`, `is_active`, `uri`, `target`, `module_id`, `order_id`, `access_id` ,`scope`) VALUES (92, 21, 'function', 'TXT_THEME_IMPORT_EXPORT', 1, '', '_self', 0, 0, 102 , 'backend' );
INSERT INTO `contrexx_backend_areas` (`area_id`, `parent_area_id`, `type`, `area_name`, `is_active`, `uri`, `target`, `module_id`, `order_id`, `access_id` ,`scope`) VALUES (48, 22, 'function', 'TXT_EDIT_LANGUAGE_SETTINGS', 1, '', '_self', 0, 0, 48 , 'backend' );
INSERT INTO `contrexx_backend_areas` (`area_id`, `parent_area_id`, `type`, `area_name`, `is_active`, `uri`, `target`, `module_id`, `order_id`, `access_id` ,`scope`) VALUES (49, 22, 'function', 'TXT_DELETE_LANGUAGES', 1, '', '_self', 0, 0, 49 , 'backend' );
INSERT INTO `contrexx_backend_areas` (`area_id`, `parent_area_id`, `type`, `area_name`, `is_active`, `uri`, `target`, `module_id`, `order_id`, `access_id` ,`scope`) VALUES (50, 22, 'function', 'TXT_LANGUAGE_SETTINGS', 1, '', '_self', 0, 0, 50 , 'backend' );
INSERT INTO `contrexx_backend_areas` (`area_id`, `parent_area_id`, `type`, `area_name`, `is_active`, `uri`, `target`, `module_id`, `order_id`, `access_id` ,`scope`) VALUES (51, 23, 'function', 'TXT_REGISTER_MODULES', 1, '', '_self', 0, 0, 51 , 'backend' );
INSERT INTO `contrexx_backend_areas` (`area_id`, `parent_area_id`, `type`, `area_name`, `is_active`, `uri`, `target`, `module_id`, `order_id`, `access_id` ,`scope`) VALUES (52, 23, 'function', 'TXT_INST_REMO_MODULES', 1, '', '_self', 0, 0, 52 , 'backend' );
INSERT INTO `contrexx_backend_areas` (`area_id`, `parent_area_id`, `type`, `area_name`, `is_active`, `uri`, `target`, `module_id`, `order_id`, `access_id` ,`scope`) VALUES (166, 28, 'navigation', 'TXT_CORE_VISITOR_DETAILS', 1, 'index.php?cmd=Stats&stat=visitors', '_self', 1, 1, 166 , 'backend' );
INSERT INTO `contrexx_backend_areas` (`area_id`, `parent_area_id`, `type`, `area_name`, `is_active`, `uri`, `target`, `module_id`, `order_id`, `access_id` ,`scope`) VALUES (164, 28, 'navigation', 'TXT_CORE_VISITORS_AND_PAGE_VIEWS', 1, 'index.php?cmd=Stats&stat=requests', '_self', 1, 2, 164 , 'backend' );
INSERT INTO `contrexx_backend_areas` (`area_id`, `parent_area_id`, `type`, `area_name`, `is_active`, `uri`, `target`, `module_id`, `order_id`, `access_id` ,`scope`) VALUES (167, 28, 'navigation', 'TXT_CORE_REFERER', 1, 'index.php?cmd=Stats&stat=referer', '_self', 1, 3, 167 , 'backend' );
INSERT INTO `contrexx_backend_areas` (`area_id`, `parent_area_id`, `type`, `area_name`, `is_active`, `uri`, `target`, `module_id`, `order_id`, `access_id` ,`scope`) VALUES (168, 28, 'navigation', 'TXT_CORE_SEARCH_ENGINES', 1, 'index.php?cmd=Stats&stat=spiders', '_self', 1, 4, 168 , 'backend' );
INSERT INTO `contrexx_backend_areas` (`area_id`, `parent_area_id`, `type`, `area_name`, `is_active`, `uri`, `target`, `module_id`, `order_id`, `access_id` ,`scope`) VALUES (169, 28, 'navigation', 'TXT_CORE_SEARCH_TERMS', 1, 'index.php?cmd=Stats&stat=search', '_self', 1, 5, 169 , 'backend' );
INSERT INTO `contrexx_backend_areas` (`area_id`, `parent_area_id`, `type`, `area_name`, `is_active`, `uri`, `target`, `module_id`, `order_id`, `access_id` ,`scope`) VALUES (170, 28, 'navigation', 'TXT_STATS_SETTINGS', 1, 'index.php?cmd=Stats&stat=settings', '_self', 1, 6, 170 , 'backend' );
INSERT INTO `contrexx_backend_areas` (`area_id`, `parent_area_id`, `type`, `area_name`, `is_active`, `uri`, `target`, `module_id`, `order_id`, `access_id` ,`scope`) VALUES (172, 29, 'navigation', 'TXT_CORE_LISTS', 1, 'index.php?cmd=Newsletter&act=lists', '_self', 4, 2, 172 , 'backend' );
INSERT INTO `contrexx_backend_areas` (`area_id`, `parent_area_id`, `type`, `area_name`, `is_active`, `uri`, `target`, `module_id`, `order_id`, `access_id` ,`scope`) VALUES (171, 29, 'navigation', 'TXT_CORE_EMAIL_CAMPAIGNS', 1, 'index.php?cmd=Newsletter&act=mails', '_self', 4, 1, 171 , 'backend' );
INSERT INTO `contrexx_backend_areas` (`area_id`, `parent_area_id`, `type`, `area_name`, `is_active`, `uri`, `target`, `module_id`, `order_id`, `access_id` ,`scope`) VALUES (174, 29, 'navigation', 'TXT_CORE_RECIPIENTS', 1, 'index.php?cmd=Newsletter&act=users', '_self', 4, 4, 174 , 'backend' );
INSERT INTO `contrexx_backend_areas` (`area_id`, `parent_area_id`, `type`, `area_name`, `is_active`, `uri`, `target`, `module_id`, `order_id`, `access_id` ,`scope`) VALUES (175, 29, 'navigation', 'TXT_CORE_NEWS', 1, 'index.php?cmd=Newsletter&act=news', '_self', 4, 5, 175 , 'backend' );
INSERT INTO `contrexx_backend_areas` (`area_id`, `parent_area_id`, `type`, `area_name`, `is_active`, `uri`, `target`, `module_id`, `order_id`, `access_id` ,`scope`) VALUES (176, 29, 'navigation', 'TXT_NEWSLETTER_SETTINGS', 1, 'index.php?cmd=Newsletter&act=dispatch', '_self', 4, 6, 176 , 'backend' );
INSERT INTO `contrexx_backend_areas` (`area_id`, `parent_area_id`, `type`, `area_name`, `is_active`, `uri`, `target`, `module_id`, `order_id`, `access_id` ,`scope`) VALUES (145, 59, 'function', 'TXT_ADD_FILES', 1, '', '_self', 12, 0, 96 , 'global' );
INSERT INTO `contrexx_backend_areas` (`area_id`, `parent_area_id`, `type`, `area_name`, `is_active`, `uri`, `target`, `module_id`, `order_id`, `access_id` ,`scope`) VALUES (146, 59, 'function', 'TXT_MANAGE_FILES', 1, '', '_self', 12, 1, 94 , 'global' );
INSERT INTO `contrexx_backend_areas` (`area_id`, `parent_area_id`, `type`, `area_name`, `is_active`, `uri`, `target`, `module_id`, `order_id`, `access_id` ,`scope`) VALUES (147, 59, 'function', 'TXT_MANAGE_CONFIGURATION', 1, '', '_self', 12, 2, 92 , 'backend' );
INSERT INTO `contrexx_backend_areas` (`area_id`, `parent_area_id`, `type`, `area_name`, `is_active`, `uri`, `target`, `module_id`, `order_id`, `access_id` ,`scope`) VALUES (148, 59, 'function', 'TXT_CATEGORY_AND_LEVEL_MANAGEMENT', 1, '', '_self', 12, 3, 97 , 'backend' );
INSERT INTO `contrexx_backend_areas` (`area_id`, `parent_area_id`, `type`, `area_name`, `is_active`, `uri`, `target`, `module_id`, `order_id`, `access_id` ,`scope`) VALUES (77, 75, 'function', 'TXT_DELETED_RESTORE', 1, '', '_self', 0, 1, 77 , 'backend' );
INSERT INTO `contrexx_backend_areas` (`area_id`, `parent_area_id`, `type`, `area_name`, `is_active`, `uri`, `target`, `module_id`, `order_id`, `access_id` ,`scope`) VALUES (78, 75, 'function', 'TXT_WORKFLOW_VALIDATE', 1, '', '_self', 0, 1, 78 , 'backend' );
INSERT INTO `contrexx_backend_areas` (`area_id`, `parent_area_id`, `type`, `area_name`, `is_active`, `uri`, `target`, `module_id`, `order_id`, `access_id` ,`scope`) VALUES (91, 90, 'function', 'TXT_CONTACT_SETTINGS', 1, '', '_self', 6, 0, 85 , 'backend' );
INSERT INTO `contrexx_backend_areas` (`area_id`, `parent_area_id`, `type`, `area_name`, `is_active`, `uri`, `target`, `module_id`, `order_id`, `access_id` ,`scope`) VALUES (149, 98, 'function', 'TXT_ADD_ADVERTISEMENT', 1, '', '_self', 33, 0, 99 , 'frontend' );
INSERT INTO `contrexx_backend_areas` (`area_id`, `parent_area_id`, `type`, `area_name`, `is_active`, `uri`, `target`, `module_id`, `order_id`, `access_id` ,`scope`) VALUES (150, 98, 'function', 'TXT_MODIFY_ADVERTISEMENT', 1, '', '_self', 33, 1, 100 , 'frontend' );
INSERT INTO `contrexx_backend_areas` (`area_id`, `parent_area_id`, `type`, `area_name`, `is_active`, `uri`, `target`, `module_id`, `order_id`, `access_id` ,`scope`) VALUES (151, 98, 'function', 'TXT_DELETE_ADVERTISEMENT', 1, '', '_self', 33, 2, 101 , 'frontend' );
INSERT INTO `contrexx_backend_areas` (`area_id`, `parent_area_id`, `type`, `area_name`, `is_active`, `uri`, `target`, `module_id`, `order_id`, `access_id` ,`scope`) VALUES (107, 106, 'function', 'TXT_FORUM_MENU_CATEGORIES', 1, '', '_self', 20, 1, 107 , 'backend' );
INSERT INTO `contrexx_backend_areas` (`area_id`, `parent_area_id`, `type`, `area_name`, `is_active`, `uri`, `target`, `module_id`, `order_id`, `access_id` ,`scope`) VALUES (108, 106, 'function', 'TXT_FORUM_MENU_SETTINGS', 1, '', '_self', 20, 2, 108 , 'backend' );
INSERT INTO `contrexx_backend_areas` (`area_id`, `parent_area_id`, `type`, `area_name`, `is_active`, `uri`, `target`, `module_id`, `order_id`, `access_id` ,`scope`) VALUES (120, 119, 'function', 'TXT_BLOG_ENTRY_MANAGE_TITLE', 1, 'index.php?cmd=Blog&act=manageEntry', '_self', 47, 1, 120 , 'backend' );
INSERT INTO `contrexx_backend_areas` (`area_id`, `parent_area_id`, `type`, `area_name`, `is_active`, `uri`, `target`, `module_id`, `order_id`, `access_id` ,`scope`) VALUES (121, 119, 'function', 'TXT_BLOG_ENTRY_ADD_TITLE', 1, 'index.php?cmd=Blog&act=addEntry', '_self', 47, 2, 121 , 'backend' );
INSERT INTO `contrexx_backend_areas` (`area_id`, `parent_area_id`, `type`, `area_name`, `is_active`, `uri`, `target`, `module_id`, `order_id`, `access_id` ,`scope`) VALUES (122, 119, 'function', 'TXT_BLOG_CATEGORY_MANAGE_TITLE', 1, 'index.php?cmd=Blog&act=manageCategory', '_self', 47, 3, 122 , 'backend' );
INSERT INTO `contrexx_backend_areas` (`area_id`, `parent_area_id`, `type`, `area_name`, `is_active`, `uri`, `target`, `module_id`, `order_id`, `access_id` ,`scope`) VALUES (123, 119, 'function', 'TXT_BLOG_CATEGORY_ADD_TITLE', 1, 'index.php?cmd=Blog&act=addCategory', '_self', 47, 4, 123 , 'backend' );
INSERT INTO `contrexx_backend_areas` (`area_id`, `parent_area_id`, `type`, `area_name`, `is_active`, `uri`, `target`, `module_id`, `order_id`, `access_id` ,`scope`) VALUES (124, 119, 'function', 'TXT_BLOG_SETTINGS_TITLE', 1, 'index.php?cmd=Blog&act=settings', '_self', 47, 6, 124 , 'backend' );
INSERT INTO `contrexx_backend_areas` (`area_id`, `parent_area_id`, `type`, `area_name`, `is_active`, `uri`, `target`, `module_id`, `order_id`, `access_id` ,`scope`) VALUES (125, 119, 'function', 'TXT_BLOG_NETWORKS_TITLE', 1, 'index.php?cmd=Blog&act=networks', '_self', 47, 5, 125 , 'backend' );
INSERT INTO `contrexx_backend_areas` (`area_id`, `parent_area_id`, `type`, `area_name`, `is_active`, `uri`, `target`, `module_id`, `order_id`, `access_id` ,`scope`) VALUES (129, 128, 'function', 'TXT_DATA_ENTRY_MANAGE_TITLE', 1, 'index.php?cmd=data&act=manageEntry', '_self', 48, 1, 147 , 'backend' );
INSERT INTO `contrexx_backend_areas` (`area_id`, `parent_area_id`, `type`, `area_name`, `is_active`, `uri`, `target`, `module_id`, `order_id`, `access_id` ,`scope`) VALUES (133, 132, 'function', 'TXT_DOWNLOADS_ADMINISTER', 1, '', '_self', 53, 1, 142 , 'backend' );
INSERT INTO `contrexx_backend_areas` (`area_id`, `parent_area_id`, `type`, `area_name`, `is_active`, `uri`, `target`, `module_id`, `order_id`, `access_id` ,`scope`) VALUES (210, 132, 'function', 'TXT_DOWNLOADS_ALL_DOWNLOADS', 1, '', '_self', 53, 2, 143 , 'backend' );
INSERT INTO `contrexx_backend_areas` (`area_id`, `parent_area_id`, `type`, `area_name`, `is_active`, `uri`, `target`, `module_id`, `order_id`, `access_id` ,`scope`) VALUES (136, 135, 'function', 'TXT_KNOWLEDGE_ACCESS_OVERVIEW', 1, 'index.php?cmd=Knowledge&section=articles', '_self', 56, 1, 130 , 'backend' );
INSERT INTO `contrexx_backend_areas` (`area_id`, `parent_area_id`, `type`, `area_name`, `is_active`, `uri`, `target`, `module_id`, `order_id`, `access_id` ,`scope`) VALUES (137, 135, 'function', 'TXT_KNOWLEDGE_ACCESS_EDIT_ARTICLES', 1, '', '_self', 56, 2, 131 , 'backend' );
INSERT INTO `contrexx_backend_areas` (`area_id`, `parent_area_id`, `type`, `area_name`, `is_active`, `uri`, `target`, `module_id`, `order_id`, `access_id` ,`scope`) VALUES (138, 135, 'function', 'TXT_KNOWLEDGE_ACCESS_CATEGORIES', 1, '', '_self', 56, 3, 132 , 'backend' );
INSERT INTO `contrexx_backend_areas` (`area_id`, `parent_area_id`, `type`, `area_name`, `is_active`, `uri`, `target`, `module_id`, `order_id`, `access_id` ,`scope`) VALUES (139, 135, 'function', 'TXT_KNOWLEDGE_ACCESS_EDIT_CATEGORIES', 1, '', '_self', 56, 4, 133 , 'backend' );
INSERT INTO `contrexx_backend_areas` (`area_id`, `parent_area_id`, `type`, `area_name`, `is_active`, `uri`, `target`, `module_id`, `order_id`, `access_id` ,`scope`) VALUES (140, 135, 'function', 'TXT_KNOWLEDGE_ACCESS_SETTINGS', 1, '', '_self', 56, 5, 134 , 'backend' );
INSERT INTO `contrexx_backend_areas` (`area_id`, `parent_area_id`, `type`, `area_name`, `is_active`, `uri`, `target`, `module_id`, `order_id`, `access_id` ,`scope`) VALUES (154, 153, 'function', 'TXT_MEDIADIR_ADD_ENTRY', 1, '', '_self', 60, 0, 154 , 'global' );
INSERT INTO `contrexx_backend_areas` (`area_id`, `parent_area_id`, `type`, `area_name`, `is_active`, `uri`, `target`, `module_id`, `order_id`, `access_id` ,`scope`) VALUES (155, 153, 'function', 'TXT_MEDIADIR_MODIFY_ENTRY', 1, '', '_self', 60, 0, 155 , 'global' );
INSERT INTO `contrexx_backend_areas` (`area_id`, `parent_area_id`, `type`, `area_name`, `is_active`, `uri`, `target`, `module_id`, `order_id`, `access_id` ,`scope`) VALUES (156, 153, 'function', 'TXT_MEDIADIR_MANAGE_LEVELS', 1, '', '_self', 60, 0, 156 , 'global' );
INSERT INTO `contrexx_backend_areas` (`area_id`, `parent_area_id`, `type`, `area_name`, `is_active`, `uri`, `target`, `module_id`, `order_id`, `access_id` ,`scope`) VALUES (157, 153, 'function', 'TXT_MEDIADIR_MANAGE_CATEGORIES', 1, '', '_self', 60, 0, 157 , 'global' );
INSERT INTO `contrexx_backend_areas` (`area_id`, `parent_area_id`, `type`, `area_name`, `is_active`, `uri`, `target`, `module_id`, `order_id`, `access_id` ,`scope`) VALUES (158, 153, 'function', 'TXT_MEDIADIR_INTERFACES', 1, '', '_self', 60, 0, 158 , 'global' );
INSERT INTO `contrexx_backend_areas` (`area_id`, `parent_area_id`, `type`, `area_name`, `is_active`, `uri`, `target`, `module_id`, `order_id`, `access_id` ,`scope`) VALUES (160, 153, 'function', 'TXT_MEDIADIR_SETTINGS', 1, '', '_self', 60, 0, 159 , 'global' );
INSERT INTO `contrexx_backend_areas` (`area_id`, `parent_area_id`, `type`, `area_name`, `is_active`, `uri`, `target`, `module_id`, `order_id`, `access_id` ,`scope`) VALUES (185, 184, 'navigation', 'TXT_DASHBOARD', 1, 'index.php?cmd=Home', '_self', 15, 1, 0 , 'backend' );
INSERT INTO `contrexx_backend_areas` (`area_id`, `parent_area_id`, `type`, `area_name`, `is_active`, `uri`, `target`, `module_id`, `order_id`, `access_id` ,`scope`) VALUES (186, 184, 'navigation', 'TXT_FRONTEND', 1, '../index.php', '_blank', 1, 2, 0 , 'backend' );
INSERT INTO `contrexx_backend_areas` (`area_id`, `parent_area_id`, `type`, `area_name`, `is_active`, `uri`, `target`, `module_id`, `order_id`, `access_id` ,`scope`) VALUES (191, 189, 'navigation', 'TXT_CRM_CUSTOMERS', 1, 'index.php?cmd=Crm&amp;act=customers', '_self', 69, 1, 556 , 'backend' );
INSERT INTO `contrexx_backend_areas` (`area_id`, `parent_area_id`, `type`, `area_name`, `is_active`, `uri`, `target`, `module_id`, `order_id`, `access_id` ,`scope`) VALUES (192, 189, 'navigation', 'TXT_CRM_TASKS', 1, 'index.php?cmd=Crm&amp;act=task', '_self', 69, 3, 0 , 'backend' );
INSERT INTO `contrexx_backend_areas` (`area_id`, `parent_area_id`, `type`, `area_name`, `is_active`, `uri`, `target`, `module_id`, `order_id`, `access_id` ,`scope`) VALUES (193, 189, 'navigation', 'TXT_CRM_OPPORTUNITY', 1, 'index.php?cmd=Crm&amp;act=deals', '_self', 69, 4, 0 , 'backend' );
INSERT INTO `contrexx_backend_areas` (`area_id`, `parent_area_id`, `type`, `area_name`, `is_active`, `uri`, `target`, `module_id`, `order_id`, `access_id` ,`scope`) VALUES (195, 189, 'navigation', 'TXT_CRM_SETTINGS', 1, 'index.php?cmd=Crm&amp;act=settings', '_self', 69, 6, 557 , 'backend' );
INSERT INTO `contrexx_backend_areas` (`area_id`, `parent_area_id`, `type`, `area_name`, `is_active`, `uri`, `target`, `module_id`, `order_id`, `access_id` ,`scope`) VALUES (208, 189, 'navigation', 'TXT_USER_ADMINISTRATION', 1, 'index.php?cmd=Access', '_self', 69, 7, 18 , 'backend' );
INSERT INTO `contrexx_backend_areas` (`area_id`, `parent_area_id`, `type`, `area_name`, `is_active`, `uri`, `target`, `module_id`, `order_id`, `access_id` ,`scope`) VALUES (10, 203, 'navigation', 'TXT_CORE_MODULE_NEWS_MANAGER', 1, 'index.php?cmd=News', '_self', 8, 1, 10 , 'backend' );
INSERT INTO `contrexx_backend_areas` (`area_id`, `parent_area_id`, `type`, `area_name`, `is_active`, `uri`, `target`, `module_id`, `order_id`, `access_id` ,`scope`) VALUES (119, 203, 'navigation', 'TXT_BLOG_MODULE', 1, 'index.php?cmd=Blog', '_self', 47, 2, 119 , 'backend' );

INSERT INTO `contrexx_component` (`id`, `name`, `type`) VALUES ('2', 'Stats', 'core_module');
INSERT INTO `contrexx_component` (`id`, `name`, `type`) VALUES ('3', 'Gallery', 'module');
INSERT INTO `contrexx_component` (`id`, `name`, `type`) VALUES ('4', 'Newsletter', 'module');
INSERT INTO `contrexx_component` (`id`, `name`, `type`) VALUES ('5', 'Search', 'core_module');
INSERT INTO `contrexx_component` (`id`, `name`, `type`) VALUES ('6', 'Contact', 'core_module');
INSERT INTO `contrexx_component` (`id`, `name`, `type`) VALUES ('7', 'Block', 'module');
INSERT INTO `contrexx_component` (`id`, `name`, `type`) VALUES ('8', 'News', 'core_module');
INSERT INTO `contrexx_component` (`id`, `name`, `type`) VALUES ('9', 'Media1', 'core_module');
INSERT INTO `contrexx_component` (`id`, `name`, `type`) VALUES ('10', 'GuestBook', 'module');
INSERT INTO `contrexx_component` (`id`, `name`, `type`) VALUES ('11', 'Sitemap', 'core_module');
INSERT INTO `contrexx_component` (`id`, `name`, `type`) VALUES ('12', 'Directory', 'module');
INSERT INTO `contrexx_component` (`id`, `name`, `type`) VALUES ('13', 'Ids', 'core_module');
INSERT INTO `contrexx_component` (`id`, `name`, `type`) VALUES ('14', 'Error', 'core');
INSERT INTO `contrexx_component` (`id`, `name`, `type`) VALUES ('15', 'Home', 'core_module');
INSERT INTO `contrexx_component` (`id`, `name`, `type`) VALUES ('16', 'Shop', 'module');
INSERT INTO `contrexx_component` (`id`, `name`, `type`) VALUES ('17', 'Voting', 'module');
INSERT INTO `contrexx_component` (`id`, `name`, `type`) VALUES ('18', 'Login', 'core_module');
INSERT INTO `contrexx_component` (`id`, `name`, `type`) VALUES ('19', 'DocSys', 'module');
INSERT INTO `contrexx_component` (`id`, `name`, `type`) VALUES ('20', 'Forum', 'module');
INSERT INTO `contrexx_component` (`id`, `name`, `type`) VALUES ('21', 'Calendar', 'module');
INSERT INTO `contrexx_component` (`id`, `name`, `type`) VALUES ('22', 'Feed', 'module');
INSERT INTO `contrexx_component` (`id`, `name`, `type`) VALUES ('23', 'Access', 'core_module');
INSERT INTO `contrexx_component` (`id`, `name`, `type`) VALUES ('24', 'Media2', 'core_module');
INSERT INTO `contrexx_component` (`id`, `name`, `type`) VALUES ('25', 'Media3', 'core_module');
INSERT INTO `contrexx_component` (`id`, `name`, `type`) VALUES ('26', 'FileBrowser', 'core_module');
INSERT INTO `contrexx_component` (`id`, `name`, `type`) VALUES ('27', 'Recommend', 'module');
INSERT INTO `contrexx_component` (`id`, `name`, `type`) VALUES ('30', 'Livecam', 'module');
INSERT INTO `contrexx_component` (`id`, `name`, `type`) VALUES ('31', 'MemberDir', 'module');
INSERT INTO `contrexx_component` (`id`, `name`, `type`) VALUES ('32', 'NetTools', 'core_module');
INSERT INTO `contrexx_component` (`id`, `name`, `type`) VALUES ('33', 'Market', 'module');
INSERT INTO `contrexx_component` (`id`, `name`, `type`) VALUES ('35', 'Podcast', 'module');
INSERT INTO `contrexx_component` (`id`, `name`, `type`) VALUES ('38', 'Egov', 'module');
INSERT INTO `contrexx_component` (`id`, `name`, `type`) VALUES ('39', 'Media4', 'core_module');
INSERT INTO `contrexx_component` (`id`, `name`, `type`) VALUES ('41', 'Alias', 'core_module');
INSERT INTO `contrexx_component` (`id`, `name`, `type`) VALUES ('44', 'Imprint', 'core_module');
INSERT INTO `contrexx_component` (`id`, `name`, `type`) VALUES ('45', 'Agb', 'core_module');
INSERT INTO `contrexx_component` (`id`, `name`, `type`) VALUES ('46', 'Privacy', 'core_module');
INSERT INTO `contrexx_component` (`id`, `name`, `type`) VALUES ('47', 'Blog', 'module');
INSERT INTO `contrexx_component` (`id`, `name`, `type`) VALUES ('48', 'Data', 'module');
INSERT INTO `contrexx_component` (`id`, `name`, `type`) VALUES ('49', 'Ecard', 'module');
INSERT INTO `contrexx_component` (`id`, `name`, `type`) VALUES ('52', 'Upload', 'core_module');
INSERT INTO `contrexx_component` (`id`, `name`, `type`) VALUES ('53', 'Downloads', 'module');
INSERT INTO `contrexx_component` (`id`, `name`, `type`) VALUES ('54', 'U2u', 'module');
INSERT INTO `contrexx_component` (`id`, `name`, `type`) VALUES ('56', 'Knowledge', 'module');
INSERT INTO `contrexx_component` (`id`, `name`, `type`) VALUES ('57', 'Jobs', 'module');
INSERT INTO `contrexx_component` (`id`, `name`, `type`) VALUES ('60', 'MediaDir', 'module');
INSERT INTO `contrexx_component` (`id`, `name`, `type`) VALUES ('61', 'Captcha', 'core_module');
INSERT INTO `contrexx_component` (`id`, `name`, `type`) VALUES ('62', 'Checkout', 'module');
INSERT INTO `contrexx_component` (`id`, `name`, `type`) VALUES ('63', 'JsonData', 'core');
INSERT INTO `contrexx_component` (`id`, `name`, `type`) VALUES ('66', 'License', 'core_module');
INSERT INTO `contrexx_component` (`id`, `name`, `type`) VALUES ('68', 'FileSharing', 'module');
INSERT INTO `contrexx_component` (`id`, `name`, `type`) VALUES ('69', 'Crm', 'module');
INSERT INTO `contrexx_component` (`id`, `name`, `type`) VALUES ('70', 'Workbench', 'core_module');
INSERT INTO `contrexx_component` (`id`, `name`, `type`) VALUES ('71', 'FrontendEditing', 'core_module');
INSERT INTO `contrexx_component` (`id`, `name`, `type`) VALUES ('72', 'ContentManager', 'core');
INSERT INTO `contrexx_component` (`id`, `name`, `type`) VALUES ('73', 'DatabaseManager', 'core');
INSERT INTO `contrexx_component` (`id`, `name`, `type`) VALUES ('74', 'SystemInfo', 'core');
INSERT INTO `contrexx_component` (`id`, `name`, `type`) VALUES ('75', 'ViewManager', 'core');
INSERT INTO `contrexx_component` (`id`, `name`, `type`) VALUES ('76', 'ComponentManager', 'core');
INSERT INTO `contrexx_component` (`id`, `name`, `type`) VALUES ('77', 'LanguageManager', 'core');
INSERT INTO `contrexx_component` (`id`, `name`, `type`) VALUES ('78', 'ContentWorkflow', 'core');
INSERT INTO `contrexx_component` (`id`, `name`, `type`) VALUES ('79', 'SystemLog', 'core');
INSERT INTO `contrexx_component` (`id`, `name`, `type`) VALUES ('80', 'Config', 'core');
INSERT INTO `contrexx_component` (`id`, `name`, `type`) VALUES ('81', 'Cache', 'core_module');
INSERT INTO `contrexx_component` (`id`, `name`, `type`) VALUES ('82', 'Survey', 'module');
INSERT INTO `contrexx_component` (`id`, `name`, `type`) VALUES ('83', 'Media', 'core_module');
INSERT INTO `contrexx_component` (`id`, `name`, `type`) VALUES ('84', 'Security', 'core');
INSERT INTO `contrexx_component` (`id`, `name`, `type`) VALUES ('85', 'Csrf', 'core');
INSERT INTO `contrexx_component` (`id`, `name`, `type`) VALUES ('86', 'Session', 'core');
INSERT INTO `contrexx_component` (`id`, `name`, `type`) VALUES ('87', 'Message', 'core');
INSERT INTO `contrexx_component` (`id`, `name`, `type`) VALUES ('88', 'JavaScript', 'core');
INSERT INTO `contrexx_component` (`id`, `name`, `type`) VALUES ('89', 'MultiSite', 'core_module');
INSERT INTO `contrexx_component` (`id`, `name`, `type`) VALUES ('90', 'Net', 'core');
INSERT INTO `contrexx_component` (`id`, `name`, `type`) VALUES ('91', 'Core', 'core');
INSERT INTO `contrexx_component` (`id`, `name`, `type`) VALUES ('92', 'Shell', 'core_module');
INSERT INTO `contrexx_component` (`id`, `name`, `type`) VALUES ('93', 'Order', 'module');
INSERT INTO `contrexx_component` (`id`, `name`, `type`) VALUES ('94', 'Pim', 'module');
INSERT INTO `contrexx_component` (`id`, `name`, `type`) VALUES ('95', 'LinkManager', 'core_module');
INSERT INTO `contrexx_component` (`id`, `name`, `type`) VALUES ('98', 'Test', 'core');
INSERT INTO `contrexx_component` (`id`, `name`, `type`) VALUES ('99', 'Routing', 'core');

INSERT INTO `contrexx_content_node`(`id`, `parent_id`, `lft`, `rgt`, `lvl`) VALUES('1', NULL, '1', '56', '0');
INSERT INTO `contrexx_content_node`(`id`, `parent_id`, `lft`, `rgt`, `lvl`) VALUES('2', '1', '2', '3', '1');
INSERT INTO `contrexx_content_page`(`id`, `node_id`, `nodeIdShadowed`, `lang`, `type`, `caching`, `updatedAt`, `updatedBy`, `title`, `linkTarget`, `contentTitle`, `slug`, `content`, `sourceMode`, `customContent`, `cssName`, `cssNavName`, `skin`, `metatitle`, `metadesc`, `metakeys`, `metarobots`, `start`, `end`, `editingStatus`, `protection`, `frontendAccessId`, `backendAccessId`, `display`, `active`, `target`, `module`, `cmd`) VALUES('1', '2', '2', '1', 'application', '1', '2014-09-02 00:00:00', 'system', 'Willkommen', '', 'Contrexx in der Cloud', 'Willkommen', 'Herzlichen Dank, dass Sie f&uuml;r Ihr Webprojekt <a href=\"https://www.cloudrexx.com\" target=\"_blank\">Cloudrexx&reg;</a> einsetzen!<br />\r\n<br />\r\nStarten Sie mit dem Aufbau der Website in wenigen Klicks. Die Cloud-L&ouml;sung auf der Basis der erfolgreichen Website Management L&ouml;sung Contrexx bietet Ihnen eine maximale Flexibilit&auml;t und umfangreiche Funktionen, um ein erfolgreiches Online-Business zu betreiben.<br />\r\n<br />\r\nEin manuelles Einspielen von Updates wird in der Cloud &uuml;berfl&uuml;ssig. Mit Cloudrexx gewinnen Sie an Flexibilit&auml;t. Sie k&ouml;nnen Features und Themes nach Bed&uuml;rfnissen dazukaufen. &Uuml;berzeugen Sie sich selbst!', '0', '', '', '', 0, 'Willkommen bei der erfolgreichen Installation von Contrexx®', 'Willkommen bei der erfolgreichen Installation von Contrexx®', 'Willkommen bei der erfolgreichen Installation von Contrexx®', '1', NULL, NULL, '', '0', '0', '0', '1', '1', '', 'Home', '');
INSERT INTO `contrexx_log_entry`(`logged_at`, `object_id`, `data`, `action`, `version`, `object_class`, `username`) VALUES('2014-09-02 00:00:00', '1', 'a:31:{s:14:\"nodeIdShadowed\";i:2;s:4:\"lang\";s:1:\"1\";s:4:\"type\";s:11:\"application\";s:7:\"caching\";s:1:\"1\";s:9:\"updatedAt\";O:8:\"DateTime\":3:{s:4:\"date\";s:19:\"2014-09-02 00:00:00\";s:13:\"timezone_type\";i:3;s:8:\"timezone\";s:12:\"Europe/Paris\";}s:9:\"updatedBy\";s:6:\"system\";s:5:\"title\";s:10:\"Willkommen\";s:10:\"linkTarget\";s:0:\"\";s:12:\"contentTitle\";s:21:\"Contrexx in der Cloud\";s:4:\"slug\";s:10:\"Willkommen\";s:7:\"content\";s:665:\"Herzlichen Dank, dass Sie f&uuml;r Ihr Webprojekt <a href=\"https://www.cloudrexx.com\" target=\"_blank\">Cloudrexx&reg;</a> einsetzen!<br />\n<br />\nStarten Sie mit dem Aufbau der Website in wenigen Klicks. Die Cloud-L&ouml;sung auf der Basis der erfolgreichen Website Management L&ouml;sung Contrexx bietet Ihnen eine maximale Flexibilit&auml;t und umfangreiche Funktionen, um ein erfolgreiches Online-Business zu betreiben.<br />\n<br />\nEin manuelles Einspielen von Updates wird in der Cloud &uuml;berfl&uuml;ssig. Mit Cloudrexx gewinnen Sie an Flexibilit&auml;t. Sie k&ouml;nnen Features und Themes nach Bed&uuml;rfnissen dazukaufen. &Uuml;berzeugen Sie sich selbst!\";s:10:\"sourceMode\";b:0;s:13:\"customContent\";s:0:\"\";s:7:\"cssName\";s:0:\"\";s:10:\"cssNavName\";s:0:\"\";s:4:\"skin\";s:1:\"0\";s:9:\"metatitle\";s:60:\"Willkommen bei der erfolgreichen Installation von Contrexx®\";s:8:\"metadesc\";s:60:\"Willkommen bei der erfolgreichen Installation von Contrexx®\";s:8:\"metakeys\";s:60:\"Willkommen bei der erfolgreichen Installation von Contrexx®\";s:10:\"metarobots\";s:1:\"1\";s:5:\"start\";N;s:3:\"end\";N;s:13:\"editingStatus\";s:0:\"\";s:10:\"protection\";s:1:\"0\";s:16:\"frontendAccessId\";s:1:\"0\";s:15:\"backendAccessId\";s:1:\"0\";s:7:\"display\";s:1:\"1\";s:6:\"active\";s:1:\"1\";s:6:\"target\";s:0:\"\";s:6:\"module\";s:4:\"Home\";s:3:\"cmd\";s:0:\"\";}', 'create', '1', 'Cx\\Core\\ContentManager\\Model\\Entity\\Page', '{\"id\":1,\"name\":\"system\"}');
INSERT INTO `contrexx_content_page`(`id`, `node_id`, `nodeIdShadowed`, `lang`, `type`, `caching`, `updatedAt`, `updatedBy`, `title`, `linkTarget`, `contentTitle`, `slug`, `content`, `sourceMode`, `customContent`, `cssName`, `cssNavName`, `skin`, `metatitle`, `metadesc`, `metakeys`, `metarobots`, `start`, `end`, `editingStatus`, `protection`, `frontendAccessId`, `backendAccessId`, `display`, `active`, `target`, `module`, `cmd`) VALUES('2', '2', '2', '2', 'application', '0', '2014-09-02 00:00:00', 'system', 'Welcome', '', 'Welcome and congratulations', 'Willkommen', '{APPLICATION_DATA}', '0', '', '', '', 0, 'Willkommen bei der erfolgreichen Installation von Contrexx®', 'Willkommen bei der erfolgreichen Installation von Contrexx®', 'Willkommen bei der erfolgreichen Installation von Contrexx®', 'index', NULL, NULL, '', '0', '0', '0', '1', '1', '', 'Home', '');
INSERT INTO `contrexx_log_entry`(`logged_at`, `object_id`, `data`, `action`, `version`, `object_class`, `username`) VALUES('2014-09-02 00:00:00', '2', 'a:31:{s:14:\"nodeIdShadowed\";i:2;s:4:\"lang\";s:1:\"2\";s:4:\"type\";s:11:\"application\";s:7:\"caching\";s:1:\"0\";s:9:\"updatedAt\";O:8:\"DateTime\":3:{s:4:\"date\";s:19:\"2014-09-02 00:00:00\";s:13:\"timezone_type\";i:3;s:8:\"timezone\";s:12:\"Europe/Paris\";}s:9:\"updatedBy\";s:6:\"system\";s:5:\"title\";s:7:\"Welcome\";s:10:\"linkTarget\";s:0:\"\";s:12:\"contentTitle\";s:27:\"Welcome and congratulations\";s:4:\"slug\";s:10:\"Willkommen\";s:7:\"content\";s:18:\"{APPLICATION_DATA}\";s:10:\"sourceMode\";b:0;s:13:\"customContent\";s:0:\"\";s:7:\"cssName\";s:0:\"\";s:10:\"cssNavName\";s:0:\"\";s:4:\"skin\";s:1:\"0\";s:9:\"metatitle\";s:60:\"Willkommen bei der erfolgreichen Installation von Contrexx®\";s:8:\"metadesc\";s:60:\"Willkommen bei der erfolgreichen Installation von Contrexx®\";s:8:\"metakeys\";s:60:\"Willkommen bei der erfolgreichen Installation von Contrexx®\";s:10:\"metarobots\";s:5:\"index\";s:5:\"start\";N;s:3:\"end\";N;s:13:\"editingStatus\";s:0:\"\";s:10:\"protection\";s:1:\"0\";s:16:\"frontendAccessId\";s:1:\"0\";s:15:\"backendAccessId\";s:1:\"0\";s:7:\"display\";s:1:\"1\";s:6:\"active\";s:1:\"1\";s:6:\"target\";s:0:\"\";s:6:\"module\";s:4:\"Home\";s:3:\"cmd\";s:0:\"\";}', 'create', '1', 'Cx\\Core\\ContentManager\\Model\\Entity\\Page', '{\"id\":1,\"name\":\"system\"}');
INSERT INTO `contrexx_content_node`(`id`, `parent_id`, `lft`, `rgt`, `lvl`) VALUES('3', '1', '4', '17', '1');
INSERT INTO `contrexx_content_page`(`id`, `node_id`, `nodeIdShadowed`, `lang`, `type`, `caching`, `updatedAt`, `updatedBy`, `title`, `linkTarget`, `contentTitle`, `slug`, `content`, `sourceMode`, `customContent`, `cssName`, `cssNavName`, `skin`, `metatitle`, `metadesc`, `metakeys`, `metarobots`, `start`, `end`, `editingStatus`, `protection`, `frontendAccessId`, `backendAccessId`, `display`, `active`, `target`, `module`, `cmd`) VALUES('3', '3', '3', '1', 'redirect', '0', '2014-09-02 00:00:00', 'system', 'Erste Schritte', '', 'Erste Schritte', 'Erste-Schritte', '', '0', '', '', '', 0, 'Informationen', 'Informationen', 'Informationen', 'index', NULL, NULL, '', '0', '0', '0', '1', '1', '[[NODE_4]]', 'Access', '');
INSERT INTO `contrexx_log_entry`(`logged_at`, `object_id`, `data`, `action`, `version`, `object_class`, `username`) VALUES('2014-09-02 00:00:00', '3', 'a:31:{s:14:\"nodeIdShadowed\";i:3;s:4:\"lang\";s:1:\"1\";s:4:\"type\";s:8:\"redirect\";s:7:\"caching\";s:1:\"0\";s:9:\"updatedAt\";O:8:\"DateTime\":3:{s:4:\"date\";s:19:\"2014-09-02 00:00:00\";s:13:\"timezone_type\";i:3;s:8:\"timezone\";s:12:\"Europe/Paris\";}s:9:\"updatedBy\";s:6:\"system\";s:5:\"title\";s:14:\"Erste Schritte\";s:10:\"linkTarget\";s:0:\"\";s:12:\"contentTitle\";s:14:\"Erste Schritte\";s:4:\"slug\";s:14:\"Erste-Schritte\";s:7:\"content\";s:0:\"\";s:10:\"sourceMode\";b:0;s:13:\"customContent\";s:0:\"\";s:7:\"cssName\";s:0:\"\";s:10:\"cssNavName\";s:0:\"\";s:4:\"skin\";s:1:\"0\";s:9:\"metatitle\";s:13:\"Informationen\";s:8:\"metadesc\";s:13:\"Informationen\";s:8:\"metakeys\";s:13:\"Informationen\";s:10:\"metarobots\";s:5:\"index\";s:5:\"start\";N;s:3:\"end\";N;s:13:\"editingStatus\";s:0:\"\";s:10:\"protection\";s:1:\"0\";s:16:\"frontendAccessId\";s:1:\"0\";s:15:\"backendAccessId\";s:1:\"0\";s:7:\"display\";s:1:\"1\";s:6:\"active\";s:1:\"1\";s:6:\"target\";s:10:\"[[NODE_4]]\";s:6:\"module\";s:6:\"Access\";s:3:\"cmd\";s:0:\"\";}', 'create', '1', 'Cx\\Core\\ContentManager\\Model\\Entity\\Page', '{\"id\":1,\"name\":\"system\"}');
INSERT INTO `contrexx_content_node`(`id`, `parent_id`, `lft`, `rgt`, `lvl`) VALUES('4', '3', '5', '6', '2');
INSERT INTO `contrexx_content_page`(`id`, `node_id`, `nodeIdShadowed`, `lang`, `type`, `caching`, `updatedAt`, `updatedBy`, `title`, `linkTarget`, `contentTitle`, `slug`, `content`, `sourceMode`, `customContent`, `cssName`, `cssNavName`, `skin`, `metatitle`, `metadesc`, `metakeys`, `metarobots`, `start`, `end`, `editingStatus`, `protection`, `frontendAccessId`, `backendAccessId`, `display`, `active`, `target`, `module`, `cmd`) VALUES('4', '4', '4', '1', 'content', '1', '2014-09-02 00:00:00', 'system', 'Was ist Contrexx?', '', 'Contrexx® Web Content Management System (WCMS)', 'Was-ist-Contrexx', 'Mit dem modular aufgebauten Web Content Management System Contrexx&nbsp;ist das Verwalten von anwendungsreichen Webseiten spielend einfach. Dank der &uuml;bersichtlichen Administrationsoberfl&auml;che haben Sie die Inhalte und Module stets unter Kontrolle.<br />\r\n<br />\r\nDoch Contrexx bietet weit mehr, als eine leicht verst&auml;ndliche Verwaltung Ihres Webauftritts. Die Software ist ein Gesamtpaket, das alle wichtigen Anwendungen beinhaltet, die eine moderne Webseite braucht.\r\n<h3>Was k&ouml;nnen Sie mit Contrexx erreichen?</h3>\r\n\r\n<ul>\r\n	<li><strong>Web Content Management:</strong>&nbsp;Mit Contrexx Erstellen und Verwalten Sie Ihrer Website schnell und einfach. In der WYSIWYG-Umgebung funktioniert das Gestalten von Inhaltsseiten mit Texten, Tabellen und Bildern &auml;hnlich wie bei Word. Alle Inhaltsseiten sind in der &uuml;bersichtlichen Seitenverwaltung abgelegt. Dort besteht ausserdem die M&ouml;glichkeit, Benutzergruppen zu erstellen und Benutzerrechte zu definieren.</li>\r\n	<li><strong>Online Marketing:&nbsp;</strong>Contrexx bietet ein umfassendes Set an Funktionen, um ohne zus&auml;tzliche Spezialsoftware Online-Marketing &nbsp;zu betreiben. Optimieren Sie mit Contrexx Ihre Website dank ausgefeilter Search Engine Optimization (SEO) oder machen Sie Ihre Kunden mit regelm&auml;ssigen Newslettern gezielt &nbsp;auf neue Produkte oder Aktionen aufmerksam. Die Anbindung an die Social-Media-Kan&auml;le ist ebenfalls gew&auml;hrleistet.</li>\r\n	<li><strong>E-Commerce:</strong>&nbsp;Bauen Sie Ihre Website mit Contrexx zum Verkaufskanal aus. Die Software enth&auml;lt ein voll funktionst&uuml;chtiges Shop-Modul, in das Sie Produkteinfos und Fotos einpflegen sowie die Bezahlung abwickeln k&ouml;nnen. Per Knopfdruck k&ouml;nnen Sie die Produkte ver&ouml;ffentlichen und ab sofort zum Verkauf anbieten. Dank der Anbindung verschiedener Zahlungsanbieter k&ouml;nnen Sie praktisch alle verf&uuml;gbaren Zahlungsarten anbieten.</li>\r\n	<li><strong>CRM:</strong>&nbsp;Erh&ouml;hen Sie die Zufriedenheit Ihrer Kunden durch ein professionelles Kundenbeziehungsmanagement. Bearbeiten Sie Kundenanfragen ohne Umweg &uuml;ber ein zus&auml;tzliches Tool direkt in Contrexx und profitieren von den Synergien zu den anderen Modulen. Bedienen Sie Ihre Zielgruppen bed&uuml;rfnisgerecht und individuell.</li>\r\n	<li><strong>Analytics:</strong>&nbsp;Wer die besten Informationen rechtzeitig, komplett und am richtigen Ort zur Hand hat, setzt sich durch. Messen Sie zum Beispiel, wer Ihre Website besucht, welches Ihre bestbesuchten Seiten sind und von wo die Besucher herkommen. Nutzen Sie diese Informationen, um Ihren Auftritt und Ihr Angebot zu optimieren. Erkennen Sie dank den &uuml;bersichtlichen Charts in Contrexx die neusten Trends.</li>\r\n	<li><strong>Media Asset Management:</strong>&nbsp;Contrexx beinhaltet ein System zum Verwalten aller g&auml;ngigen Dateiformate. Medienmanager und Bildmanager erlauben das nachtr&auml;gliche Bearbeiten von Bildern, das Bereitstellen von Downloads sowie ein intelligentes System zum Verschicken von Downloadlinks. Zudem laden Sie mit dem Multi-File-Uploader beliebig viele Dateien gleichzeitig in k&uuml;rzester Zeit hoch.</li>\r\n</ul>\r\nAlle weiteren Anwendungen von Contrexx sind <a href=\"{NODE_5}\">hier</a> zu finden.\r\n\r\n<h3>Professioneller und innovativer Vertrieb</h3>\r\nContrexx&reg; wird weltweit &uuml;ber ein Partnernetzwerk vertrieben. Die <a href=\"http://www.contrexx.com/de/partner/verzeichnis\">Contrexx&reg; L&ouml;sungspartner</a> sind autorisierte Partner, die ausgewiesene Kompetenzen im den Bereichen WebDesign, Grafik oder Internetmarketing besitzen. Damit erhalten Sie als Kunde professionelle Unterst&uuml;tzung mit hohen Kompetenzen aus Ihrer N&auml;he.', '0', '', 'informationen', '', 0, 'Contrexx® Web Content Management System (WCMS)', 'Contrexx® Web Content Management System (WCMS)', 'Contrexx® Web Content Management System (WCMS)', '', NULL, NULL, '', '0', '0', '0', '1', '1', '', 'Access', '');
INSERT INTO `contrexx_log_entry`(`logged_at`, `object_id`, `data`, `action`, `version`, `object_class`, `username`) VALUES('2014-09-02 00:00:00', '4', 'a:31:{s:14:\"nodeIdShadowed\";i:4;s:4:\"lang\";s:1:\"1\";s:4:\"type\";s:7:\"content\";s:7:\"caching\";s:1:\"1\";s:9:\"updatedAt\";O:8:\"DateTime\":3:{s:4:\"date\";s:19:\"2014-09-02 00:00:00\";s:13:\"timezone_type\";i:3;s:8:\"timezone\";s:12:\"Europe/Paris\";}s:9:\"updatedBy\";s:6:\"system\";s:5:\"title\";s:17:\"Was ist Contrexx?\";s:10:\"linkTarget\";s:0:\"\";s:12:\"contentTitle\";s:47:\"Contrexx® Web Content Management System (WCMS)\";s:4:\"slug\";s:16:\"Was-ist-Contrexx\";s:7:\"content\";s:3709:\"Mit dem modular aufgebauten Web Content Management System Contrexx&nbsp;ist das Verwalten von anwendungsreichen Webseiten spielend einfach. Dank der &uuml;bersichtlichen Administrationsoberfl&auml;che haben Sie die Inhalte und Module stets unter Kontrolle.<br />\n<br />\nDoch Contrexx bietet weit mehr, als eine leicht verst&auml;ndliche Verwaltung Ihres Webauftritts. Die Software ist ein Gesamtpaket, das alle wichtigen Anwendungen beinhaltet, die eine moderne Webseite braucht.\n<h3>Was k&ouml;nnen Sie mit Contrexx erreichen?</h3>\n\n<ul>\n	<li><strong>Web Content Management:</strong>&nbsp;Mit Contrexx Erstellen und Verwalten Sie Ihrer Website schnell und einfach. In der WYSIWYG-Umgebung funktioniert das Gestalten von Inhaltsseiten mit Texten, Tabellen und Bildern &auml;hnlich wie bei Word. Alle Inhaltsseiten sind in der &uuml;bersichtlichen Seitenverwaltung abgelegt. Dort besteht ausserdem die M&ouml;glichkeit, Benutzergruppen zu erstellen und Benutzerrechte zu definieren.</li>\n	<li><strong>Online Marketing:&nbsp;</strong>Contrexx bietet ein umfassendes Set an Funktionen, um ohne zus&auml;tzliche Spezialsoftware Online-Marketing &nbsp;zu betreiben. Optimieren Sie mit Contrexx Ihre Website dank ausgefeilter Search Engine Optimization (SEO) oder machen Sie Ihre Kunden mit regelm&auml;ssigen Newslettern gezielt &nbsp;auf neue Produkte oder Aktionen aufmerksam. Die Anbindung an die Social-Media-Kan&auml;le ist ebenfalls gew&auml;hrleistet.</li>\n	<li><strong>E-Commerce:</strong>&nbsp;Bauen Sie Ihre Website mit Contrexx zum Verkaufskanal aus. Die Software enth&auml;lt ein voll funktionst&uuml;chtiges Shop-Modul, in das Sie Produkteinfos und Fotos einpflegen sowie die Bezahlung abwickeln k&ouml;nnen. Per Knopfdruck k&ouml;nnen Sie die Produkte ver&ouml;ffentlichen und ab sofort zum Verkauf anbieten. Dank der Anbindung verschiedener Zahlungsanbieter k&ouml;nnen Sie praktisch alle verf&uuml;gbaren Zahlungsarten anbieten.</li>\n	<li><strong>CRM:</strong>&nbsp;Erh&ouml;hen Sie die Zufriedenheit Ihrer Kunden durch ein professionelles Kundenbeziehungsmanagement. Bearbeiten Sie Kundenanfragen ohne Umweg &uuml;ber ein zus&auml;tzliches Tool direkt in Contrexx und profitieren von den Synergien zu den anderen Modulen. Bedienen Sie Ihre Zielgruppen bed&uuml;rfnisgerecht und individuell.</li>\n	<li><strong>Analytics:</strong>&nbsp;Wer die besten Informationen rechtzeitig, komplett und am richtigen Ort zur Hand hat, setzt sich durch. Messen Sie zum Beispiel, wer Ihre Website besucht, welches Ihre bestbesuchten Seiten sind und von wo die Besucher herkommen. Nutzen Sie diese Informationen, um Ihren Auftritt und Ihr Angebot zu optimieren. Erkennen Sie dank den &uuml;bersichtlichen Charts in Contrexx die neusten Trends.</li>\n	<li><strong>Media Asset Management:</strong>&nbsp;Contrexx beinhaltet ein System zum Verwalten aller g&auml;ngigen Dateiformate. Medienmanager und Bildmanager erlauben das nachtr&auml;gliche Bearbeiten von Bildern, das Bereitstellen von Downloads sowie ein intelligentes System zum Verschicken von Downloadlinks. Zudem laden Sie mit dem Multi-File-Uploader beliebig viele Dateien gleichzeitig in k&uuml;rzester Zeit hoch.</li>\n</ul>\nAlle weiteren Anwendungen von Contrexx sind <a href=\"{NODE_5}\">hier</a> zu finden.\n\n<h3>Professioneller und innovativer Vertrieb</h3>\nContrexx&reg; wird weltweit &uuml;ber ein Partnernetzwerk vertrieben. Die <a href=\"http://www.contrexx.com/de/partner/verzeichnis\">Contrexx&reg; L&ouml;sungspartner</a> sind autorisierte Partner, die ausgewiesene Kompetenzen im den Bereichen WebDesign, Grafik oder Internetmarketing besitzen. Damit erhalten Sie als Kunde professionelle Unterst&uuml;tzung mit hohen Kompetenzen aus Ihrer N&auml;he.\";s:10:\"sourceMode\";b:0;s:13:\"customContent\";s:0:\"\";s:7:\"cssName\";s:13:\"informationen\";s:10:\"cssNavName\";s:0:\"\";s:4:\"skin\";s:1:\"0\";s:9:\"metatitle\";s:47:\"Contrexx® Web Content Management System (WCMS)\";s:8:\"metadesc\";s:47:\"Contrexx® Web Content Management System (WCMS)\";s:8:\"metakeys\";s:47:\"Contrexx® Web Content Management System (WCMS)\";s:10:\"metarobots\";s:0:\"\";s:5:\"start\";N;s:3:\"end\";N;s:13:\"editingStatus\";s:0:\"\";s:10:\"protection\";s:1:\"0\";s:16:\"frontendAccessId\";s:1:\"0\";s:15:\"backendAccessId\";s:1:\"0\";s:7:\"display\";s:1:\"1\";s:6:\"active\";s:1:\"1\";s:6:\"target\";s:0:\"\";s:6:\"module\";s:6:\"Access\";s:3:\"cmd\";s:0:\"\";}', 'create', '1', 'Cx\\Core\\ContentManager\\Model\\Entity\\Page', '{\"id\":1,\"name\":\"system\"}');
INSERT INTO `contrexx_content_page`(`id`, `node_id`, `nodeIdShadowed`, `lang`, `type`, `caching`, `updatedAt`, `updatedBy`, `title`, `linkTarget`, `contentTitle`, `slug`, `content`, `sourceMode`, `customContent`, `cssName`, `cssNavName`, `skin`, `metatitle`, `metadesc`, `metakeys`, `metarobots`, `start`, `end`, `editingStatus`, `protection`, `frontendAccessId`, `backendAccessId`, `display`, `active`, `target`, `module`, `cmd`) VALUES('5', '4', '4', '2', 'fallback', '0', '2014-09-02 00:00:00', 'system', 'Was ist Contrexx?', '', 'Contrexx® Web Content Management System (WCMS)', 'Was-ist-Contrexx', '<p>The <a href=\"http://www.contrexx.com\" class=\"out\">Contrexx&reg; Web Content Management System (WCMS)</a> provides you a fast, user friendly and safe way in creating intranet, extranet and internet websites. Using <a href=\"http://www.contrexx.com/en/index.php?page=1679\" class=\"out\">standardized modules</a> of Contrexx&reg; you are able to quickly realize individual requirements, even supported by professionals where needed.<br />\r\nThe web based system has been optimized for the management of flexible internet and intranet solutions.<br />\r\n<br />\r\nThe download version comes with an integrated web based installer as well as several modules like the Link Directory, Podcast Directory, Online Counter, Address Management, Sitemap, Photo Gallery, Newsletter, Guestbook, RSS Feed Directory, News System, Survey System, Online Shop, Block System and the ability to protect selected sections from public access.</p>\r\n<h2>Professional and Innovative Distribution</h2>\r\nContrexx&reg; is distributed worldwide through a network of partner companies. <a aiotitle=\"Contrexx&reg; Solutions Partner\" href=\"http://www.contrexx.com/en/index.php?page=1623\" class=\"out\">Contrexx&reg; Solutions Partners</a> are authorized partner who have a comprehensive knowledge in the domains of web design, graphics and e-commerce. This provides you as a customer with professional support out of your surrounding area.', '0', '', 'informationen', '', 0, 'Contrexx® Web Content Management System (WCMS)', 'Contrexx® Web Content Management System (WCMS)', 'Contrexx® Web Content Management System (WCMS)', 'index', NULL, NULL, '', '0', '0', '0', '1', '1', '', '', '');
INSERT INTO `contrexx_log_entry`(`logged_at`, `object_id`, `data`, `action`, `version`, `object_class`, `username`) VALUES('2014-09-02 00:00:00', '5', 'a:31:{s:14:\"nodeIdShadowed\";i:4;s:4:\"lang\";s:1:\"2\";s:4:\"type\";s:8:\"fallback\";s:7:\"caching\";s:1:\"0\";s:9:\"updatedAt\";O:8:\"DateTime\":3:{s:4:\"date\";s:19:\"2014-09-02 00:00:00\";s:13:\"timezone_type\";i:3;s:8:\"timezone\";s:12:\"Europe/Paris\";}s:9:\"updatedBy\";s:6:\"system\";s:5:\"title\";s:17:\"Was ist Contrexx?\";s:10:\"linkTarget\";s:0:\"\";s:12:\"contentTitle\";s:47:\"Contrexx® Web Content Management System (WCMS)\";s:4:\"slug\";s:16:\"Was-ist-Contrexx\";s:7:\"content\";s:1394:\"<p>The <a href=\"http://www.contrexx.com\" class=\"out\">Contrexx&reg; Web Content Management System (WCMS)</a> provides you a fast, user friendly and safe way in creating intranet, extranet and internet websites. Using <a href=\"http://www.contrexx.com/en/index.php?page=1679\" class=\"out\">standardized modules</a> of Contrexx&reg; you are able to quickly realize individual requirements, even supported by professionals where needed.<br />\nThe web based system has been optimized for the management of flexible internet and intranet solutions.<br />\n<br />\nThe download version comes with an integrated web based installer as well as several modules like the Link Directory, Podcast Directory, Online Counter, Address Management, Sitemap, Photo Gallery, Newsletter, Guestbook, RSS Feed Directory, News System, Survey System, Online Shop, Block System and the ability to protect selected sections from public access.</p>\n<h2>Professional and Innovative Distribution</h2>\nContrexx&reg; is distributed worldwide through a network of partner companies. <a aiotitle=\"Contrexx&reg; Solutions Partner\" href=\"http://www.contrexx.com/en/index.php?page=1623\" class=\"out\">Contrexx&reg; Solutions Partners</a> are authorized partner who have a comprehensive knowledge in the domains of web design, graphics and e-commerce. This provides you as a customer with professional support out of your surrounding area.\";s:10:\"sourceMode\";b:0;s:13:\"customContent\";s:0:\"\";s:7:\"cssName\";s:13:\"informationen\";s:10:\"cssNavName\";s:0:\"\";s:4:\"skin\";s:1:\"0\";s:9:\"metatitle\";s:47:\"Contrexx® Web Content Management System (WCMS)\";s:8:\"metadesc\";s:47:\"Contrexx® Web Content Management System (WCMS)\";s:8:\"metakeys\";s:47:\"Contrexx® Web Content Management System (WCMS)\";s:10:\"metarobots\";s:5:\"index\";s:5:\"start\";N;s:3:\"end\";N;s:13:\"editingStatus\";s:0:\"\";s:10:\"protection\";s:1:\"0\";s:16:\"frontendAccessId\";s:1:\"0\";s:15:\"backendAccessId\";s:1:\"0\";s:7:\"display\";s:1:\"1\";s:6:\"active\";s:1:\"1\";s:6:\"target\";s:0:\"\";s:6:\"module\";s:0:\"\";s:3:\"cmd\";s:0:\"\";}', 'create', '1', 'Cx\\Core\\ContentManager\\Model\\Entity\\Page', '{\"id\":1,\"name\":\"system\"}');
INSERT INTO `contrexx_content_node`(`id`, `parent_id`, `lft`, `rgt`, `lvl`) VALUES('5', '3', '7', '8', '2');
INSERT INTO `contrexx_content_page`(`id`, `node_id`, `nodeIdShadowed`, `lang`, `type`, `caching`, `updatedAt`, `updatedBy`, `title`, `linkTarget`, `contentTitle`, `slug`, `content`, `sourceMode`, `customContent`, `cssName`, `cssNavName`, `skin`, `metatitle`, `metadesc`, `metakeys`, `metarobots`, `start`, `end`, `editingStatus`, `protection`, `frontendAccessId`, `backendAccessId`, `display`, `active`, `target`, `module`, `cmd`) VALUES('6', '5', '5', '1', 'content', '0', '2014-09-02 00:00:00', 'system', 'Übersicht Anwendungen', '', 'Übersicht Anwendungen', 'Uebersicht-Anwendungen', 'Contrexx beinhaltet &uuml;ber 20 Anwendungen, unterteilt in Standardanwendungen sowie optional nutzbare Anwendungen.&nbsp;\r\n<h2 style=\"font-size: 21px;\">Standardanwendungen</h2>\r\n\r\n<h3>Access</h3>\r\nRegeln Sie die Administrationsrechte f&uuml;r die Bearbeitung Ihrer Website und erstellen verschiedene Benutzerbereiche transparent und einfach und erh&ouml;hen damit die Sicherheit Ihrer Website. &nbsp;\r\n\r\n<h3>Contact</h3>\r\nBieten Sie den Website-Besuchern eine bequeme Kontaktm&ouml;glichkeit. Neue Eintr&auml;ge werden an eine definierte Email Adresse geschickt sowie im System abgelegt.\r\n\r\n<h3>News</h3>\r\nLancieren Sie ein neues Produkt, organisieren einen Event oder haben neue Leute im Team? Dann halten Sie die Website-Besucher mit News auf dem Laufenden.\r\n\r\n<h3>Search</h3>\r\nJe umfangreicher die Website, desto wichtiger wird die Suche. Damit durchsuchen Website-Besucher ganz einfach die Inhaltsseiten sowie die News auf Ihrer Website.\r\n\r\n<h3>Sitemap</h3>\r\nBieten Sie den Website-Besuchern eine &Uuml;bersicht &uuml;ber die Website-Struktur.\r\n\r\n<h2>Optionale Anwendungen</h2>\r\n\r\n<h3>Directory</h3>\r\nVerwalten Sie Eintr&auml;ge zu Produkten oder Angeboten, weisen diesen Kategorien zu, erg&auml;nzen weitere Informationen und binden zus&auml;tzliche Dateien ein.\r\n\r\n<h3>Downloads</h3>\r\nErstellen Sie auf Ihrer Website einen Downloadbereich an. Diesen k&ouml;nnen Sie nach Kategorien strukturieren und die Dateien mit Informationen wie Beschreibung, Gr&ouml;sse, Screenshot oder Bewertung versehen.\r\n\r\n<h3>Galerie</h3>\r\nBeinhaltet eine Bildergalerie mit Kategorien und Unterkategorien, automatisch generierten Vorschaubildern sowie einem aktivierbaren Bewertungs - und Kommentarsystem.\r\n\r\n<h3>Jobs</h3>\r\nNutzen Sie das Jobs-Modul, um Ihre Stellen auszuschreiben. Sie k&ouml;nnen dort Ihre Inserate bei Bedarf in mehrere Kategorien unterteilen und den potenziellen Kandidaten ein Bewerbungsformular anbieten.\r\n\r\n<h3>Kalender</h3>\r\nMit dem umfangreichen Veranstaltungskalender pr&auml;sentieren Sie nicht nur die n&auml;chsten Anl&auml;sse auf Ihrer Website, sondern verwalten gleichzeitig auch die Anmeldungen.\r\n\r\n<h3>Knowledge</h3>\r\nSie verf&uuml;gen in Ihrem Bereich &uuml;ber Expertenwissen? Dann nutzen Sie dieses und legen eine Wissensdatenbank oder ein Glossar an. Durch eine gezielte Indexierung finden Ihre Website-Besucher jederzeit wieder.\r\n\r\n<h3>Livecam</h3>\r\nSie suchen eine Livecam-L&ouml;sung? Mit Contrexx integrieren Sie Livecam-&Uuml;bertragungen problemlos Ihre Website. Das Bild wird jede Minute automatisch aktualisiert. Ihre Kunden bleiben stets auf dem neusten Stand.\r\n\r\n<h3>Media Directory</h3>\r\nDieses umfangreiche Modul baut auf dem Directory auf. Inhalte k&ouml;nnen mit Ebenen und Kategorien versehen werden. Ausserdem ist die Anzahl von Eingabefeldern unbegrenzt.\r\n\r\n<h3>Media Manager</h3>\r\nVerwalten Sie Dokumente wie Produktebrosch&uuml;ren und Jahresberichte komfortabel &uuml;ber den Mediamanager. Es besteht die M&ouml;glichkeit, verschiedene Verzeichnisse zu erstellen.\r\n\r\n<h3>Newsletter</h3>\r\nVersorgen Sie Ihre Zielgruppen bed&uuml;rfnisgerecht und individuell regelm&auml;ssig mit den wichtigsten Informationen zu Ihren Produkten und Dienstleistungen.\r\n\r\n<h3>Online Zahlung</h3>\r\nDank der Anbindung verschiedener Zahlungsanbieter k&ouml;nnen Sie praktisch alle verf&uuml;gbaren Zahlungsarten anbieten.\r\n\r\n<h3>Shop</h3>\r\nDer umfangreiche Webshop von Contrexx kann bequem mittels Webinterface administriert und auf die Bed&uuml;rfnisse des Betreibers angepasst werden.', '0', '', '', '', 0, 'Übersicht Anwendungen', 'Übersicht Anwendungen', 'Übersicht Anwendungen', '1', NULL, NULL, '', '0', '0', '0', '1', '1', '', 'Access', '');
INSERT INTO `contrexx_log_entry`(`logged_at`, `object_id`, `data`, `action`, `version`, `object_class`, `username`) VALUES('2014-09-02 00:00:00', '6', 'a:31:{s:14:\"nodeIdShadowed\";i:5;s:4:\"lang\";s:1:\"1\";s:4:\"type\";s:7:\"content\";s:7:\"caching\";s:1:\"0\";s:9:\"updatedAt\";O:8:\"DateTime\":3:{s:4:\"date\";s:19:\"2014-09-02 00:00:00\";s:13:\"timezone_type\";i:3;s:8:\"timezone\";s:12:\"Europe/Paris\";}s:9:\"updatedBy\";s:6:\"system\";s:5:\"title\";s:22:\"Übersicht Anwendungen\";s:10:\"linkTarget\";s:0:\"\";s:12:\"contentTitle\";s:22:\"Übersicht Anwendungen\";s:4:\"slug\";s:22:\"Uebersicht-Anwendungen\";s:7:\"content\";s:3453:\"Contrexx beinhaltet &uuml;ber 20 Anwendungen, unterteilt in Standardanwendungen sowie optional nutzbare Anwendungen.&nbsp;\n<h2 style=\"font-size: 21px;\">Standardanwendungen</h2>\n\n<h3>Access</h3>\nRegeln Sie die Administrationsrechte f&uuml;r die Bearbeitung Ihrer Website und erstellen verschiedene Benutzerbereiche transparent und einfach und erh&ouml;hen damit die Sicherheit Ihrer Website. &nbsp;\n\n<h3>Contact</h3>\nBieten Sie den Website-Besuchern eine bequeme Kontaktm&ouml;glichkeit. Neue Eintr&auml;ge werden an eine definierte Email Adresse geschickt sowie im System abgelegt.\n\n<h3>News</h3>\nLancieren Sie ein neues Produkt, organisieren einen Event oder haben neue Leute im Team? Dann halten Sie die Website-Besucher mit News auf dem Laufenden.\n\n<h3>Search</h3>\nJe umfangreicher die Website, desto wichtiger wird die Suche. Damit durchsuchen Website-Besucher ganz einfach die Inhaltsseiten sowie die News auf Ihrer Website.\n\n<h3>Sitemap</h3>\nBieten Sie den Website-Besuchern eine &Uuml;bersicht &uuml;ber die Website-Struktur.\n\n<h2>Optionale Anwendungen</h2>\n\n<h3>Directory</h3>\nVerwalten Sie Eintr&auml;ge zu Produkten oder Angeboten, weisen diesen Kategorien zu, erg&auml;nzen weitere Informationen und binden zus&auml;tzliche Dateien ein.\n\n<h3>Downloads</h3>\nErstellen Sie auf Ihrer Website einen Downloadbereich an. Diesen k&ouml;nnen Sie nach Kategorien strukturieren und die Dateien mit Informationen wie Beschreibung, Gr&ouml;sse, Screenshot oder Bewertung versehen.\n\n<h3>Galerie</h3>\nBeinhaltet eine Bildergalerie mit Kategorien und Unterkategorien, automatisch generierten Vorschaubildern sowie einem aktivierbaren Bewertungs - und Kommentarsystem.\n\n<h3>Jobs</h3>\nNutzen Sie das Jobs-Modul, um Ihre Stellen auszuschreiben. Sie k&ouml;nnen dort Ihre Inserate bei Bedarf in mehrere Kategorien unterteilen und den potenziellen Kandidaten ein Bewerbungsformular anbieten.\n\n<h3>Kalender</h3>\nMit dem umfangreichen Veranstaltungskalender pr&auml;sentieren Sie nicht nur die n&auml;chsten Anl&auml;sse auf Ihrer Website, sondern verwalten gleichzeitig auch die Anmeldungen.\n\n<h3>Knowledge</h3>\nSie verf&uuml;gen in Ihrem Bereich &uuml;ber Expertenwissen? Dann nutzen Sie dieses und legen eine Wissensdatenbank oder ein Glossar an. Durch eine gezielte Indexierung finden Ihre Website-Besucher jederzeit wieder.\n\n<h3>Livecam</h3>\nSie suchen eine Livecam-L&ouml;sung? Mit Contrexx integrieren Sie Livecam-&Uuml;bertragungen problemlos Ihre Website. Das Bild wird jede Minute automatisch aktualisiert. Ihre Kunden bleiben stets auf dem neusten Stand.\n\n<h3>Media Directory</h3>\nDieses umfangreiche Modul baut auf dem Directory auf. Inhalte k&ouml;nnen mit Ebenen und Kategorien versehen werden. Ausserdem ist die Anzahl von Eingabefeldern unbegrenzt.\n\n<h3>Media Manager</h3>\nVerwalten Sie Dokumente wie Produktebrosch&uuml;ren und Jahresberichte komfortabel &uuml;ber den Mediamanager. Es besteht die M&ouml;glichkeit, verschiedene Verzeichnisse zu erstellen.\n\n<h3>Newsletter</h3>\nVersorgen Sie Ihre Zielgruppen bed&uuml;rfnisgerecht und individuell regelm&auml;ssig mit den wichtigsten Informationen zu Ihren Produkten und Dienstleistungen.\n\n<h3>Online Zahlung</h3>\nDank der Anbindung verschiedener Zahlungsanbieter k&ouml;nnen Sie praktisch alle verf&uuml;gbaren Zahlungsarten anbieten.\n\n<h3>Shop</h3>\nDer umfangreiche Webshop von Contrexx kann bequem mittels Webinterface administriert und auf die Bed&uuml;rfnisse des Betreibers angepasst werden.\";s:10:\"sourceMode\";b:0;s:13:\"customContent\";s:0:\"\";s:7:\"cssName\";s:0:\"\";s:10:\"cssNavName\";s:0:\"\";s:4:\"skin\";s:1:\"0\";s:9:\"metatitle\";s:22:\"Übersicht Anwendungen\";s:8:\"metadesc\";s:22:\"Übersicht Anwendungen\";s:8:\"metakeys\";s:22:\"Übersicht Anwendungen\";s:10:\"metarobots\";s:1:\"1\";s:5:\"start\";N;s:3:\"end\";N;s:13:\"editingStatus\";s:0:\"\";s:10:\"protection\";s:1:\"0\";s:16:\"frontendAccessId\";s:1:\"0\";s:15:\"backendAccessId\";s:1:\"0\";s:7:\"display\";s:1:\"1\";s:6:\"active\";s:1:\"1\";s:6:\"target\";s:0:\"\";s:6:\"module\";s:6:\"Access\";s:3:\"cmd\";s:0:\"\";}', 'create', '1', 'Cx\\Core\\ContentManager\\Model\\Entity\\Page', '{\"id\":1,\"name\":\"system\"}');
INSERT INTO `contrexx_content_page`(`id`, `node_id`, `nodeIdShadowed`, `lang`, `type`, `caching`, `updatedAt`, `updatedBy`, `title`, `linkTarget`, `contentTitle`, `slug`, `content`, `sourceMode`, `customContent`, `cssName`, `cssNavName`, `skin`, `metatitle`, `metadesc`, `metakeys`, `metarobots`, `start`, `end`, `editingStatus`, `protection`, `frontendAccessId`, `backendAccessId`, `display`, `active`, `target`, `module`, `cmd`) VALUES('7', '5', '5', '2', 'fallback', '0', '2014-09-02 00:00:00', 'system', 'Übersicht Anwendungen', '', 'Übersicht Anwendungen', 'Uebersicht-Anwendungen', '', '0', '', '', '', 0, 'Übersicht Anwendungen', 'Übersicht Anwendungen', 'Übersicht Anwendungen', '1', NULL, NULL, '', '0', '0', '0', '1', '1', '', 'Access', '');
INSERT INTO `contrexx_log_entry`(`logged_at`, `object_id`, `data`, `action`, `version`, `object_class`, `username`) VALUES('2014-09-02 00:00:00', '7', 'a:31:{s:14:\"nodeIdShadowed\";i:5;s:4:\"lang\";s:1:\"2\";s:4:\"type\";s:8:\"fallback\";s:7:\"caching\";s:1:\"0\";s:9:\"updatedAt\";O:8:\"DateTime\":3:{s:4:\"date\";s:19:\"2014-09-02 00:00:00\";s:13:\"timezone_type\";i:3;s:8:\"timezone\";s:12:\"Europe/Paris\";}s:9:\"updatedBy\";s:6:\"system\";s:5:\"title\";s:22:\"Übersicht Anwendungen\";s:10:\"linkTarget\";s:0:\"\";s:12:\"contentTitle\";s:22:\"Übersicht Anwendungen\";s:4:\"slug\";s:22:\"Uebersicht-Anwendungen\";s:7:\"content\";s:0:\"\";s:10:\"sourceMode\";b:0;s:13:\"customContent\";s:0:\"\";s:7:\"cssName\";s:0:\"\";s:10:\"cssNavName\";s:0:\"\";s:4:\"skin\";s:1:\"0\";s:9:\"metatitle\";s:22:\"Übersicht Anwendungen\";s:8:\"metadesc\";s:22:\"Übersicht Anwendungen\";s:8:\"metakeys\";s:22:\"Übersicht Anwendungen\";s:10:\"metarobots\";s:1:\"1\";s:5:\"start\";N;s:3:\"end\";N;s:13:\"editingStatus\";s:0:\"\";s:10:\"protection\";s:1:\"0\";s:16:\"frontendAccessId\";s:1:\"0\";s:15:\"backendAccessId\";s:1:\"0\";s:7:\"display\";s:1:\"1\";s:6:\"active\";s:1:\"1\";s:6:\"target\";s:0:\"\";s:6:\"module\";s:6:\"Access\";s:3:\"cmd\";s:0:\"\";}', 'create', '1', 'Cx\\Core\\ContentManager\\Model\\Entity\\Page', '{\"id\":1,\"name\":\"system\"}');
INSERT INTO `contrexx_content_node`(`id`, `parent_id`, `lft`, `rgt`, `lvl`) VALUES('6', '3', '9', '10', '2');
INSERT INTO `contrexx_content_page`(`id`, `node_id`, `nodeIdShadowed`, `lang`, `type`, `caching`, `updatedAt`, `updatedBy`, `title`, `linkTarget`, `contentTitle`, `slug`, `content`, `sourceMode`, `customContent`, `cssName`, `cssNavName`, `skin`, `metatitle`, `metadesc`, `metakeys`, `metarobots`, `start`, `end`, `editingStatus`, `protection`, `frontendAccessId`, `backendAccessId`, `display`, `active`, `target`, `module`, `cmd`) VALUES('8', '6', '6', '1', 'content', '0', '2014-09-02 00:00:00', 'system', 'Erste Schritte', '', 'Ihre ersten Schritte mit dem Contrexx® WCMS', 'Erste-Schritte', 'In diesem Beitrag lernen Sie die ersten Schritte mit Contrexx&reg;. Wir w&uuml;nschen Ihnen viel Spass und Erfolg bei der Umsetzung. F&uuml;r allf&auml;llige Fragen stehen Ihnen die folgenden <a href=\"{NODE_7}\">Mittel zur Verf&uuml;gung</a>.\r\n\r\n<h2>Einf&uuml;hrung</h2>\r\nDas Backend-System ist die Administrationskonsole. In diesem Bereich k&ouml;nnen Sie Contrexx administrieren, neue Seiten erstellen, Inhalte anpassen und vieles mehr. Das Frontend-System ist der Internetauftritt, welche Ihre Besucher erleben. Ein Theme ist das hinterlegte WebDesign.\r\n\r\n<h2>Im Backend einloggen</h2>\r\n\r\n<p>Bitte folgen Sie dazu diesen Schritten:</p>\r\n\r\n<ul>\r\n	<li>Melden Sie sich im Contrexx an. Geben Sie dazu in der Adresszeile im Browser Ihre Domain ein und f&uuml;gen anschliessend &quot;cadmin&quot; hinzu. Beispielsweise &quot;http://www.musterseite.eu/cadmin&quot;</li>\r\n	<li>Danach erscheint die Anmeldemaske.</li>\r\n	<li>Geben Sie bitte die folgenden Daten ein:<br />\r\n	Sicherheitscode: Bitte wiederholen Sie den sichtbaren Code (dieser Code wird als Bild generiert und kann von Hackerwerkzeugen nicht erfasst werden)<br />\r\n	Benutzernamen: gem&auml;ss Angaben im Installer<br />\r\n	Pa&szlig;wort: gem&auml;ss Angaben im Installer</li>\r\n	<li>Empfehlung: vervollst&auml;ndigen Sie in einem ersten Schritt die Angaben in den Grundeinstellungen unter dem Navigationspunkt &quot;Administration&quot; auf der linken Seite.</li>\r\n</ul>\r\n\r\n<h2>Mit dem Content Manager arbeiten</h2>\r\n\r\n<p>Nach dem erfolgreichen Anmelden im Backend-Bereich k&ouml;nnen Sie Seiten erstellen. Um einen neuen Artikel anzulegen, w&auml;hlen Sie die Funktion &quot;Content Management - Neue Seite&quot; auf der linken Seite. Danach definieren Sie die Artikeleigenschaften, insbesondere den Linknamen, Seitentitel und die Meta Angaben des Artikels (diese Angaben sind f&uuml;r Suchamschinen relevant). Mit Hilfe des WYSIWYG-Editors k&ouml;nnen Sie die Inhalte eingeben und speichern. Im Editor stehen Ihnen die aus der Textverarbeitung bekannten Funktionalit&auml;ten zur Verf&uuml;gung. Auch die Integration von Medien und Verlinkungen erfolgt &uuml;ber den Editor. Bitte verwenden Sie in der Formatierung des Textes die Formate aus dem Editor (Beispielsweise &Uuml;berschrift 1 oder Text). Wie die &Uuml;berschrift oder ein Text im Frontend aussieht, wird im Design und Layout definiert. Ein weiterer Zusatznutzen ist, dass Suchmaschinen eine definierte &Uuml;berschrift 1 (im HTML Code entspricht dies einem H1) besser indexieren, weil &Uuml;berschirften aus der Sicht einer Suchmaschine relevanter sind.</p>\r\n\r\n<h2>Module und Themes - flexibel und erweiterbar</h2>\r\n\r\n<p>Der Aufbau von Contrexx basiert auf den folgenden Elementen:</p>\r\n\r\n<ul>\r\n	<li>Core System</li>\r\n	<li>Themes</li>\r\n	<li>Module</li>\r\n	<li>Inhalte</li>\r\n</ul>\r\n\r\n<p>Sogenannte Themes sind in XHTML programmiert und definieren das Erscheinungsbild der Webseite. Dabei werden im XHTML-Quelltext Platzhalter hinterlegt. Diese Platzhalter beinhalten weitere Dateien und Funktionalit&auml;ten, die sp&auml;ter auf der Website integriert werden.<br />\r\n<br />\r\nHinweis: Freie Contrexx Frontend-Templates k&ouml;nnen <a href=\"http://www.contrexx.com/templates\" target=\"_blank\">hier</a> heruntergeladen werden.</p>\r\n\r\n<p>Module sind in PHP programmiert und stellen die Funktionalit&auml;ten einer Webseite dar. Standardmodule sind die Darstellung von Texten und Navigation, Sitemap, Kontaktformulare, Suchen etc. Module bestehen aus einem Backend- und einem Frontend Bereich. Im Backendbereich kann der Administrator Einstellungen vornehmen, bspw. an welche e-Mail Adresse nach Ausf&uuml;llen eines Kontaktformulars eine Benachrichtigung versendet werden soll. Im Frontend Bereich wird die Ausgabe und Verarbeitung von Daten auf dem Onlinedienst gesteuert. Contrexx Templates f&uuml;hren Layouts und Module zusammen. Durch Auswahl eines Layouts im Template ist die Anzahl und Position von Platzhaltern vorbestimmt. F&uuml;r jeden dieser Container kann nun der Administrator ein Modul definieren, das dort ausgef&uuml;hrt werden soll.</p>\r\n', '0', '', '', '', 0, 'Ihre ersten Schritte mit dem Contrexx® WCMS', 'Ihre ersten Schritte mit dem Contrexx® WCMS', 'Ihre ersten Schritte mit dem Contrexx® WCMS', 'index', NULL, NULL, '', '0', '0', '0', '1', '1', '', 'Access', '');
INSERT INTO `contrexx_log_entry`(`logged_at`, `object_id`, `data`, `action`, `version`, `object_class`, `username`) VALUES('2014-09-02 00:00:00', '8', 'a:31:{s:14:\"nodeIdShadowed\";i:6;s:4:\"lang\";s:1:\"1\";s:4:\"type\";s:7:\"content\";s:7:\"caching\";s:1:\"0\";s:9:\"updatedAt\";O:8:\"DateTime\":3:{s:4:\"date\";s:19:\"2014-09-02 00:00:00\";s:13:\"timezone_type\";i:3;s:8:\"timezone\";s:12:\"Europe/Paris\";}s:9:\"updatedBy\";s:6:\"system\";s:5:\"title\";s:14:\"Erste Schritte\";s:10:\"linkTarget\";s:0:\"\";s:12:\"contentTitle\";s:44:\"Ihre ersten Schritte mit dem Contrexx® WCMS\";s:4:\"slug\";s:14:\"Erste-Schritte\";s:7:\"content\";s:4029:\"In diesem Beitrag lernen Sie die ersten Schritte mit Contrexx&reg;. Wir w&uuml;nschen Ihnen viel Spass und Erfolg bei der Umsetzung. F&uuml;r allf&auml;llige Fragen stehen Ihnen die folgenden <a href=\"{NODE_7}\">Mittel zur Verf&uuml;gung</a>.\n\n<h2>Einf&uuml;hrung</h2>\nDas Backend-System ist die Administrationskonsole. In diesem Bereich k&ouml;nnen Sie Contrexx administrieren, neue Seiten erstellen, Inhalte anpassen und vieles mehr. Das Frontend-System ist der Internetauftritt, welche Ihre Besucher erleben. Ein Theme ist das hinterlegte WebDesign.\n\n<h2>Im Backend einloggen</h2>\n\n<p>Bitte folgen Sie dazu diesen Schritten:</p>\n\n<ul>\n	<li>Melden Sie sich im Contrexx an. Geben Sie dazu in der Adresszeile im Browser Ihre Domain ein und f&uuml;gen anschliessend &quot;cadmin&quot; hinzu. Beispielsweise &quot;http://www.musterseite.eu/cadmin&quot;</li>\n	<li>Danach erscheint die Anmeldemaske.</li>\n	<li>Geben Sie bitte die folgenden Daten ein:<br />\n	Sicherheitscode: Bitte wiederholen Sie den sichtbaren Code (dieser Code wird als Bild generiert und kann von Hackerwerkzeugen nicht erfasst werden)<br />\n	Benutzernamen: gem&auml;ss Angaben im Installer<br />\n	Pa&szlig;wort: gem&auml;ss Angaben im Installer</li>\n	<li>Empfehlung: vervollst&auml;ndigen Sie in einem ersten Schritt die Angaben in den Grundeinstellungen unter dem Navigationspunkt &quot;Administration&quot; auf der linken Seite.</li>\n</ul>\n\n<h2>Mit dem Content Manager arbeiten</h2>\n\n<p>Nach dem erfolgreichen Anmelden im Backend-Bereich k&ouml;nnen Sie Seiten erstellen. Um einen neuen Artikel anzulegen, w&auml;hlen Sie die Funktion &quot;Content Management - Neue Seite&quot; auf der linken Seite. Danach definieren Sie die Artikeleigenschaften, insbesondere den Linknamen, Seitentitel und die Meta Angaben des Artikels (diese Angaben sind f&uuml;r Suchamschinen relevant). Mit Hilfe des WYSIWYG-Editors k&ouml;nnen Sie die Inhalte eingeben und speichern. Im Editor stehen Ihnen die aus der Textverarbeitung bekannten Funktionalit&auml;ten zur Verf&uuml;gung. Auch die Integration von Medien und Verlinkungen erfolgt &uuml;ber den Editor. Bitte verwenden Sie in der Formatierung des Textes die Formate aus dem Editor (Beispielsweise &Uuml;berschrift 1 oder Text). Wie die &Uuml;berschrift oder ein Text im Frontend aussieht, wird im Design und Layout definiert. Ein weiterer Zusatznutzen ist, dass Suchmaschinen eine definierte &Uuml;berschrift 1 (im HTML Code entspricht dies einem H1) besser indexieren, weil &Uuml;berschirften aus der Sicht einer Suchmaschine relevanter sind.</p>\n\n<h2>Module und Themes - flexibel und erweiterbar</h2>\n\n<p>Der Aufbau von Contrexx basiert auf den folgenden Elementen:</p>\n\n<ul>\n	<li>Core System</li>\n	<li>Themes</li>\n	<li>Module</li>\n	<li>Inhalte</li>\n</ul>\n\n<p>Sogenannte Themes sind in XHTML programmiert und definieren das Erscheinungsbild der Webseite. Dabei werden im XHTML-Quelltext Platzhalter hinterlegt. Diese Platzhalter beinhalten weitere Dateien und Funktionalit&auml;ten, die sp&auml;ter auf der Website integriert werden.<br />\n<br />\nHinweis: Freie Contrexx Frontend-Templates k&ouml;nnen <a href=\"http://www.contrexx.com/templates\" target=\"_blank\">hier</a> heruntergeladen werden.</p>\n\n<p>Module sind in PHP programmiert und stellen die Funktionalit&auml;ten einer Webseite dar. Standardmodule sind die Darstellung von Texten und Navigation, Sitemap, Kontaktformulare, Suchen etc. Module bestehen aus einem Backend- und einem Frontend Bereich. Im Backendbereich kann der Administrator Einstellungen vornehmen, bspw. an welche e-Mail Adresse nach Ausf&uuml;llen eines Kontaktformulars eine Benachrichtigung versendet werden soll. Im Frontend Bereich wird die Ausgabe und Verarbeitung von Daten auf dem Onlinedienst gesteuert. Contrexx Templates f&uuml;hren Layouts und Module zusammen. Durch Auswahl eines Layouts im Template ist die Anzahl und Position von Platzhaltern vorbestimmt. F&uuml;r jeden dieser Container kann nun der Administrator ein Modul definieren, das dort ausgef&uuml;hrt werden soll.</p>\n\";s:10:\"sourceMode\";b:0;s:13:\"customContent\";s:0:\"\";s:7:\"cssName\";s:0:\"\";s:10:\"cssNavName\";s:0:\"\";s:4:\"skin\";s:1:\"0\";s:9:\"metatitle\";s:44:\"Ihre ersten Schritte mit dem Contrexx® WCMS\";s:8:\"metadesc\";s:44:\"Ihre ersten Schritte mit dem Contrexx® WCMS\";s:8:\"metakeys\";s:44:\"Ihre ersten Schritte mit dem Contrexx® WCMS\";s:10:\"metarobots\";s:5:\"index\";s:5:\"start\";N;s:3:\"end\";N;s:13:\"editingStatus\";s:0:\"\";s:10:\"protection\";s:1:\"0\";s:16:\"frontendAccessId\";s:1:\"0\";s:15:\"backendAccessId\";s:1:\"0\";s:7:\"display\";s:1:\"1\";s:6:\"active\";s:1:\"1\";s:6:\"target\";s:0:\"\";s:6:\"module\";s:6:\"Access\";s:3:\"cmd\";s:0:\"\";}', 'create', '1', 'Cx\\Core\\ContentManager\\Model\\Entity\\Page', '{\"id\":1,\"name\":\"system\"}');
INSERT INTO `contrexx_content_page`(`id`, `node_id`, `nodeIdShadowed`, `lang`, `type`, `caching`, `updatedAt`, `updatedBy`, `title`, `linkTarget`, `contentTitle`, `slug`, `content`, `sourceMode`, `customContent`, `cssName`, `cssNavName`, `skin`, `metatitle`, `metadesc`, `metakeys`, `metarobots`, `start`, `end`, `editingStatus`, `protection`, `frontendAccessId`, `backendAccessId`, `display`, `active`, `target`, `module`, `cmd`) VALUES('9', '6', '6', '2', 'fallback', '0', '2014-09-02 00:00:00', 'system', 'Erste Schritte', '', 'Ihre ersten Schritte mit dem Contrexx® WCMS', 'Erste-Schritte', 'This section provides you the basic knowledge to start working with Contrexx&reg;. We hope you\'ll enjoin it and wish you great success in realizing your first project. If you have any questions, please have a look at the <a href=\"index.php?page=1284\">support section</a> to get an overview of where you can get help or support.<br />\r\n<br />\r\n<h2>Introduction</h2>\r\nThe backend interface aka administration console is where you manage your website like for instance create new web pages. On the other side there is the frontend interface which is the actual website resp. what your visitors see when they\'re visiting your website. The web design of your website is referred as theme.<br />\r\n<h2>Authenticate at the backend interface</h2>\r\n<p>Follow these instructions:</p>\r\n<ul>\r\n    <li>Enter the URL of your Domain in the address bar of your browser and add the suffix &quot;cadmin&quot; at the end of the URL. For instance &quot;http://www.example.com/cadmin&quot;</li>\r\n    <li>After the request has been completed you should see the login form.</li>\r\n    <li>Complete the form as follows:<br />\r\n    Fill out the security code: Retype the security code from above<br />\r\n    Username: according to your setting within the web installer<br />\r\n    Password: according to your setting within the web installer</li>\r\n    <li>Advise: as a first step you should fill out the informations in the Global Configuration section beyond the navigation point Administration on the left side.</li>\r\n</ul>\r\n<h2>Working with the Content Manager</h2>\r\n<p>After you have been successfully authenticated within the backend interface you will be able to create new web pages. To do that, select the function &quot;Content Management - New page&quot; on the left side of the interface. You can now set the desired attributes of your new page. Especially you probably wanna set the link name and page title as well as several meta attributes (those are relevant for search engines). To create the virtually content of the page you have a powerful WYSIWYG-editor on your side. The editor provides all common known features from word processing applications. As an advise, always use the provided formats of the editor when formatting headlines (for instance Heading 1 or Normal). The effective look of the headlines and text should then be defined in the theme (the design and layout of the website). This method is very important on how search engines analyze your website. Headlines which in general are based on keywords that best describe or summarize a certain page will get a higher rated by the search engine due it is marked as such one (setting the format Headline 1 on the headline will put it within a H1 HTML-tag).</p>\r\n<h2>Modules and Themes - flexible and extendable</h2>\r\n<p>The architecture of Contrexx is based on those elements:</p>\r\n<ul>\r\n    <li>Core System</li>\r\n    <li>Themes</li>\r\n    <li>Modules</li>\r\n    <li>Content template</li>\r\n</ul>\r\n<p>So called themes are biuld in XHTML and define the layout of the website. The output of the several features of Contrexx is then put into the XHTML source code using placeholders.<br />\r\n<br />\r\nHint: Check out the official <a class=\"out\" href=\"http://www.contrexxthemes.com/\">repository of Contrexx themes</a></p>\r\n<p>The modules are developed in PHP and provide the base of the function set. The core system provides the basic features like the output of pages, the site navigation, a sitemap etc. A module consists of a backend and a frontend section. The backed is used by an administrator to manage the module and the frontend is what the visitor will see in the end when he visits that part of the website that uses the according module. Finally the content templates act as in interface between the modules and the theme. The template defines how the output of the module should be displayed within theme.</p>', '0', '', '', '', 0, 'Ihre ersten Schritte mit dem Contrexx® WCMS', 'Ihre ersten Schritte mit dem Contrexx® WCMS', 'Ihre ersten Schritte mit dem Contrexx® WCMS', 'index', NULL, NULL, '', '0', '0', '0', '1', '1', '', '', '');
INSERT INTO `contrexx_log_entry`(`logged_at`, `object_id`, `data`, `action`, `version`, `object_class`, `username`) VALUES('2014-09-02 00:00:00', '9', 'a:31:{s:14:\"nodeIdShadowed\";i:6;s:4:\"lang\";s:1:\"2\";s:4:\"type\";s:8:\"fallback\";s:7:\"caching\";s:1:\"0\";s:9:\"updatedAt\";O:8:\"DateTime\":3:{s:4:\"date\";s:19:\"2014-09-02 00:00:00\";s:13:\"timezone_type\";i:3;s:8:\"timezone\";s:12:\"Europe/Paris\";}s:9:\"updatedBy\";s:6:\"system\";s:5:\"title\";s:14:\"Erste Schritte\";s:10:\"linkTarget\";s:0:\"\";s:12:\"contentTitle\";s:44:\"Ihre ersten Schritte mit dem Contrexx® WCMS\";s:4:\"slug\";s:14:\"Erste-Schritte\";s:7:\"content\";s:3839:\"This section provides you the basic knowledge to start working with Contrexx&reg;. We hope you\'ll enjoin it and wish you great success in realizing your first project. If you have any questions, please have a look at the <a href=\"index.php?page=1284\">support section</a> to get an overview of where you can get help or support.<br />\n<br />\n<h2>Introduction</h2>\nThe backend interface aka administration console is where you manage your website like for instance create new web pages. On the other side there is the frontend interface which is the actual website resp. what your visitors see when they\'re visiting your website. The web design of your website is referred as theme.<br />\n<h2>Authenticate at the backend interface</h2>\n<p>Follow these instructions:</p>\n<ul>\n    <li>Enter the URL of your Domain in the address bar of your browser and add the suffix &quot;cadmin&quot; at the end of the URL. For instance &quot;http://www.example.com/cadmin&quot;</li>\n    <li>After the request has been completed you should see the login form.</li>\n    <li>Complete the form as follows:<br />\n    Fill out the security code: Retype the security code from above<br />\n    Username: according to your setting within the web installer<br />\n    Password: according to your setting within the web installer</li>\n    <li>Advise: as a first step you should fill out the informations in the Global Configuration section beyond the navigation point Administration on the left side.</li>\n</ul>\n<h2>Working with the Content Manager</h2>\n<p>After you have been successfully authenticated within the backend interface you will be able to create new web pages. To do that, select the function &quot;Content Management - New page&quot; on the left side of the interface. You can now set the desired attributes of your new page. Especially you probably wanna set the link name and page title as well as several meta attributes (those are relevant for search engines). To create the virtually content of the page you have a powerful WYSIWYG-editor on your side. The editor provides all common known features from word processing applications. As an advise, always use the provided formats of the editor when formatting headlines (for instance Heading 1 or Normal). The effective look of the headlines and text should then be defined in the theme (the design and layout of the website). This method is very important on how search engines analyze your website. Headlines which in general are based on keywords that best describe or summarize a certain page will get a higher rated by the search engine due it is marked as such one (setting the format Headline 1 on the headline will put it within a H1 HTML-tag).</p>\n<h2>Modules and Themes - flexible and extendable</h2>\n<p>The architecture of Contrexx is based on those elements:</p>\n<ul>\n    <li>Core System</li>\n    <li>Themes</li>\n    <li>Modules</li>\n    <li>Content template</li>\n</ul>\n<p>So called themes are biuld in XHTML and define the layout of the website. The output of the several features of Contrexx is then put into the XHTML source code using placeholders.<br />\n<br />\nHint: Check out the official <a class=\"out\" href=\"http://www.contrexxthemes.com/\">repository of Contrexx themes</a></p>\n<p>The modules are developed in PHP and provide the base of the function set. The core system provides the basic features like the output of pages, the site navigation, a sitemap etc. A module consists of a backend and a frontend section. The backed is used by an administrator to manage the module and the frontend is what the visitor will see in the end when he visits that part of the website that uses the according module. Finally the content templates act as in interface between the modules and the theme. The template defines how the output of the module should be displayed within theme.</p>\";s:10:\"sourceMode\";b:0;s:13:\"customContent\";s:0:\"\";s:7:\"cssName\";s:0:\"\";s:10:\"cssNavName\";s:0:\"\";s:4:\"skin\";s:1:\"0\";s:9:\"metatitle\";s:44:\"Ihre ersten Schritte mit dem Contrexx® WCMS\";s:8:\"metadesc\";s:44:\"Ihre ersten Schritte mit dem Contrexx® WCMS\";s:8:\"metakeys\";s:44:\"Ihre ersten Schritte mit dem Contrexx® WCMS\";s:10:\"metarobots\";s:5:\"index\";s:5:\"start\";N;s:3:\"end\";N;s:13:\"editingStatus\";s:0:\"\";s:10:\"protection\";s:1:\"0\";s:16:\"frontendAccessId\";s:1:\"0\";s:15:\"backendAccessId\";s:1:\"0\";s:7:\"display\";s:1:\"1\";s:6:\"active\";s:1:\"1\";s:6:\"target\";s:0:\"\";s:6:\"module\";s:0:\"\";s:3:\"cmd\";s:0:\"\";}', 'create', '1', 'Cx\\Core\\ContentManager\\Model\\Entity\\Page', '{\"id\":1,\"name\":\"system\"}');
INSERT INTO `contrexx_content_node`(`id`, `parent_id`, `lft`, `rgt`, `lvl`) VALUES('7', '3', '11', '12', '2');
INSERT INTO `contrexx_content_page`(`id`, `node_id`, `nodeIdShadowed`, `lang`, `type`, `caching`, `updatedAt`, `updatedBy`, `title`, `linkTarget`, `contentTitle`, `slug`, `content`, `sourceMode`, `customContent`, `cssName`, `cssNavName`, `skin`, `metatitle`, `metadesc`, `metakeys`, `metarobots`, `start`, `end`, `editingStatus`, `protection`, `frontendAccessId`, `backendAccessId`, `display`, `active`, `target`, `module`, `cmd`) VALUES('10', '7', '7', '1', 'content', '0', '2014-09-02 00:00:00', 'system', 'Contrexx Support', '', 'Contrexx Support', 'Contrexx-Support', 'Die Erfahrung zeigt, dass Contrexx zuverl&auml;ssig funktioniert. Sollten Sie trotzdem Unterst&uuml;tzung ben&ouml;tigen, stehen wir Ihnen mit den folgenden Instrumenten sehr gerne zur Verf&uuml;gung.\r\n<ul>\r\n	<li><a class=\"out\" href=\"http://www.contrexx.com/wiki/de/\" target=\"_blank\">Dokumentation</a>: Das Dokumentationsportal f&uuml;r Contrexx Anwender und Entwickler.</li>\r\n	<li><a class=\"out\" href=\"http://www.contrexx.com/forum/forumdisplay.php?f=68\" target=\"_blank\">Contrexx - Forum</a>: Weiterf&uuml;hrende Unterst&uuml;tzung erhalten Sie von der Contrexx Community im Open Source Forum.</li>\r\n	<li><a class=\"out\" href=\"http://bugs.contrexx.com\" target=\"_blank\">Bugtracker</a>: Hier wird eine aktuelle Liste der bekannten Fehler, sowie der geplanten/gew&uuml;nschten Verbesserungen und Erweiterungen der Contrexx Software gef&uuml;hrt.</li>\r\n	<li><a class=\"out\" href=\"http://helpdesk.comvation.com\" target=\"_blank\">Support - Ticket f&uuml;r Contrexx - Kunden</a>: Contrexx - Kunden k&ouml;nnen unter diesem Link ein Support-Ticket er&ouml;ffnen. Die Anfrage wird in das Ticketing-System geleitet und damit wird gew&auml;hrleistet, dass Ihre Anfrage rasch und zuverl&auml;ssig beantwortet wird. Nutzer der kostenlosen Opensource Version stehen die obigen M&ouml;glichkeiten zur Verf&uuml;gung.</li>\r\n</ul>\r\n', '0', '', '', '', 0, 'Contrexx Support', 'Contrexx Support', 'Contrexx Support', 'index', NULL, NULL, '', '0', '0', '0', '1', '1', '', 'Access', '');
INSERT INTO `contrexx_log_entry`(`logged_at`, `object_id`, `data`, `action`, `version`, `object_class`, `username`) VALUES('2014-09-02 00:00:00', '10', 'a:31:{s:14:\"nodeIdShadowed\";i:7;s:4:\"lang\";s:1:\"1\";s:4:\"type\";s:7:\"content\";s:7:\"caching\";s:1:\"0\";s:9:\"updatedAt\";O:8:\"DateTime\":3:{s:4:\"date\";s:19:\"2014-09-02 00:00:00\";s:13:\"timezone_type\";i:3;s:8:\"timezone\";s:12:\"Europe/Paris\";}s:9:\"updatedBy\";s:6:\"system\";s:5:\"title\";s:16:\"Contrexx Support\";s:10:\"linkTarget\";s:0:\"\";s:12:\"contentTitle\";s:16:\"Contrexx Support\";s:4:\"slug\";s:16:\"Contrexx-Support\";s:7:\"content\";s:1306:\"Die Erfahrung zeigt, dass Contrexx zuverl&auml;ssig funktioniert. Sollten Sie trotzdem Unterst&uuml;tzung ben&ouml;tigen, stehen wir Ihnen mit den folgenden Instrumenten sehr gerne zur Verf&uuml;gung.\n<ul>\n	<li><a class=\"out\" href=\"http://www.contrexx.com/wiki/de/\" target=\"_blank\">Dokumentation</a>: Das Dokumentationsportal f&uuml;r Contrexx Anwender und Entwickler.</li>\n	<li><a class=\"out\" href=\"http://www.contrexx.com/forum/forumdisplay.php?f=68\" target=\"_blank\">Contrexx - Forum</a>: Weiterf&uuml;hrende Unterst&uuml;tzung erhalten Sie von der Contrexx Community im Open Source Forum.</li>\n	<li><a class=\"out\" href=\"http://bugs.contrexx.com\" target=\"_blank\">Bugtracker</a>: Hier wird eine aktuelle Liste der bekannten Fehler, sowie der geplanten/gew&uuml;nschten Verbesserungen und Erweiterungen der Contrexx Software gef&uuml;hrt.</li>\n	<li><a class=\"out\" href=\"http://helpdesk.comvation.com\" target=\"_blank\">Support - Ticket f&uuml;r Contrexx - Kunden</a>: Contrexx - Kunden k&ouml;nnen unter diesem Link ein Support-Ticket er&ouml;ffnen. Die Anfrage wird in das Ticketing-System geleitet und damit wird gew&auml;hrleistet, dass Ihre Anfrage rasch und zuverl&auml;ssig beantwortet wird. Nutzer der kostenlosen Opensource Version stehen die obigen M&ouml;glichkeiten zur Verf&uuml;gung.</li>\n</ul>\n\";s:10:\"sourceMode\";b:0;s:13:\"customContent\";s:0:\"\";s:7:\"cssName\";s:0:\"\";s:10:\"cssNavName\";s:0:\"\";s:4:\"skin\";s:1:\"0\";s:9:\"metatitle\";s:16:\"Contrexx Support\";s:8:\"metadesc\";s:16:\"Contrexx Support\";s:8:\"metakeys\";s:16:\"Contrexx Support\";s:10:\"metarobots\";s:5:\"index\";s:5:\"start\";N;s:3:\"end\";N;s:13:\"editingStatus\";s:0:\"\";s:10:\"protection\";s:1:\"0\";s:16:\"frontendAccessId\";s:1:\"0\";s:15:\"backendAccessId\";s:1:\"0\";s:7:\"display\";s:1:\"1\";s:6:\"active\";s:1:\"1\";s:6:\"target\";s:0:\"\";s:6:\"module\";s:6:\"Access\";s:3:\"cmd\";s:0:\"\";}', 'create', '1', 'Cx\\Core\\ContentManager\\Model\\Entity\\Page', '{\"id\":1,\"name\":\"system\"}');
INSERT INTO `contrexx_content_page`(`id`, `node_id`, `nodeIdShadowed`, `lang`, `type`, `caching`, `updatedAt`, `updatedBy`, `title`, `linkTarget`, `contentTitle`, `slug`, `content`, `sourceMode`, `customContent`, `cssName`, `cssNavName`, `skin`, `metatitle`, `metadesc`, `metakeys`, `metarobots`, `start`, `end`, `editingStatus`, `protection`, `frontendAccessId`, `backendAccessId`, `display`, `active`, `target`, `module`, `cmd`) VALUES('11', '7', '7', '2', 'fallback', '0', '2014-09-02 00:00:00', 'system', 'Contrexx Support', '', 'Contrexx Support', 'Contrexx-Support', 'If you need assistance in the usage of Contrexx or if you have any questions please don\'t hesitate to look up one of the following sections:<br />\r\n<ul>\r\n    <li><a class=\"out\" href=\"http://www.contrexx.com/wiki/en/\">Documentation</a>: The wiki based documentation portal for Contrexx users and developers.</li>\r\n    <li><a class=\"out\" href=\"http://www.contrexx.com/forum/forumdisplay.php?f=69\">Contrexx - Forum</a>: Further support is provided by the Contrexx community in the open source forum.</li>\r\n    <li><a class=\"out\" href=\"http://bugs.contrexx.com\">Bugtracker</a>: Maintained list of current known bugs as well as planned features and improvements for Contrexx.</li>\r\n    <li><a class=\"out\" href=\"http://support.comvation.com/index.php\">Support - Ticket for Contrexx - Customers</a>: Contrexx - Customers have to possibility to open a support-ticket. Tickets will be answered quickly and it\'s support is reliable. Users of the free opensource version can use one of the three other methods above.</li>\r\n</ul>', '0', '', '', '', 0, 'Contrexx Support', 'Contrexx Support', 'Contrexx Support', 'index', NULL, NULL, '', '0', '0', '0', '1', '1', '', '', '');
INSERT INTO `contrexx_log_entry`(`logged_at`, `object_id`, `data`, `action`, `version`, `object_class`, `username`) VALUES('2014-09-02 00:00:00', '11', 'a:31:{s:14:\"nodeIdShadowed\";i:7;s:4:\"lang\";s:1:\"2\";s:4:\"type\";s:8:\"fallback\";s:7:\"caching\";s:1:\"0\";s:9:\"updatedAt\";O:8:\"DateTime\":3:{s:4:\"date\";s:19:\"2014-09-02 00:00:00\";s:13:\"timezone_type\";i:3;s:8:\"timezone\";s:12:\"Europe/Paris\";}s:9:\"updatedBy\";s:6:\"system\";s:5:\"title\";s:16:\"Contrexx Support\";s:10:\"linkTarget\";s:0:\"\";s:12:\"contentTitle\";s:16:\"Contrexx Support\";s:4:\"slug\";s:16:\"Contrexx-Support\";s:7:\"content\";s:1011:\"If you need assistance in the usage of Contrexx or if you have any questions please don\'t hesitate to look up one of the following sections:<br />\n<ul>\n    <li><a class=\"out\" href=\"http://www.contrexx.com/wiki/en/\">Documentation</a>: The wiki based documentation portal for Contrexx users and developers.</li>\n    <li><a class=\"out\" href=\"http://www.contrexx.com/forum/forumdisplay.php?f=69\">Contrexx - Forum</a>: Further support is provided by the Contrexx community in the open source forum.</li>\n    <li><a class=\"out\" href=\"http://bugs.contrexx.com\">Bugtracker</a>: Maintained list of current known bugs as well as planned features and improvements for Contrexx.</li>\n    <li><a class=\"out\" href=\"http://support.comvation.com/index.php\">Support - Ticket for Contrexx - Customers</a>: Contrexx - Customers have to possibility to open a support-ticket. Tickets will be answered quickly and it\'s support is reliable. Users of the free opensource version can use one of the three other methods above.</li>\n</ul>\";s:10:\"sourceMode\";b:0;s:13:\"customContent\";s:0:\"\";s:7:\"cssName\";s:0:\"\";s:10:\"cssNavName\";s:0:\"\";s:4:\"skin\";s:1:\"0\";s:9:\"metatitle\";s:16:\"Contrexx Support\";s:8:\"metadesc\";s:16:\"Contrexx Support\";s:8:\"metakeys\";s:16:\"Contrexx Support\";s:10:\"metarobots\";s:5:\"index\";s:5:\"start\";N;s:3:\"end\";N;s:13:\"editingStatus\";s:0:\"\";s:10:\"protection\";s:1:\"0\";s:16:\"frontendAccessId\";s:1:\"0\";s:15:\"backendAccessId\";s:1:\"0\";s:7:\"display\";s:1:\"1\";s:6:\"active\";s:1:\"1\";s:6:\"target\";s:0:\"\";s:6:\"module\";s:0:\"\";s:3:\"cmd\";s:0:\"\";}', 'create', '1', 'Cx\\Core\\ContentManager\\Model\\Entity\\Page', '{\"id\":1,\"name\":\"system\"}');
INSERT INTO `contrexx_content_node`(`id`, `parent_id`, `lft`, `rgt`, `lvl`) VALUES('8', '3', '13', '14', '2');
INSERT INTO `contrexx_content_page`(`id`, `node_id`, `nodeIdShadowed`, `lang`, `type`, `caching`, `updatedAt`, `updatedBy`, `title`, `linkTarget`, `contentTitle`, `slug`, `content`, `sourceMode`, `customContent`, `cssName`, `cssNavName`, `skin`, `metatitle`, `metadesc`, `metakeys`, `metarobots`, `start`, `end`, `editingStatus`, `protection`, `frontendAccessId`, `backendAccessId`, `display`, `active`, `target`, `module`, `cmd`) VALUES('12', '8', '8', '1', 'content', '0', '2014-09-02 00:00:00', 'system', 'HTML Elemente', '', 'HTML Elemente', 'Beispiele', '<h1>&Uuml;berschrift 1</h1>\r\n\r\n<h2>&Uuml;berschrift 2</h2>\r\n\r\n<h3>&Uuml;berschrift 3</h3>\r\n\r\n<h4>&Uuml;berschrift 4</h4>\r\n\r\n<h5>&Uuml;berschrift 5</h5>\r\n\r\n<h6>&Uuml;berschrift 6</h6>\r\n\r\n<hr />\r\n<p>Lorem ipsum dolor sit amet, <a href=\"#\" title=\"test link\">test link</a> adipiscing elit. <strong>This is strong.</strong>.</p>\r\n\r\n<p><del>Wir essen um 5:00 Uhr.</del> <ins>Lass uns um 7:00 Uhr essen.</ins></p>\r\n\r\n<p>Dieser <span style=\"text-decoration:line-through;\">Text</span> wurde durchgestrichen.</p>\r\n\r\n<hr />\r\n<h2>Listentypen</h2>\r\n\r\n<h3>Definitionsliste</h3>\r\n\r\n<dl>\r\n	<dt>Definitionstitel</dt>\r\n	<dd>Dies ist eine Definition</dd>\r\n	<dt>Definitionstitel</dt>\r\n	<dd>Dies ist eine Definition</dd>\r\n</dl>\r\n\r\n<h3>Sortierte Liste</h3>\r\n\r\n<ol>\r\n	<li>Listenelement 1</li>\r\n	<li>Listenelement 2\r\n	<ol>\r\n		<li>Verschachteltes Listenelement A</li>\r\n		<li>Verschachteltes Listenelement B</li>\r\n	</ol>\r\n	</li>\r\n	<li>Listenelement 3</li>\r\n</ol>\r\n\r\n<h3>Unsortierte Liste</h3>\r\n\r\n<ul>\r\n	<li>Listenelement 1</li>\r\n	<li>Listenelement 2\r\n	<ul>\r\n		<li>Verschachteltes Listenelement A</li>\r\n		<li>Verschachteltes Listenelement B</li>\r\n	</ul>\r\n	</li>\r\n	<li>Listenelement 3</li>\r\n</ul>\r\n\r\n<hr />\r\n<h2>Tabelle</h2>\r\n\r\n<table>\r\n	<tbody>\r\n		<tr>\r\n			<th>Tabellen&uuml;berschrift 1</th>\r\n			<th>Tabellen&uuml;berschrift 2</th>\r\n			<th>Tabellen&uuml;berschrift 3</th>\r\n		</tr>\r\n		<tr>\r\n			<td>Tabellendaten 1</td>\r\n			<td>Tabellendaten 2</td>\r\n			<td>Tabellendaten 3</td>\r\n		</tr>\r\n		<tr class=\"row2\">\r\n			<td>Tabellendaten 1</td>\r\n			<td>Tabellendaten 2</td>\r\n			<td>Tabellendaten 3</td>\r\n		</tr>\r\n		<tr>\r\n			<td>Tabellendaten 1</td>\r\n			<td>Tabellendaten 2</td>\r\n			<td>Tabellendaten 3</td>\r\n		</tr>\r\n	</tbody>\r\n</table>\r\n', '0', '', '', '', 0, 'HTML Elemente', 'HTML Elemente', 'HTML Elemente', '1', NULL, NULL, '', '0', '0', '0', '1', '1', '', 'Access', '');
INSERT INTO `contrexx_log_entry`(`logged_at`, `object_id`, `data`, `action`, `version`, `object_class`, `username`) VALUES('2014-09-02 00:00:00', '12', 'a:31:{s:14:\"nodeIdShadowed\";i:8;s:4:\"lang\";s:1:\"1\";s:4:\"type\";s:7:\"content\";s:7:\"caching\";s:1:\"0\";s:9:\"updatedAt\";O:8:\"DateTime\":3:{s:4:\"date\";s:19:\"2014-09-02 00:00:00\";s:13:\"timezone_type\";i:3;s:8:\"timezone\";s:12:\"Europe/Paris\";}s:9:\"updatedBy\";s:6:\"system\";s:5:\"title\";s:13:\"HTML Elemente\";s:10:\"linkTarget\";s:0:\"\";s:12:\"contentTitle\";s:13:\"HTML Elemente\";s:4:\"slug\";s:9:\"Beispiele\";s:7:\"content\";s:1618:\"<h1>&Uuml;berschrift 1</h1>\n\n<h2>&Uuml;berschrift 2</h2>\n\n<h3>&Uuml;berschrift 3</h3>\n\n<h4>&Uuml;berschrift 4</h4>\n\n<h5>&Uuml;berschrift 5</h5>\n\n<h6>&Uuml;berschrift 6</h6>\n\n<hr />\n<p>Lorem ipsum dolor sit amet, <a href=\"#\" title=\"test link\">test link</a> adipiscing elit. <strong>This is strong.</strong>.</p>\n\n<p><del>Wir essen um 5:00 Uhr.</del> <ins>Lass uns um 7:00 Uhr essen.</ins></p>\n\n<p>Dieser <span style=\"text-decoration:line-through;\">Text</span> wurde durchgestrichen.</p>\n\n<hr />\n<h2>Listentypen</h2>\n\n<h3>Definitionsliste</h3>\n\n<dl>\n	<dt>Definitionstitel</dt>\n	<dd>Dies ist eine Definition</dd>\n	<dt>Definitionstitel</dt>\n	<dd>Dies ist eine Definition</dd>\n</dl>\n\n<h3>Sortierte Liste</h3>\n\n<ol>\n	<li>Listenelement 1</li>\n	<li>Listenelement 2\n	<ol>\n		<li>Verschachteltes Listenelement A</li>\n		<li>Verschachteltes Listenelement B</li>\n	</ol>\n	</li>\n	<li>Listenelement 3</li>\n</ol>\n\n<h3>Unsortierte Liste</h3>\n\n<ul>\n	<li>Listenelement 1</li>\n	<li>Listenelement 2\n	<ul>\n		<li>Verschachteltes Listenelement A</li>\n		<li>Verschachteltes Listenelement B</li>\n	</ul>\n	</li>\n	<li>Listenelement 3</li>\n</ul>\n\n<hr />\n<h2>Tabelle</h2>\n\n<table>\n	<tbody>\n		<tr>\n			<th>Tabellen&uuml;berschrift 1</th>\n			<th>Tabellen&uuml;berschrift 2</th>\n			<th>Tabellen&uuml;berschrift 3</th>\n		</tr>\n		<tr>\n			<td>Tabellendaten 1</td>\n			<td>Tabellendaten 2</td>\n			<td>Tabellendaten 3</td>\n		</tr>\n		<tr class=\"row2\">\n			<td>Tabellendaten 1</td>\n			<td>Tabellendaten 2</td>\n			<td>Tabellendaten 3</td>\n		</tr>\n		<tr>\n			<td>Tabellendaten 1</td>\n			<td>Tabellendaten 2</td>\n			<td>Tabellendaten 3</td>\n		</tr>\n	</tbody>\n</table>\n\";s:10:\"sourceMode\";b:0;s:13:\"customContent\";s:0:\"\";s:7:\"cssName\";s:0:\"\";s:10:\"cssNavName\";s:0:\"\";s:4:\"skin\";s:1:\"0\";s:9:\"metatitle\";s:13:\"HTML Elemente\";s:8:\"metadesc\";s:13:\"HTML Elemente\";s:8:\"metakeys\";s:13:\"HTML Elemente\";s:10:\"metarobots\";s:1:\"1\";s:5:\"start\";N;s:3:\"end\";N;s:13:\"editingStatus\";s:0:\"\";s:10:\"protection\";s:1:\"0\";s:16:\"frontendAccessId\";s:1:\"0\";s:15:\"backendAccessId\";s:1:\"0\";s:7:\"display\";s:1:\"1\";s:6:\"active\";s:1:\"1\";s:6:\"target\";s:0:\"\";s:6:\"module\";s:6:\"Access\";s:3:\"cmd\";s:0:\"\";}', 'create', '1', 'Cx\\Core\\ContentManager\\Model\\Entity\\Page', '{\"id\":1,\"name\":\"system\"}');
INSERT INTO `contrexx_content_page`(`id`, `node_id`, `nodeIdShadowed`, `lang`, `type`, `caching`, `updatedAt`, `updatedBy`, `title`, `linkTarget`, `contentTitle`, `slug`, `content`, `sourceMode`, `customContent`, `cssName`, `cssNavName`, `skin`, `metatitle`, `metadesc`, `metakeys`, `metarobots`, `start`, `end`, `editingStatus`, `protection`, `frontendAccessId`, `backendAccessId`, `display`, `active`, `target`, `module`, `cmd`) VALUES('13', '8', '8', '2', 'fallback', '0', '2014-09-02 00:00:00', 'system', 'HTML Elements', '', 'HTML Elements', 'Beispiele', '', '0', '', '', '', 0, 'HTML Elements', 'HTML Elements', 'HTML Elements', '1', NULL, NULL, '', '0', '0', '0', '0', '1', '', 'Access', '');
INSERT INTO `contrexx_log_entry`(`logged_at`, `object_id`, `data`, `action`, `version`, `object_class`, `username`) VALUES('2014-09-02 00:00:00', '13', 'a:31:{s:14:\"nodeIdShadowed\";i:8;s:4:\"lang\";s:1:\"2\";s:4:\"type\";s:8:\"fallback\";s:7:\"caching\";s:1:\"0\";s:9:\"updatedAt\";O:8:\"DateTime\":3:{s:4:\"date\";s:19:\"2014-09-02 00:00:00\";s:13:\"timezone_type\";i:3;s:8:\"timezone\";s:12:\"Europe/Paris\";}s:9:\"updatedBy\";s:6:\"system\";s:5:\"title\";s:13:\"HTML Elements\";s:10:\"linkTarget\";s:0:\"\";s:12:\"contentTitle\";s:13:\"HTML Elements\";s:4:\"slug\";s:9:\"Beispiele\";s:7:\"content\";s:0:\"\";s:10:\"sourceMode\";b:0;s:13:\"customContent\";s:0:\"\";s:7:\"cssName\";s:0:\"\";s:10:\"cssNavName\";s:0:\"\";s:4:\"skin\";s:1:\"0\";s:9:\"metatitle\";s:13:\"HTML Elements\";s:8:\"metadesc\";s:13:\"HTML Elements\";s:8:\"metakeys\";s:13:\"HTML Elements\";s:10:\"metarobots\";s:1:\"1\";s:5:\"start\";N;s:3:\"end\";N;s:13:\"editingStatus\";s:0:\"\";s:10:\"protection\";s:1:\"0\";s:16:\"frontendAccessId\";s:1:\"0\";s:15:\"backendAccessId\";s:1:\"0\";s:7:\"display\";s:1:\"0\";s:6:\"active\";s:1:\"1\";s:6:\"target\";s:0:\"\";s:6:\"module\";s:6:\"Access\";s:3:\"cmd\";s:0:\"\";}', 'create', '1', 'Cx\\Core\\ContentManager\\Model\\Entity\\Page', '{\"id\":1,\"name\":\"system\"}');
INSERT INTO `contrexx_content_node`(`id`, `parent_id`, `lft`, `rgt`, `lvl`) VALUES('9', '3', '15', '16', '2');
INSERT INTO `contrexx_content_page`(`id`, `node_id`, `nodeIdShadowed`, `lang`, `type`, `caching`, `updatedAt`, `updatedBy`, `title`, `linkTarget`, `contentTitle`, `slug`, `content`, `sourceMode`, `customContent`, `cssName`, `cssNavName`, `skin`, `metatitle`, `metadesc`, `metakeys`, `metarobots`, `start`, `end`, `editingStatus`, `protection`, `frontendAccessId`, `backendAccessId`, `display`, `active`, `target`, `module`, `cmd`) VALUES('14', '9', '9', '1', 'content', '0', '2014-09-02 00:00:00', 'system', 'Inhaltscontainer bearbeiten', '', 'Inhaltscontainer bearbeiten', 'Inhaltscontainer-bearbeiten', 'Sofern Inhaltscontainer blau umrahmt wurden, k&ouml;nnen Sie mit der Maus in einen dieser Bereiche klicken. Alle anderen Bereiche werden dann f&uuml;r die Bearbeitung gesperrt, solange die &Auml;nderungen nicht gespeichert oder verworfen wurden.<br />\r\n<br />\r\n<img alt=\"\" src=\"/images/content/screenshots/700px-Frontend_editing_block_border.png\" style=\"width: 700px; height: 234px;\" /><br />\r\n<br />\r\nWeitere Informationen zum Frontend-Editing finden Sie im Contrexx-Wiki:&nbsp;<a href=\"http://wiki.contrexx.com/de/index.php?title=Frontend_Editing\">http://wiki.contrexx.com/de/index.php?title=Frontend_Editing</a>', '0', '', '', '', 0, 'Inhaltscontainer bearbeiten', 'Inhaltscontainer bearbeiten', 'Inhaltscontainer bearbeiten', '1', NULL, NULL, '', '0', '0', '0', '1', '1', '', 'Access', '');
INSERT INTO `contrexx_log_entry`(`logged_at`, `object_id`, `data`, `action`, `version`, `object_class`, `username`) VALUES('2014-09-02 00:00:00', '14', 'a:31:{s:14:\"nodeIdShadowed\";i:9;s:4:\"lang\";s:1:\"1\";s:4:\"type\";s:7:\"content\";s:7:\"caching\";s:1:\"0\";s:9:\"updatedAt\";O:8:\"DateTime\":3:{s:4:\"date\";s:19:\"2014-09-02 00:00:00\";s:13:\"timezone_type\";i:3;s:8:\"timezone\";s:12:\"Europe/Paris\";}s:9:\"updatedBy\";s:6:\"system\";s:5:\"title\";s:27:\"Inhaltscontainer bearbeiten\";s:10:\"linkTarget\";s:0:\"\";s:12:\"contentTitle\";s:27:\"Inhaltscontainer bearbeiten\";s:4:\"slug\";s:27:\"Inhaltscontainer-bearbeiten\";s:7:\"content\";s:610:\"Sofern Inhaltscontainer blau umrahmt wurden, k&ouml;nnen Sie mit der Maus in einen dieser Bereiche klicken. Alle anderen Bereiche werden dann f&uuml;r die Bearbeitung gesperrt, solange die &Auml;nderungen nicht gespeichert oder verworfen wurden.<br />\n<br />\n<img alt=\"\" src=\"/images/content/screenshots/700px-Frontend_editing_block_border.png\" style=\"width: 700px; height: 234px;\" /><br />\n<br />\nWeitere Informationen zum Frontend-Editing finden Sie im Contrexx-Wiki:&nbsp;<a href=\"http://wiki.contrexx.com/de/index.php?title=Frontend_Editing\">http://wiki.contrexx.com/de/index.php?title=Frontend_Editing</a>\";s:10:\"sourceMode\";b:0;s:13:\"customContent\";s:0:\"\";s:7:\"cssName\";s:0:\"\";s:10:\"cssNavName\";s:0:\"\";s:4:\"skin\";s:1:\"0\";s:9:\"metatitle\";s:27:\"Inhaltscontainer bearbeiten\";s:8:\"metadesc\";s:27:\"Inhaltscontainer bearbeiten\";s:8:\"metakeys\";s:27:\"Inhaltscontainer bearbeiten\";s:10:\"metarobots\";s:1:\"1\";s:5:\"start\";N;s:3:\"end\";N;s:13:\"editingStatus\";s:0:\"\";s:10:\"protection\";s:1:\"0\";s:16:\"frontendAccessId\";s:1:\"0\";s:15:\"backendAccessId\";s:1:\"0\";s:7:\"display\";s:1:\"1\";s:6:\"active\";s:1:\"1\";s:6:\"target\";s:0:\"\";s:6:\"module\";s:6:\"Access\";s:3:\"cmd\";s:0:\"\";}', 'create', '1', 'Cx\\Core\\ContentManager\\Model\\Entity\\Page', '{\"id\":1,\"name\":\"system\"}');
INSERT INTO `contrexx_content_page`(`id`, `node_id`, `nodeIdShadowed`, `lang`, `type`, `caching`, `updatedAt`, `updatedBy`, `title`, `linkTarget`, `contentTitle`, `slug`, `content`, `sourceMode`, `customContent`, `cssName`, `cssNavName`, `skin`, `metatitle`, `metadesc`, `metakeys`, `metarobots`, `start`, `end`, `editingStatus`, `protection`, `frontendAccessId`, `backendAccessId`, `display`, `active`, `target`, `module`, `cmd`) VALUES('15', '9', '9', '2', 'fallback', '0', '2014-09-02 00:00:00', 'system', 'Inhaltscontainer bearbeiten', '', 'Inhaltscontainer bearbeiten', 'Inhaltscontainer-bearbeiten', '', '0', '', '', '', 0, 'Inhaltscontainer bearbeiten', 'Inhaltscontainer bearbeiten', 'Inhaltscontainer bearbeiten', '1', NULL, NULL, '', '0', '0', '0', '1', '1', '', 'Access', '');
INSERT INTO `contrexx_log_entry`(`logged_at`, `object_id`, `data`, `action`, `version`, `object_class`, `username`) VALUES('2014-09-02 00:00:00', '15', 'a:31:{s:14:\"nodeIdShadowed\";i:9;s:4:\"lang\";s:1:\"2\";s:4:\"type\";s:8:\"fallback\";s:7:\"caching\";s:1:\"0\";s:9:\"updatedAt\";O:8:\"DateTime\":3:{s:4:\"date\";s:19:\"2014-09-02 00:00:00\";s:13:\"timezone_type\";i:3;s:8:\"timezone\";s:12:\"Europe/Paris\";}s:9:\"updatedBy\";s:6:\"system\";s:5:\"title\";s:27:\"Inhaltscontainer bearbeiten\";s:10:\"linkTarget\";s:0:\"\";s:12:\"contentTitle\";s:27:\"Inhaltscontainer bearbeiten\";s:4:\"slug\";s:27:\"Inhaltscontainer-bearbeiten\";s:7:\"content\";s:0:\"\";s:10:\"sourceMode\";b:0;s:13:\"customContent\";s:0:\"\";s:7:\"cssName\";s:0:\"\";s:10:\"cssNavName\";s:0:\"\";s:4:\"skin\";s:1:\"0\";s:9:\"metatitle\";s:27:\"Inhaltscontainer bearbeiten\";s:8:\"metadesc\";s:27:\"Inhaltscontainer bearbeiten\";s:8:\"metakeys\";s:27:\"Inhaltscontainer bearbeiten\";s:10:\"metarobots\";s:1:\"1\";s:5:\"start\";N;s:3:\"end\";N;s:13:\"editingStatus\";s:0:\"\";s:10:\"protection\";s:1:\"0\";s:16:\"frontendAccessId\";s:1:\"0\";s:15:\"backendAccessId\";s:1:\"0\";s:7:\"display\";s:1:\"1\";s:6:\"active\";s:1:\"1\";s:6:\"target\";s:0:\"\";s:6:\"module\";s:6:\"Access\";s:3:\"cmd\";s:0:\"\";}', 'create', '1', 'Cx\\Core\\ContentManager\\Model\\Entity\\Page', '{\"id\":1,\"name\":\"system\"}');
INSERT INTO `contrexx_content_page`(`id`, `node_id`, `nodeIdShadowed`, `lang`, `type`, `caching`, `updatedAt`, `updatedBy`, `title`, `linkTarget`, `contentTitle`, `slug`, `content`, `sourceMode`, `customContent`, `cssName`, `cssNavName`, `skin`, `metatitle`, `metadesc`, `metakeys`, `metarobots`, `start`, `end`, `editingStatus`, `protection`, `frontendAccessId`, `backendAccessId`, `display`, `active`, `target`, `module`, `cmd`) VALUES('16', '3', '3', '2', 'fallback', '0', '2014-09-02 00:00:00', 'system', 'Informationen', '', 'Informationen', 'Informationen', '<br />', '0', '', '', '', 0, 'Informationen', 'Informationen', 'Informationen', 'index', NULL, NULL, '', '0', '0', '0', '1', '1', '[[NODE_4]]', '', '');
INSERT INTO `contrexx_log_entry`(`logged_at`, `object_id`, `data`, `action`, `version`, `object_class`, `username`) VALUES('2014-09-02 00:00:00', '16', 'a:31:{s:14:\"nodeIdShadowed\";i:3;s:4:\"lang\";s:1:\"2\";s:4:\"type\";s:8:\"fallback\";s:7:\"caching\";s:1:\"0\";s:9:\"updatedAt\";O:8:\"DateTime\":3:{s:4:\"date\";s:19:\"2014-09-02 00:00:00\";s:13:\"timezone_type\";i:3;s:8:\"timezone\";s:12:\"Europe/Paris\";}s:9:\"updatedBy\";s:6:\"system\";s:5:\"title\";s:13:\"Informationen\";s:10:\"linkTarget\";s:0:\"\";s:12:\"contentTitle\";s:13:\"Informationen\";s:4:\"slug\";s:13:\"Informationen\";s:7:\"content\";s:6:\"<br />\";s:10:\"sourceMode\";b:0;s:13:\"customContent\";s:0:\"\";s:7:\"cssName\";s:0:\"\";s:10:\"cssNavName\";s:0:\"\";s:4:\"skin\";s:1:\"0\";s:9:\"metatitle\";s:13:\"Informationen\";s:8:\"metadesc\";s:13:\"Informationen\";s:8:\"metakeys\";s:13:\"Informationen\";s:10:\"metarobots\";s:5:\"index\";s:5:\"start\";N;s:3:\"end\";N;s:13:\"editingStatus\";s:0:\"\";s:10:\"protection\";s:1:\"0\";s:16:\"frontendAccessId\";s:1:\"0\";s:15:\"backendAccessId\";s:1:\"0\";s:7:\"display\";s:1:\"1\";s:6:\"active\";s:1:\"1\";s:6:\"target\";s:10:\"[[NODE_4]]\";s:6:\"module\";s:0:\"\";s:3:\"cmd\";s:0:\"\";}', 'create', '1', 'Cx\\Core\\ContentManager\\Model\\Entity\\Page', '{\"id\":1,\"name\":\"system\"}');
INSERT INTO `contrexx_content_node`(`id`, `parent_id`, `lft`, `rgt`, `lvl`) VALUES('10', '1', '18', '27', '1');
INSERT INTO `contrexx_content_page`(`id`, `node_id`, `nodeIdShadowed`, `lang`, `type`, `caching`, `updatedAt`, `updatedBy`, `title`, `linkTarget`, `contentTitle`, `slug`, `content`, `sourceMode`, `customContent`, `cssName`, `cssNavName`, `skin`, `metatitle`, `metadesc`, `metakeys`, `metarobots`, `start`, `end`, `editingStatus`, `protection`, `frontendAccessId`, `backendAccessId`, `display`, `active`, `target`, `module`, `cmd`) VALUES('17', '10', '10', '1', 'application', '0', '2014-09-02 00:00:00', 'system', 'News', '', 'News', 'News', '{APPLICATION_DATA}', '0', '', '', '', 0, 'News', 'News', 'News', 'index', NULL, NULL, '', '0', '0', '0', '1', '1', '', 'News', '');
INSERT INTO `contrexx_log_entry`(`logged_at`, `object_id`, `data`, `action`, `version`, `object_class`, `username`) VALUES('2014-09-02 00:00:00', '17', 'a:31:{s:14:\"nodeIdShadowed\";i:10;s:4:\"lang\";s:1:\"1\";s:4:\"type\";s:11:\"application\";s:7:\"caching\";s:1:\"0\";s:9:\"updatedAt\";O:8:\"DateTime\":3:{s:4:\"date\";s:19:\"2014-09-02 00:00:00\";s:13:\"timezone_type\";i:3;s:8:\"timezone\";s:12:\"Europe/Paris\";}s:9:\"updatedBy\";s:6:\"system\";s:5:\"title\";s:4:\"News\";s:10:\"linkTarget\";s:0:\"\";s:12:\"contentTitle\";s:4:\"News\";s:4:\"slug\";s:4:\"News\";s:7:\"content\";s:18:\"{APPLICATION_DATA}\";s:10:\"sourceMode\";b:0;s:13:\"customContent\";s:0:\"\";s:7:\"cssName\";s:0:\"\";s:10:\"cssNavName\";s:0:\"\";s:4:\"skin\";s:1:\"0\";s:9:\"metatitle\";s:4:\"News\";s:8:\"metadesc\";s:4:\"News\";s:8:\"metakeys\";s:4:\"News\";s:10:\"metarobots\";s:5:\"index\";s:5:\"start\";N;s:3:\"end\";N;s:13:\"editingStatus\";s:0:\"\";s:10:\"protection\";s:1:\"0\";s:16:\"frontendAccessId\";s:1:\"0\";s:15:\"backendAccessId\";s:1:\"0\";s:7:\"display\";s:1:\"1\";s:6:\"active\";s:1:\"1\";s:6:\"target\";s:0:\"\";s:6:\"module\";s:4:\"News\";s:3:\"cmd\";s:0:\"\";}', 'create', '1', 'Cx\\Core\\ContentManager\\Model\\Entity\\Page', '{\"id\":1,\"name\":\"system\"}');
INSERT INTO `contrexx_content_node`(`id`, `parent_id`, `lft`, `rgt`, `lvl`) VALUES('11', '10', '19', '20', '2');
INSERT INTO `contrexx_content_page`(`id`, `node_id`, `nodeIdShadowed`, `lang`, `type`, `caching`, `updatedAt`, `updatedBy`, `title`, `linkTarget`, `contentTitle`, `slug`, `content`, `sourceMode`, `customContent`, `cssName`, `cssNavName`, `skin`, `metatitle`, `metadesc`, `metakeys`, `metarobots`, `start`, `end`, `editingStatus`, `protection`, `frontendAccessId`, `backendAccessId`, `display`, `active`, `target`, `module`, `cmd`) VALUES('18', '11', '11', '1', 'application', '0', '2014-09-02 00:00:00', 'system', 'News hinzufügen', '', 'News hinzufügen', 'News-hinzufuegen', '{APPLICATION_DATA}', '0', '', '', '', 0, 'News hinzufügen', 'News hinzufügen', 'News hinzufügen', 'index', NULL, NULL, '', '0', '0', '0', '1', '1', '', 'News', 'submit');
INSERT INTO `contrexx_log_entry`(`logged_at`, `object_id`, `data`, `action`, `version`, `object_class`, `username`) VALUES('2014-09-02 00:00:00', '18', 'a:31:{s:14:\"nodeIdShadowed\";i:11;s:4:\"lang\";s:1:\"1\";s:4:\"type\";s:11:\"application\";s:7:\"caching\";s:1:\"0\";s:9:\"updatedAt\";O:8:\"DateTime\":3:{s:4:\"date\";s:19:\"2014-09-02 00:00:00\";s:13:\"timezone_type\";i:3;s:8:\"timezone\";s:12:\"Europe/Paris\";}s:9:\"updatedBy\";s:6:\"system\";s:5:\"title\";s:16:\"News hinzufügen\";s:10:\"linkTarget\";s:0:\"\";s:12:\"contentTitle\";s:16:\"News hinzufügen\";s:4:\"slug\";s:16:\"News-hinzufuegen\";s:7:\"content\";s:18:\"{APPLICATION_DATA}\";s:10:\"sourceMode\";b:0;s:13:\"customContent\";s:0:\"\";s:7:\"cssName\";s:0:\"\";s:10:\"cssNavName\";s:0:\"\";s:4:\"skin\";s:1:\"0\";s:9:\"metatitle\";s:16:\"News hinzufügen\";s:8:\"metadesc\";s:16:\"News hinzufügen\";s:8:\"metakeys\";s:16:\"News hinzufügen\";s:10:\"metarobots\";s:5:\"index\";s:5:\"start\";N;s:3:\"end\";N;s:13:\"editingStatus\";s:0:\"\";s:10:\"protection\";s:1:\"0\";s:16:\"frontendAccessId\";s:1:\"0\";s:15:\"backendAccessId\";s:1:\"0\";s:7:\"display\";s:1:\"1\";s:6:\"active\";s:1:\"1\";s:6:\"target\";s:0:\"\";s:6:\"module\";s:4:\"News\";s:3:\"cmd\";s:6:\"submit\";}', 'create', '1', 'Cx\\Core\\ContentManager\\Model\\Entity\\Page', '{\"id\":1,\"name\":\"system\"}');
INSERT INTO `contrexx_content_page`(`id`, `node_id`, `nodeIdShadowed`, `lang`, `type`, `caching`, `updatedAt`, `updatedBy`, `title`, `linkTarget`, `contentTitle`, `slug`, `content`, `sourceMode`, `customContent`, `cssName`, `cssNavName`, `skin`, `metatitle`, `metadesc`, `metakeys`, `metarobots`, `start`, `end`, `editingStatus`, `protection`, `frontendAccessId`, `backendAccessId`, `display`, `active`, `target`, `module`, `cmd`) VALUES('19', '11', '11', '2', 'fallback', '0', '2014-09-02 00:00:00', 'system', 'News anmelden', '', 'News anmelden', 'News-anmelden', '<font color=\"#ff0000\">{NEWS_STATUS_MESSAGE}&nbsp;</font> \r\n<!-- BEGIN news_submit_form -->\r\n<form method=\"post\" action=\"index.php?section=news&amp;cmd=submit\">\r\n    <fieldset> \r\n    <legend>{TXT_NEWS_MESSAGE}</legend>\r\n    <p><label for=\"newsTitle\">{TXT_TITLE}</label><input id=\"newsTitle\" name=\"newsTitle\" value=\"{NEWS_TITLE}\" type=\"text\"/></p>\r\n    <p><label for=\"newsCat\">{TXT_CATEGORY}</label><select id=\"newsCat\" name=\"newsCat\"><!-- BEGIN news_category_menu --><option value=\"{NEWS_CATEGORY_ID}\">{NEWS_CATEGORY_TITLE}</option><!-- END news_category_menu --></select></p>\r\n    <p><label for=\"newsSource\">{TXT_EXTERNAL_SOURCE}</label><input id=\"newsSource\" name=\"newsSource\" value=\"{NEWS_SOURCE}\" type=\"text\"/></p>\r\n    <p><label for=\"newsUrl1\">{TXT_LINK} #1</label><input id=\"newsUrl1\" name=\"newsUrl1\" value=\"{NEWS_URL1}\" type=\"text\"/></p>\r\n    <p><label for=\"newsUrl2\">{TXT_LINK} #2</label><input id=\"newsUrl2\" name=\"newsUrl2\" value=\"{NEWS_URL2}\" type=\"text\"/></p>\r\n    <p><label for=\"newsTeaserText\">{TXT_NEWS_TEASER_TEXT}</label><textarea id=\"newsTeaserText\" name=\"newsTeaserText\">{NEWS_TEASER_TEXT}</textarea></p>\r\n    </fieldset> \r\n    <fieldset> \r\n    <legend>{TXT_NEWS_NEWS_CONTENT}</legend>\r\n    {TXT_NEWS_REDIRECT}<br /><br />\r\n    <p><label for=\"newsRedirect\">{TXT_NEWS_NEWS_URL}</label><input id=\"newsRedirect\" name=\"newsRedirect\" value=\"{NEWS_REDIRECT}\" type=\"text\" /></p>\r\n    {NEWS_TEXT}\r\n    <p><label>Captcha</label><img style=\"padding-top: 5px; padding-bottom: 5px;\" src=\"{IMAGE_URL}\" alt=\"{IMAGE_ALT}\" title=\"{IMAGE_ALT}\" /><br />{TXT_CAPTCHA}</p>\r\n    <p><input type=\"text\" name=\"captcha\" id=\"captcha\"/><input type=\"hidden\" name=\"offset\" value=\"{CAPTCHA_OFFSET}\" /></p>\r\n    <p><input type=\"reset\" onclick=\"FCKeditorAPI.GetInstance(\'newsText\').SetHTML(\'\')\" /> <input type=\"submit\" name=\"submitNews\" value=\"Submit\" /></p>\r\n    </fieldset> \r\n</form>\r\n<!-- END news_submit_form --> \r\n<!-- BEGIN news_submitted --> \r\n<a title=\"submit an other message\" href=\"?section=news&amp;cmd=submit\">Click here to submit an other message.</a> \r\n<!-- END news_submitted -->', '1', '', '', '', 0, 'News anmelden', 'News anmelden', 'News anmelden', 'index', NULL, NULL, '', '0', '0', '0', '1', '1', '', 'News', 'submit');
INSERT INTO `contrexx_log_entry`(`logged_at`, `object_id`, `data`, `action`, `version`, `object_class`, `username`) VALUES('2014-09-02 00:00:00', '19', 'a:31:{s:14:\"nodeIdShadowed\";i:11;s:4:\"lang\";s:1:\"2\";s:4:\"type\";s:8:\"fallback\";s:7:\"caching\";s:1:\"0\";s:9:\"updatedAt\";O:8:\"DateTime\":3:{s:4:\"date\";s:19:\"2014-09-02 00:00:00\";s:13:\"timezone_type\";i:3;s:8:\"timezone\";s:12:\"Europe/Paris\";}s:9:\"updatedBy\";s:6:\"system\";s:5:\"title\";s:13:\"News anmelden\";s:10:\"linkTarget\";s:0:\"\";s:12:\"contentTitle\";s:13:\"News anmelden\";s:4:\"slug\";s:13:\"News-anmelden\";s:7:\"content\";s:2054:\"<font color=\"#ff0000\">{NEWS_STATUS_MESSAGE}&nbsp;</font> \n<!-- BEGIN news_submit_form -->\n<form method=\"post\" action=\"index.php?section=news&amp;cmd=submit\">\n    <fieldset> \n    <legend>{TXT_NEWS_MESSAGE}</legend>\n    <p><label for=\"newsTitle\">{TXT_TITLE}</label><input id=\"newsTitle\" name=\"newsTitle\" value=\"{NEWS_TITLE}\" type=\"text\"/></p>\n    <p><label for=\"newsCat\">{TXT_CATEGORY}</label><select id=\"newsCat\" name=\"newsCat\"><!-- BEGIN news_category_menu --><option value=\"{NEWS_CATEGORY_ID}\">{NEWS_CATEGORY_TITLE}</option><!-- END news_category_menu --></select></p>\n    <p><label for=\"newsSource\">{TXT_EXTERNAL_SOURCE}</label><input id=\"newsSource\" name=\"newsSource\" value=\"{NEWS_SOURCE}\" type=\"text\"/></p>\n    <p><label for=\"newsUrl1\">{TXT_LINK} #1</label><input id=\"newsUrl1\" name=\"newsUrl1\" value=\"{NEWS_URL1}\" type=\"text\"/></p>\n    <p><label for=\"newsUrl2\">{TXT_LINK} #2</label><input id=\"newsUrl2\" name=\"newsUrl2\" value=\"{NEWS_URL2}\" type=\"text\"/></p>\n    <p><label for=\"newsTeaserText\">{TXT_NEWS_TEASER_TEXT}</label><textarea id=\"newsTeaserText\" name=\"newsTeaserText\">{NEWS_TEASER_TEXT}</textarea></p>\n    </fieldset> \n    <fieldset> \n    <legend>{TXT_NEWS_NEWS_CONTENT}</legend>\n    {TXT_NEWS_REDIRECT}<br /><br />\n    <p><label for=\"newsRedirect\">{TXT_NEWS_NEWS_URL}</label><input id=\"newsRedirect\" name=\"newsRedirect\" value=\"{NEWS_REDIRECT}\" type=\"text\" /></p>\n    {NEWS_TEXT}\n    <p><label>Captcha</label><img style=\"padding-top: 5px; padding-bottom: 5px;\" src=\"{IMAGE_URL}\" alt=\"{IMAGE_ALT}\" title=\"{IMAGE_ALT}\" /><br />{TXT_CAPTCHA}</p>\n    <p><input type=\"text\" name=\"captcha\" id=\"captcha\"/><input type=\"hidden\" name=\"offset\" value=\"{CAPTCHA_OFFSET}\" /></p>\n    <p><input type=\"reset\" onclick=\"FCKeditorAPI.GetInstance(\'newsText\').SetHTML(\'\')\" /> <input type=\"submit\" name=\"submitNews\" value=\"Submit\" /></p>\n    </fieldset> \n</form>\n<!-- END news_submit_form --> \n<!-- BEGIN news_submitted --> \n<a title=\"submit an other message\" href=\"?section=news&amp;cmd=submit\">Click here to submit an other message.</a> \n<!-- END news_submitted -->\";s:10:\"sourceMode\";b:1;s:13:\"customContent\";s:0:\"\";s:7:\"cssName\";s:0:\"\";s:10:\"cssNavName\";s:0:\"\";s:4:\"skin\";s:1:\"0\";s:9:\"metatitle\";s:13:\"News anmelden\";s:8:\"metadesc\";s:13:\"News anmelden\";s:8:\"metakeys\";s:13:\"News anmelden\";s:10:\"metarobots\";s:5:\"index\";s:5:\"start\";N;s:3:\"end\";N;s:13:\"editingStatus\";s:0:\"\";s:10:\"protection\";s:1:\"0\";s:16:\"frontendAccessId\";s:1:\"0\";s:15:\"backendAccessId\";s:1:\"0\";s:7:\"display\";s:1:\"1\";s:6:\"active\";s:1:\"1\";s:6:\"target\";s:0:\"\";s:6:\"module\";s:4:\"News\";s:3:\"cmd\";s:6:\"submit\";}', 'create', '1', 'Cx\\Core\\ContentManager\\Model\\Entity\\Page', '{\"id\":1,\"name\":\"system\"}');
INSERT INTO `contrexx_content_node`(`id`, `parent_id`, `lft`, `rgt`, `lvl`) VALUES('12', '10', '21', '22', '2');
INSERT INTO `contrexx_content_page`(`id`, `node_id`, `nodeIdShadowed`, `lang`, `type`, `caching`, `updatedAt`, `updatedBy`, `title`, `linkTarget`, `contentTitle`, `slug`, `content`, `sourceMode`, `customContent`, `cssName`, `cssNavName`, `skin`, `metatitle`, `metadesc`, `metakeys`, `metarobots`, `start`, `end`, `editingStatus`, `protection`, `frontendAccessId`, `backendAccessId`, `display`, `active`, `target`, `module`, `cmd`) VALUES('20', '12', '12', '1', 'application', '0', '2014-09-02 00:00:00', 'system', 'News Feed', '', 'News Feed', 'News-Feed', '{APPLICATION_DATA}', '0', '', '', '', 0, 'News Feed', 'News Feed', 'News Feed', 'index', NULL, NULL, '', '0', '0', '0', '1', '1', '', 'News', 'feed');
INSERT INTO `contrexx_log_entry`(`logged_at`, `object_id`, `data`, `action`, `version`, `object_class`, `username`) VALUES('2014-09-02 00:00:00', '20', 'a:31:{s:14:\"nodeIdShadowed\";i:12;s:4:\"lang\";s:1:\"1\";s:4:\"type\";s:11:\"application\";s:7:\"caching\";s:1:\"0\";s:9:\"updatedAt\";O:8:\"DateTime\":3:{s:4:\"date\";s:19:\"2014-09-02 00:00:00\";s:13:\"timezone_type\";i:3;s:8:\"timezone\";s:12:\"Europe/Paris\";}s:9:\"updatedBy\";s:6:\"system\";s:5:\"title\";s:9:\"News Feed\";s:10:\"linkTarget\";s:0:\"\";s:12:\"contentTitle\";s:9:\"News Feed\";s:4:\"slug\";s:9:\"News-Feed\";s:7:\"content\";s:18:\"{APPLICATION_DATA}\";s:10:\"sourceMode\";b:0;s:13:\"customContent\";s:0:\"\";s:7:\"cssName\";s:0:\"\";s:10:\"cssNavName\";s:0:\"\";s:4:\"skin\";s:1:\"0\";s:9:\"metatitle\";s:9:\"News Feed\";s:8:\"metadesc\";s:9:\"News Feed\";s:8:\"metakeys\";s:9:\"News Feed\";s:10:\"metarobots\";s:5:\"index\";s:5:\"start\";N;s:3:\"end\";N;s:13:\"editingStatus\";s:0:\"\";s:10:\"protection\";s:1:\"0\";s:16:\"frontendAccessId\";s:1:\"0\";s:15:\"backendAccessId\";s:1:\"0\";s:7:\"display\";s:1:\"1\";s:6:\"active\";s:1:\"1\";s:6:\"target\";s:0:\"\";s:6:\"module\";s:4:\"News\";s:3:\"cmd\";s:4:\"feed\";}', 'create', '1', 'Cx\\Core\\ContentManager\\Model\\Entity\\Page', '{\"id\":1,\"name\":\"system\"}');
INSERT INTO `contrexx_content_page`(`id`, `node_id`, `nodeIdShadowed`, `lang`, `type`, `caching`, `updatedAt`, `updatedBy`, `title`, `linkTarget`, `contentTitle`, `slug`, `content`, `sourceMode`, `customContent`, `cssName`, `cssNavName`, `skin`, `metatitle`, `metadesc`, `metakeys`, `metarobots`, `start`, `end`, `editingStatus`, `protection`, `frontendAccessId`, `backendAccessId`, `display`, `active`, `target`, `module`, `cmd`) VALUES('21', '12', '12', '2', 'fallback', '0', '2014-09-02 00:00:00', 'system', 'News Feed', '', 'News Feed', 'News-Feed', '<h3>Online Integration using the RSS-Newsfeed</h3>\r\n<p><a class=\"rssfeed\" title=\"RSS Newsfeed of {NEWS_HOSTNAME}\" href=\"{NEWS_RSS_FEED_URL}\" style=\"\"><img width=\"48\" height=\"74\" border=\"0\" alt=\"The feed of the website can be requested using this link\" src=\"images/ContentManager/icons/rss_bg.gif\" style=\"margin: 5px 20px 20px; float: right;\" /></a>RSS is an electronic news format which allows users to receive updates from a website without the need of visiting the page at all.</p>\r\n<h3>Online Integration using Javascript</h3>\r\nThe feed of this website can also be displayed in your website in a very simple way. Simple put the following code into your website:<br />\r\n<br />\r\n<form action=\"\">\r\n    <textarea name=\"code\" cols=\"30\" rows=\"18\" style=\"width: 98%; font-size: 95%;\">{NEWS_RSS2JS_CODE}</textarea>     <br />\r\n    <br />\r\n    <input type=\"button\" name=\"button\" onclick=\"javascript:this.form.code.focus();this.form.code.select();\" value=\"Select all\" />\r\n</form>', '0', '', '', '', 0, 'News Feed', 'News Feed', 'News Feed', 'index', NULL, NULL, '', '0', '0', '0', '1', '1', '', 'News', 'feed');
INSERT INTO `contrexx_log_entry`(`logged_at`, `object_id`, `data`, `action`, `version`, `object_class`, `username`) VALUES('2014-09-02 00:00:00', '21', 'a:31:{s:14:\"nodeIdShadowed\";i:12;s:4:\"lang\";s:1:\"2\";s:4:\"type\";s:8:\"fallback\";s:7:\"caching\";s:1:\"0\";s:9:\"updatedAt\";O:8:\"DateTime\":3:{s:4:\"date\";s:19:\"2014-09-02 00:00:00\";s:13:\"timezone_type\";i:3;s:8:\"timezone\";s:12:\"Europe/Paris\";}s:9:\"updatedBy\";s:6:\"system\";s:5:\"title\";s:9:\"News Feed\";s:10:\"linkTarget\";s:0:\"\";s:12:\"contentTitle\";s:9:\"News Feed\";s:4:\"slug\";s:9:\"News-Feed\";s:7:\"content\";s:963:\"<h3>Online Integration using the RSS-Newsfeed</h3>\n<p><a class=\"rssfeed\" title=\"RSS Newsfeed of {NEWS_HOSTNAME}\" href=\"{NEWS_RSS_FEED_URL}\" style=\"\"><img width=\"48\" height=\"74\" border=\"0\" alt=\"The feed of the website can be requested using this link\" src=\"images/ContentManager/icons/rss_bg.gif\" style=\"margin: 5px 20px 20px; float: right;\" /></a>RSS is an electronic news format which allows users to receive updates from a website without the need of visiting the page at all.</p>\n<h3>Online Integration using Javascript</h3>\nThe feed of this website can also be displayed in your website in a very simple way. Simple put the following code into your website:<br />\n<br />\n<form action=\"\">\n    <textarea name=\"code\" cols=\"30\" rows=\"18\" style=\"width: 98%; font-size: 95%;\">{NEWS_RSS2JS_CODE}</textarea>     <br />\n    <br />\n    <input type=\"button\" name=\"button\" onclick=\"javascript:this.form.code.focus();this.form.code.select();\" value=\"Select all\" />\n</form>\";s:10:\"sourceMode\";b:0;s:13:\"customContent\";s:0:\"\";s:7:\"cssName\";s:0:\"\";s:10:\"cssNavName\";s:0:\"\";s:4:\"skin\";s:1:\"0\";s:9:\"metatitle\";s:9:\"News Feed\";s:8:\"metadesc\";s:9:\"News Feed\";s:8:\"metakeys\";s:9:\"News Feed\";s:10:\"metarobots\";s:5:\"index\";s:5:\"start\";N;s:3:\"end\";N;s:13:\"editingStatus\";s:0:\"\";s:10:\"protection\";s:1:\"0\";s:16:\"frontendAccessId\";s:1:\"0\";s:15:\"backendAccessId\";s:1:\"0\";s:7:\"display\";s:1:\"1\";s:6:\"active\";s:1:\"1\";s:6:\"target\";s:0:\"\";s:6:\"module\";s:4:\"News\";s:3:\"cmd\";s:4:\"feed\";}', 'create', '1', 'Cx\\Core\\ContentManager\\Model\\Entity\\Page', '{\"id\":1,\"name\":\"system\"}');
INSERT INTO `contrexx_content_node`(`id`, `parent_id`, `lft`, `rgt`, `lvl`) VALUES('13', '10', '23', '24', '2');
INSERT INTO `contrexx_content_page`(`id`, `node_id`, `nodeIdShadowed`, `lang`, `type`, `caching`, `updatedAt`, `updatedBy`, `title`, `linkTarget`, `contentTitle`, `slug`, `content`, `sourceMode`, `customContent`, `cssName`, `cssNavName`, `skin`, `metatitle`, `metadesc`, `metakeys`, `metarobots`, `start`, `end`, `editingStatus`, `protection`, `frontendAccessId`, `backendAccessId`, `display`, `active`, `target`, `module`, `cmd`) VALUES('22', '13', '13', '1', 'application', '1', '2014-09-02 00:00:00', 'system', 'Newsmeldung', '', 'Newsmeldung', 'Newsmeldung', '{APPLICATION_DATA}', '0', '', '', '', 0, 'Newsmeldung', 'Newsmeldung', 'Newsmeldung', 'index', NULL, NULL, '', '0', '0', '0', '0', '1', '', 'News', 'details');
INSERT INTO `contrexx_log_entry`(`logged_at`, `object_id`, `data`, `action`, `version`, `object_class`, `username`) VALUES('2014-09-02 00:00:00', '22', 'a:31:{s:14:\"nodeIdShadowed\";i:13;s:4:\"lang\";s:1:\"1\";s:4:\"type\";s:11:\"application\";s:7:\"caching\";s:1:\"1\";s:9:\"updatedAt\";O:8:\"DateTime\":3:{s:4:\"date\";s:19:\"2014-09-02 00:00:00\";s:13:\"timezone_type\";i:3;s:8:\"timezone\";s:12:\"Europe/Paris\";}s:9:\"updatedBy\";s:6:\"system\";s:5:\"title\";s:11:\"Newsmeldung\";s:10:\"linkTarget\";s:0:\"\";s:12:\"contentTitle\";s:11:\"Newsmeldung\";s:4:\"slug\";s:11:\"Newsmeldung\";s:7:\"content\";s:18:\"{APPLICATION_DATA}\";s:10:\"sourceMode\";b:0;s:13:\"customContent\";s:0:\"\";s:7:\"cssName\";s:0:\"\";s:10:\"cssNavName\";s:0:\"\";s:4:\"skin\";s:1:\"0\";s:9:\"metatitle\";s:11:\"Newsmeldung\";s:8:\"metadesc\";s:11:\"Newsmeldung\";s:8:\"metakeys\";s:11:\"Newsmeldung\";s:10:\"metarobots\";s:5:\"index\";s:5:\"start\";N;s:3:\"end\";N;s:13:\"editingStatus\";s:0:\"\";s:10:\"protection\";s:1:\"0\";s:16:\"frontendAccessId\";s:1:\"0\";s:15:\"backendAccessId\";s:1:\"0\";s:7:\"display\";s:1:\"0\";s:6:\"active\";s:1:\"1\";s:6:\"target\";s:0:\"\";s:6:\"module\";s:4:\"News\";s:3:\"cmd\";s:7:\"details\";}', 'create', '1', 'Cx\\Core\\ContentManager\\Model\\Entity\\Page', '{\"id\":1,\"name\":\"system\"}');
INSERT INTO `contrexx_content_page`(`id`, `node_id`, `nodeIdShadowed`, `lang`, `type`, `caching`, `updatedAt`, `updatedBy`, `title`, `linkTarget`, `contentTitle`, `slug`, `content`, `sourceMode`, `customContent`, `cssName`, `cssNavName`, `skin`, `metatitle`, `metadesc`, `metakeys`, `metarobots`, `start`, `end`, `editingStatus`, `protection`, `frontendAccessId`, `backendAccessId`, `display`, `active`, `target`, `module`, `cmd`) VALUES('23', '13', '13', '2', 'fallback', '0', '2014-09-02 00:00:00', 'system', 'Newsmeldung', '', 'Newsmeldung', 'Newsmeldung', '<div id=\"news_details\">\r\n{NEWS_TEXT}<br /><br />\r\n<script type=\"text/javascript\">\r\n   $J(\".toggle\").live(\'click\',function(){\r\n    $J(\"form\").toggle();\r\n  });\r\n</script>\r\n<!-- BEGIN news_comments -->\r\n\r\n    <!-- BEGIN news_comment_list -->\r\n        <h3>{TXT_NEWS_COMMENTS}</h3>\r\n        <!-- BEGIN news_comment -->\r\n            <div class=\"comments\">\r\n            <div class=\"comment_avatar\">{NEWS_COMMENTS_POSTER}</div>\r\n            <div class=\"comment_title\"><strong>{NEWS_COMMENTS_TITLE}</strong></div>\r\n            <div class=\"comment_posted\">{NEWS_COMMENTS_DATE}</div>\r\n            <div class=\"comment_text\">{NEWS_COMMENTS_MESSAGE}</div>\r\n            </div>\r\n        <!-- END news_comment -->\r\n    <!-- END news_comment_list -->\r\n\r\n    <!-- BEGIN news_no_comment -->\r\n        <div class=\"comments\">{TXT_NEWS_COMMENTS_NONE_EXISTING}</div>\r\n    <!-- END news_no_comment -->\r\n\r\n    <!-- BEGIN news_add_comment -->\r\n    <br />\r\n        <input class=\"toggle\" type=\"submit\" value=\"Kommentar schreiben\" />\r\n        <form style=\"display: none;\" method=\"post\" action=\"index.php?section=news&amp;cmd=details12&amp;newsid={NEWS_ID}\">\r\n            <fieldset style=\"margin-top:12px\"> \r\n                <legend>{TXT_NEWS_ADD_COMMENT}</legend>\r\n\r\n                <!-- BEGIN news_add_comment_error -->\r\n                    <div class=\"error\">{NEWS_ADD_COMMENT_ERROR}</div>\r\n                <!-- END news_add_comment_error -->\r\n\r\n                <!-- BEGIN news_add_comment_name -->\r\n                <p>\r\n                    <label for=\"news_comment_name\">{TXT_NEWS_NAME}</label>\r\n                    <input type=\"text\" name=\"news_comment_name\" id=\"news_comment_name\" value=\"{NEWS_COMMENT_NAME}\" />\r\n                </p>\r\n                <!-- END news_add_comment_name -->\r\n                <p>\r\n                    <label for=\"news_comment_title\">{TXT_NEWS_TITLE}</label>\r\n                    <input type=\"text\" name=\"news_comment_title\" id=\"news_comment_title\" value=\"{NEWS_COMMENT_TITLE}\" />\r\n                </p>\r\n                <p>\r\n                    <label for=\"news_comment_message\">{TXT_NEWS_COMMENT}</label>\r\n                    <textarea name=\"news_comment_message\" id=\"news_comment_message\" cols=\"40\" rows=\"7\">{NEWS_COMMENT_MESSAGE}</textarea>\r\n                </p>\r\n\r\n                <!-- BEGIN news_add_comment_captcha -->\r\n                <p>\r\n                    <label>{TXT_NEWS_CAPTCHA}</label>\r\n                    {NEWS_COMMENT_CAPTCHA_CODE}\r\n                </p>\r\n                <!-- END news_add_comment_captcha -->\r\n\r\n                <p><input name=\"news_add_comment\" type=\"submit\" value=\"{TXT_NEWS_ADD}\" /></p>\r\n            </fieldset>\r\n        </form>\r\n    <!-- END news_add_comment -->\r\n<!-- END news_comments -->\r\n\r\n<br /><br />\r\n<table cellspacing=\"0\">\r\n	<tbody>\r\n		<tr>\r\n			<th colspan=\"2\">Toolbox</th>\r\n		</tr>\r\n		<tr class=\"row1\">\r\n			<td width=\"1%\">\r\n				<img width=\"16\" height=\"16\" alt=\"Print\" src=\"images/ContentManager/icons/printer-1.gif\" />\r\n			</td>\r\n			<td width=\"99%\">\r\n				<a href=\"{PRINT_URL}\">Drucken</a>\r\n			</td>\r\n		</tr>\r\n		<tr class=\"row2\">\r\n			<td>\r\n				<img width=\"16\" height=\"16\" alt=\"Acrobat\" src=\"images/ContentManager/icons/page_white_acrobat.gif\" />\r\n			</td>\r\n			<td>\r\n				<a href=\"{PDF_URL}\">PDF</a>\r\n			</td>\r\n		</tr>\r\n		<tr class=\"row1\">\r\n			<td>\r\n				<img width=\"16\" height=\"16\" alt=\"Arrow Right\" src=\"images/ContentManager/icons/arrow_right.gif\" />\r\n			</td>\r\n			<td>\r\n				<a href=\"index.php?section=recommend\">Weiterempfehlen</a>\r\n			</td>\r\n		</tr>\r\n		<tr class=\"row2\">\r\n			<td>\r\n				<img width=\"16\" height=\"16\" alt=\"RSS\" src=\"images/ContentManager/icons/rss.gif\" />\r\n			</td>\r\n			<td>\r\n				<a href=\"feed/news_headlines_de.xml\">RSS Abonnieren</a>\r\n			</td>\r\n		</tr>\r\n	</tbody>\r\n</table>\r\n<br />\r\n<table cellspacing=\"0\" border=\"0\" class=\"news_meta\">\r\n	<tbody>\r\n		<tr>\r\n			<td width=\"33%\">Ver&ouml;ffentlicht<br />{NEWS_DATE}</td>\r\n			<td width=\"33%\">{NEWS_SOURCE}</td>\r\n			<td width=\"33%\">{NEWS_URL}</td>\r\n		</tr>\r\n	</tbody>\r\n</table>\r\n</div>\r\n<aside class=\"col sidebar\" id=\"\">\r\n\r\n\r\n\r\n\r\n\r\n<section class=\"box\">\r\n								<h3>Popular News</h3>\r\n\r\n								<div class=\"popular-posts\">\r\n									<div class=\"post\">\r\n\r\n										<div class=\"txt\">\r\n											<h4><a href=\"/versions/trunk/de/en/#\">Build with ...</a></h4>\r\n											<p>Lorem ipsum dolor sit amet, consectetuer adipiscing elit, sed diam nonummy ...</p>\r\n										</div>\r\n									</div>\r\n									<div class=\"post\">\r\n\r\n										<div class=\"txt\">\r\n											<h4><a href=\"/versions/trunk/de/en/#\">Insanely Easy ...</a></h4>\r\n											<p>Lorem ipsum dolor sit amet, consectetuer adipiscing elit, sed diam nonummy ...</p>\r\n										</div>\r\n									</div>\r\n\r\n								</div>\r\n							</section>\r\n\r\n\r\n\r\n</aside>', '1', '', '', '', 0, 'Newsmeldung', 'Newsmeldung', 'Newsmeldung', 'index', NULL, NULL, '', '0', '0', '0', '0', '1', '', 'News', 'details');
INSERT INTO `contrexx_log_entry`(`logged_at`, `object_id`, `data`, `action`, `version`, `object_class`, `username`) VALUES('2014-09-02 00:00:00', '23', 'a:31:{s:14:\"nodeIdShadowed\";i:13;s:4:\"lang\";s:1:\"2\";s:4:\"type\";s:8:\"fallback\";s:7:\"caching\";s:1:\"0\";s:9:\"updatedAt\";O:8:\"DateTime\":3:{s:4:\"date\";s:19:\"2014-09-02 00:00:00\";s:13:\"timezone_type\";i:3;s:8:\"timezone\";s:12:\"Europe/Paris\";}s:9:\"updatedBy\";s:6:\"system\";s:5:\"title\";s:11:\"Newsmeldung\";s:10:\"linkTarget\";s:0:\"\";s:12:\"contentTitle\";s:11:\"Newsmeldung\";s:4:\"slug\";s:11:\"Newsmeldung\";s:7:\"content\";s:4574:\"<div id=\"news_details\">\n{NEWS_TEXT}<br /><br />\n<script type=\"text/javascript\">\n   $J(\".toggle\").live(\'click\',function(){\n    $J(\"form\").toggle();\n  });\n</script>\n<!-- BEGIN news_comments -->\n\n    <!-- BEGIN news_comment_list -->\n        <h3>{TXT_NEWS_COMMENTS}</h3>\n        <!-- BEGIN news_comment -->\n            <div class=\"comments\">\n            <div class=\"comment_avatar\">{NEWS_COMMENTS_POSTER}</div>\n            <div class=\"comment_title\"><strong>{NEWS_COMMENTS_TITLE}</strong></div>\n            <div class=\"comment_posted\">{NEWS_COMMENTS_DATE}</div>\n            <div class=\"comment_text\">{NEWS_COMMENTS_MESSAGE}</div>\n            </div>\n        <!-- END news_comment -->\n    <!-- END news_comment_list -->\n\n    <!-- BEGIN news_no_comment -->\n        <div class=\"comments\">{TXT_NEWS_COMMENTS_NONE_EXISTING}</div>\n    <!-- END news_no_comment -->\n\n    <!-- BEGIN news_add_comment -->\n    <br />\n        <input class=\"toggle\" type=\"submit\" value=\"Kommentar schreiben\" />\n        <form style=\"display: none;\" method=\"post\" action=\"index.php?section=news&amp;cmd=details12&amp;newsid={NEWS_ID}\">\n            <fieldset style=\"margin-top:12px\"> \n                <legend>{TXT_NEWS_ADD_COMMENT}</legend>\n\n                <!-- BEGIN news_add_comment_error -->\n                    <div class=\"error\">{NEWS_ADD_COMMENT_ERROR}</div>\n                <!-- END news_add_comment_error -->\n\n                <!-- BEGIN news_add_comment_name -->\n                <p>\n                    <label for=\"news_comment_name\">{TXT_NEWS_NAME}</label>\n                    <input type=\"text\" name=\"news_comment_name\" id=\"news_comment_name\" value=\"{NEWS_COMMENT_NAME}\" />\n                </p>\n                <!-- END news_add_comment_name -->\n                <p>\n                    <label for=\"news_comment_title\">{TXT_NEWS_TITLE}</label>\n                    <input type=\"text\" name=\"news_comment_title\" id=\"news_comment_title\" value=\"{NEWS_COMMENT_TITLE}\" />\n                </p>\n                <p>\n                    <label for=\"news_comment_message\">{TXT_NEWS_COMMENT}</label>\n                    <textarea name=\"news_comment_message\" id=\"news_comment_message\" cols=\"40\" rows=\"7\">{NEWS_COMMENT_MESSAGE}</textarea>\n                </p>\n\n                <!-- BEGIN news_add_comment_captcha -->\n                <p>\n                    <label>{TXT_NEWS_CAPTCHA}</label>\n                    {NEWS_COMMENT_CAPTCHA_CODE}\n                </p>\n                <!-- END news_add_comment_captcha -->\n\n                <p><input name=\"news_add_comment\" type=\"submit\" value=\"{TXT_NEWS_ADD}\" /></p>\n            </fieldset>\n        </form>\n    <!-- END news_add_comment -->\n<!-- END news_comments -->\n\n<br /><br />\n<table cellspacing=\"0\">\n	<tbody>\n		<tr>\n			<th colspan=\"2\">Toolbox</th>\n		</tr>\n		<tr class=\"row1\">\n			<td width=\"1%\">\n				<img width=\"16\" height=\"16\" alt=\"Print\" src=\"images/ContentManager/icons/printer-1.gif\" />\n			</td>\n			<td width=\"99%\">\n				<a href=\"{PRINT_URL}\">Drucken</a>\n			</td>\n		</tr>\n		<tr class=\"row2\">\n			<td>\n				<img width=\"16\" height=\"16\" alt=\"Acrobat\" src=\"images/ContentManager/icons/page_white_acrobat.gif\" />\n			</td>\n			<td>\n				<a href=\"{PDF_URL}\">PDF</a>\n			</td>\n		</tr>\n		<tr class=\"row1\">\n			<td>\n				<img width=\"16\" height=\"16\" alt=\"Arrow Right\" src=\"images/ContentManager/icons/arrow_right.gif\" />\n			</td>\n			<td>\n				<a href=\"index.php?section=recommend\">Weiterempfehlen</a>\n			</td>\n		</tr>\n		<tr class=\"row2\">\n			<td>\n				<img width=\"16\" height=\"16\" alt=\"RSS\" src=\"images/ContentManager/icons/rss.gif\" />\n			</td>\n			<td>\n				<a href=\"feed/news_headlines_de.xml\">RSS Abonnieren</a>\n			</td>\n		</tr>\n	</tbody>\n</table>\n<br />\n<table cellspacing=\"0\" border=\"0\" class=\"news_meta\">\n	<tbody>\n		<tr>\n			<td width=\"33%\">Ver&ouml;ffentlicht<br />{NEWS_DATE}</td>\n			<td width=\"33%\">{NEWS_SOURCE}</td>\n			<td width=\"33%\">{NEWS_URL}</td>\n		</tr>\n	</tbody>\n</table>\n</div>\n<aside class=\"col sidebar\" id=\"\">\n\n\n\n\n\n<section class=\"box\">\n								<h3>Popular News</h3>\n\n								<div class=\"popular-posts\">\n									<div class=\"post\">\n\n										<div class=\"txt\">\n											<h4><a href=\"/versions/trunk/de/en/#\">Build with ...</a></h4>\n											<p>Lorem ipsum dolor sit amet, consectetuer adipiscing elit, sed diam nonummy ...</p>\n										</div>\n									</div>\n									<div class=\"post\">\n\n										<div class=\"txt\">\n											<h4><a href=\"/versions/trunk/de/en/#\">Insanely Easy ...</a></h4>\n											<p>Lorem ipsum dolor sit amet, consectetuer adipiscing elit, sed diam nonummy ...</p>\n										</div>\n									</div>\n\n								</div>\n							</section>\n\n\n\n</aside>\";s:10:\"sourceMode\";b:1;s:13:\"customContent\";s:0:\"\";s:7:\"cssName\";s:0:\"\";s:10:\"cssNavName\";s:0:\"\";s:4:\"skin\";s:1:\"0\";s:9:\"metatitle\";s:11:\"Newsmeldung\";s:8:\"metadesc\";s:11:\"Newsmeldung\";s:8:\"metakeys\";s:11:\"Newsmeldung\";s:10:\"metarobots\";s:5:\"index\";s:5:\"start\";N;s:3:\"end\";N;s:13:\"editingStatus\";s:0:\"\";s:10:\"protection\";s:1:\"0\";s:16:\"frontendAccessId\";s:1:\"0\";s:15:\"backendAccessId\";s:1:\"0\";s:7:\"display\";s:1:\"0\";s:6:\"active\";s:1:\"1\";s:6:\"target\";s:0:\"\";s:6:\"module\";s:4:\"News\";s:3:\"cmd\";s:7:\"details\";}', 'create', '1', 'Cx\\Core\\ContentManager\\Model\\Entity\\Page', '{\"id\":1,\"name\":\"system\"}');
INSERT INTO `contrexx_content_node`(`id`, `parent_id`, `lft`, `rgt`, `lvl`) VALUES('14', '10', '25', '26', '2');
INSERT INTO `contrexx_content_page`(`id`, `node_id`, `nodeIdShadowed`, `lang`, `type`, `caching`, `updatedAt`, `updatedBy`, `title`, `linkTarget`, `contentTitle`, `slug`, `content`, `sourceMode`, `customContent`, `cssName`, `cssNavName`, `skin`, `metatitle`, `metadesc`, `metakeys`, `metarobots`, `start`, `end`, `editingStatus`, `protection`, `frontendAccessId`, `backendAccessId`, `display`, `active`, `target`, `module`, `cmd`) VALUES('24', '14', '14', '1', 'application', '0', '2014-09-02 00:00:00', 'system', 'Archiv', '', 'Archiv', 'Archiv', '{APPLICATION_DATA}', '0', '', '', '', 0, 'Archiv', 'Archiv', 'Archiv', '1', NULL, NULL, '', '0', '0', '0', '1', '1', '', 'News', 'archive');
INSERT INTO `contrexx_log_entry`(`logged_at`, `object_id`, `data`, `action`, `version`, `object_class`, `username`) VALUES('2014-09-02 00:00:00', '24', 'a:31:{s:14:\"nodeIdShadowed\";i:14;s:4:\"lang\";s:1:\"1\";s:4:\"type\";s:11:\"application\";s:7:\"caching\";s:1:\"0\";s:9:\"updatedAt\";O:8:\"DateTime\":3:{s:4:\"date\";s:19:\"2014-09-02 00:00:00\";s:13:\"timezone_type\";i:3;s:8:\"timezone\";s:12:\"Europe/Paris\";}s:9:\"updatedBy\";s:6:\"system\";s:5:\"title\";s:6:\"Archiv\";s:10:\"linkTarget\";s:0:\"\";s:12:\"contentTitle\";s:6:\"Archiv\";s:4:\"slug\";s:6:\"Archiv\";s:7:\"content\";s:18:\"{APPLICATION_DATA}\";s:10:\"sourceMode\";b:0;s:13:\"customContent\";s:0:\"\";s:7:\"cssName\";s:0:\"\";s:10:\"cssNavName\";s:0:\"\";s:4:\"skin\";s:1:\"0\";s:9:\"metatitle\";s:6:\"Archiv\";s:8:\"metadesc\";s:6:\"Archiv\";s:8:\"metakeys\";s:6:\"Archiv\";s:10:\"metarobots\";s:1:\"1\";s:5:\"start\";N;s:3:\"end\";N;s:13:\"editingStatus\";s:0:\"\";s:10:\"protection\";s:1:\"0\";s:16:\"frontendAccessId\";s:1:\"0\";s:15:\"backendAccessId\";s:1:\"0\";s:7:\"display\";s:1:\"1\";s:6:\"active\";s:1:\"1\";s:6:\"target\";s:0:\"\";s:6:\"module\";s:4:\"News\";s:3:\"cmd\";s:7:\"archive\";}', 'create', '1', 'Cx\\Core\\ContentManager\\Model\\Entity\\Page', '{\"id\":1,\"name\":\"system\"}');
INSERT INTO `contrexx_content_page`(`id`, `node_id`, `nodeIdShadowed`, `lang`, `type`, `caching`, `updatedAt`, `updatedBy`, `title`, `linkTarget`, `contentTitle`, `slug`, `content`, `sourceMode`, `customContent`, `cssName`, `cssNavName`, `skin`, `metatitle`, `metadesc`, `metakeys`, `metarobots`, `start`, `end`, `editingStatus`, `protection`, `frontendAccessId`, `backendAccessId`, `display`, `active`, `target`, `module`, `cmd`) VALUES('25', '14', '14', '2', 'fallback', '0', '2014-09-02 00:00:00', 'system', 'Archiv', '', 'Archiv', 'Archiv', '', '1', '', '', '', 0, 'Archiv', 'Archiv', 'Archiv', '1', NULL, NULL, '', '0', '0', '0', '1', '1', '', 'Access', '');
INSERT INTO `contrexx_log_entry`(`logged_at`, `object_id`, `data`, `action`, `version`, `object_class`, `username`) VALUES('2014-09-02 00:00:00', '25', 'a:31:{s:14:\"nodeIdShadowed\";i:14;s:4:\"lang\";s:1:\"2\";s:4:\"type\";s:8:\"fallback\";s:7:\"caching\";s:1:\"0\";s:9:\"updatedAt\";O:8:\"DateTime\":3:{s:4:\"date\";s:19:\"2014-09-02 00:00:00\";s:13:\"timezone_type\";i:3;s:8:\"timezone\";s:12:\"Europe/Paris\";}s:9:\"updatedBy\";s:6:\"system\";s:5:\"title\";s:6:\"Archiv\";s:10:\"linkTarget\";s:0:\"\";s:12:\"contentTitle\";s:6:\"Archiv\";s:4:\"slug\";s:6:\"Archiv\";s:7:\"content\";s:0:\"\";s:10:\"sourceMode\";b:1;s:13:\"customContent\";s:0:\"\";s:7:\"cssName\";s:0:\"\";s:10:\"cssNavName\";s:0:\"\";s:4:\"skin\";s:1:\"0\";s:9:\"metatitle\";s:6:\"Archiv\";s:8:\"metadesc\";s:6:\"Archiv\";s:8:\"metakeys\";s:6:\"Archiv\";s:10:\"metarobots\";s:1:\"1\";s:5:\"start\";N;s:3:\"end\";N;s:13:\"editingStatus\";s:0:\"\";s:10:\"protection\";s:1:\"0\";s:16:\"frontendAccessId\";s:1:\"0\";s:15:\"backendAccessId\";s:1:\"0\";s:7:\"display\";s:1:\"1\";s:6:\"active\";s:1:\"1\";s:6:\"target\";s:0:\"\";s:6:\"module\";s:6:\"Access\";s:3:\"cmd\";s:0:\"\";}', 'create', '1', 'Cx\\Core\\ContentManager\\Model\\Entity\\Page', '{\"id\":1,\"name\":\"system\"}');
INSERT INTO `contrexx_content_page`(`id`, `node_id`, `nodeIdShadowed`, `lang`, `type`, `caching`, `updatedAt`, `updatedBy`, `title`, `linkTarget`, `contentTitle`, `slug`, `content`, `sourceMode`, `customContent`, `cssName`, `cssNavName`, `skin`, `metatitle`, `metadesc`, `metakeys`, `metarobots`, `start`, `end`, `editingStatus`, `protection`, `frontendAccessId`, `backendAccessId`, `display`, `active`, `target`, `module`, `cmd`) VALUES('26', '10', '10', '2', 'fallback', '0', '2014-09-02 00:00:00', 'system', 'News', '', 'News', 'News', '<div id=\"news_overview\">\r\n<form name=\"formNews\" method=\"post\" action=\"index.php?section=news\">\r\n    {NEWS_CAT_DROPDOWNMENU}\r\n</form>\r\n<br />\r\n<!-- BEGIN newsrow -->\r\n<div class=\"news_cat {NEWS_CSS}\">\r\n    <div class=\"image\">\r\n        <!-- BEGIN news_image -->        \r\n{NEWS_IMAGE}\r\n        <!-- END news_image -->\r\n    </div>\r\n    <div class=\"news_infos\">\r\n        <h3>\r\n            {NEWS_LINK_TITLE}\r\n           \r\n        </h3>\r\n {NEWS_DATE}\r\n\r\n    </div>\r\n</div>\r\n<!-- END newsrow -->\r\n\r\n<br />\r\n<div class=\"paging\"> {NEWS_PAGING}</div>\r\n</div>', '1', '', '', '', 0, 'News', 'News', 'News', 'index', NULL, NULL, '', '0', '0', '0', '1', '1', '', 'News', '');
INSERT INTO `contrexx_log_entry`(`logged_at`, `object_id`, `data`, `action`, `version`, `object_class`, `username`) VALUES('2014-09-02 00:00:00', '26', 'a:31:{s:14:\"nodeIdShadowed\";i:10;s:4:\"lang\";s:1:\"2\";s:4:\"type\";s:8:\"fallback\";s:7:\"caching\";s:1:\"0\";s:9:\"updatedAt\";O:8:\"DateTime\":3:{s:4:\"date\";s:19:\"2014-09-02 00:00:00\";s:13:\"timezone_type\";i:3;s:8:\"timezone\";s:12:\"Europe/Paris\";}s:9:\"updatedBy\";s:6:\"system\";s:5:\"title\";s:4:\"News\";s:10:\"linkTarget\";s:0:\"\";s:12:\"contentTitle\";s:4:\"News\";s:4:\"slug\";s:4:\"News\";s:7:\"content\";s:522:\"<div id=\"news_overview\">\n<form name=\"formNews\" method=\"post\" action=\"index.php?section=news\">\n    {NEWS_CAT_DROPDOWNMENU}\n</form>\n<br />\n<!-- BEGIN newsrow -->\n<div class=\"news_cat {NEWS_CSS}\">\n    <div class=\"image\">\n        <!-- BEGIN news_image -->        \n{NEWS_IMAGE}\n        <!-- END news_image -->\n    </div>\n    <div class=\"news_infos\">\n        <h3>\n            {NEWS_LINK_TITLE}\n           \n        </h3>\n {NEWS_DATE}\n\n    </div>\n</div>\n<!-- END newsrow -->\n\n<br />\n<div class=\"paging\"> {NEWS_PAGING}</div>\n</div>\";s:10:\"sourceMode\";b:1;s:13:\"customContent\";s:0:\"\";s:7:\"cssName\";s:0:\"\";s:10:\"cssNavName\";s:0:\"\";s:4:\"skin\";s:1:\"0\";s:9:\"metatitle\";s:4:\"News\";s:8:\"metadesc\";s:4:\"News\";s:8:\"metakeys\";s:4:\"News\";s:10:\"metarobots\";s:5:\"index\";s:5:\"start\";N;s:3:\"end\";N;s:13:\"editingStatus\";s:0:\"\";s:10:\"protection\";s:1:\"0\";s:16:\"frontendAccessId\";s:1:\"0\";s:15:\"backendAccessId\";s:1:\"0\";s:7:\"display\";s:1:\"1\";s:6:\"active\";s:1:\"1\";s:6:\"target\";s:0:\"\";s:6:\"module\";s:4:\"News\";s:3:\"cmd\";s:0:\"\";}', 'create', '1', 'Cx\\Core\\ContentManager\\Model\\Entity\\Page', '{\"id\":1,\"name\":\"system\"}');
INSERT INTO `contrexx_content_node`(`id`, `parent_id`, `lft`, `rgt`, `lvl`) VALUES('15', '1', '28', '29', '1');
INSERT INTO `contrexx_content_page`(`id`, `node_id`, `nodeIdShadowed`, `lang`, `type`, `caching`, `updatedAt`, `updatedBy`, `title`, `linkTarget`, `contentTitle`, `slug`, `content`, `sourceMode`, `customContent`, `cssName`, `cssNavName`, `skin`, `metatitle`, `metadesc`, `metakeys`, `metarobots`, `start`, `end`, `editingStatus`, `protection`, `frontendAccessId`, `backendAccessId`, `display`, `active`, `target`, `module`, `cmd`) VALUES('27', '15', '15', '1', 'application', '0', '2014-09-02 00:00:00', 'system', 'Kontakt', '', 'Kontakt', 'Kontakt', '{APPLICATION_DATA}', '0', '', '', '', 0, 'Kontakt', 'Kontakt', 'Kontakt', '', NULL, NULL, '', '0', '0', '0', '1', '1', '', 'Contact', '1');
INSERT INTO `contrexx_log_entry`(`logged_at`, `object_id`, `data`, `action`, `version`, `object_class`, `username`) VALUES('2014-09-02 00:00:00', '27', 'a:31:{s:14:\"nodeIdShadowed\";i:15;s:4:\"lang\";s:1:\"1\";s:4:\"type\";s:11:\"application\";s:7:\"caching\";s:1:\"0\";s:9:\"updatedAt\";O:8:\"DateTime\":3:{s:4:\"date\";s:19:\"2014-09-02 00:00:00\";s:13:\"timezone_type\";i:3;s:8:\"timezone\";s:12:\"Europe/Paris\";}s:9:\"updatedBy\";s:6:\"system\";s:5:\"title\";s:7:\"Kontakt\";s:10:\"linkTarget\";s:0:\"\";s:12:\"contentTitle\";s:7:\"Kontakt\";s:4:\"slug\";s:7:\"Kontakt\";s:7:\"content\";s:18:\"{APPLICATION_DATA}\";s:10:\"sourceMode\";b:0;s:13:\"customContent\";s:0:\"\";s:7:\"cssName\";s:0:\"\";s:10:\"cssNavName\";s:0:\"\";s:4:\"skin\";s:1:\"0\";s:9:\"metatitle\";s:7:\"Kontakt\";s:8:\"metadesc\";s:7:\"Kontakt\";s:8:\"metakeys\";s:7:\"Kontakt\";s:10:\"metarobots\";s:0:\"\";s:5:\"start\";N;s:3:\"end\";N;s:13:\"editingStatus\";s:0:\"\";s:10:\"protection\";s:1:\"0\";s:16:\"frontendAccessId\";s:1:\"0\";s:15:\"backendAccessId\";s:1:\"0\";s:7:\"display\";s:1:\"1\";s:6:\"active\";s:1:\"1\";s:6:\"target\";s:0:\"\";s:6:\"module\";s:7:\"Contact\";s:3:\"cmd\";s:1:\"1\";}', 'create', '1', 'Cx\\Core\\ContentManager\\Model\\Entity\\Page', '{\"id\":1,\"name\":\"system\"}');
INSERT INTO `contrexx_content_page`(`id`, `node_id`, `nodeIdShadowed`, `lang`, `type`, `caching`, `updatedAt`, `updatedBy`, `title`, `linkTarget`, `contentTitle`, `slug`, `content`, `sourceMode`, `customContent`, `cssName`, `cssNavName`, `skin`, `metatitle`, `metadesc`, `metakeys`, `metarobots`, `start`, `end`, `editingStatus`, `protection`, `frontendAccessId`, `backendAccessId`, `display`, `active`, `target`, `module`, `cmd`) VALUES('28', '15', '15', '2', 'application', '0', '2014-09-02 00:00:00', 'system', 'Kontakt', '', 'Kontakt', 'Kontakt', '{APPLICATION_DATA}', '0', '', '', '', 0, 'Kontakt', 'Kontakt', 'Kontakt', '', NULL, NULL, '', '0', '0', '0', '1', '1', '', 'Contact', '1');
INSERT INTO `contrexx_log_entry`(`logged_at`, `object_id`, `data`, `action`, `version`, `object_class`, `username`) VALUES('2014-09-02 00:00:00', '28', 'a:31:{s:14:\"nodeIdShadowed\";i:15;s:4:\"lang\";s:1:\"2\";s:4:\"type\";s:11:\"application\";s:7:\"caching\";s:1:\"0\";s:9:\"updatedAt\";O:8:\"DateTime\":3:{s:4:\"date\";s:19:\"2014-09-02 00:00:00\";s:13:\"timezone_type\";i:3;s:8:\"timezone\";s:12:\"Europe/Paris\";}s:9:\"updatedBy\";s:6:\"system\";s:5:\"title\";s:7:\"Kontakt\";s:10:\"linkTarget\";s:0:\"\";s:12:\"contentTitle\";s:7:\"Kontakt\";s:4:\"slug\";s:7:\"Kontakt\";s:7:\"content\";s:18:\"{APPLICATION_DATA}\";s:10:\"sourceMode\";b:0;s:13:\"customContent\";s:0:\"\";s:7:\"cssName\";s:0:\"\";s:10:\"cssNavName\";s:0:\"\";s:4:\"skin\";s:1:\"0\";s:9:\"metatitle\";s:7:\"Kontakt\";s:8:\"metadesc\";s:7:\"Kontakt\";s:8:\"metakeys\";s:7:\"Kontakt\";s:10:\"metarobots\";s:0:\"\";s:5:\"start\";N;s:3:\"end\";N;s:13:\"editingStatus\";s:0:\"\";s:10:\"protection\";s:1:\"0\";s:16:\"frontendAccessId\";s:1:\"0\";s:15:\"backendAccessId\";s:1:\"0\";s:7:\"display\";s:1:\"1\";s:6:\"active\";s:1:\"1\";s:6:\"target\";s:0:\"\";s:6:\"module\";s:7:\"Contact\";s:3:\"cmd\";s:1:\"1\";}', 'create', '1', 'Cx\\Core\\ContentManager\\Model\\Entity\\Page', '{\"id\":1,\"name\":\"system\"}');
INSERT INTO `contrexx_content_node`(`id`, `parent_id`, `lft`, `rgt`, `lvl`) VALUES('16', '1', '30', '55', '1');
INSERT INTO `contrexx_content_page`(`id`, `node_id`, `nodeIdShadowed`, `lang`, `type`, `caching`, `updatedAt`, `updatedBy`, `title`, `linkTarget`, `contentTitle`, `slug`, `content`, `sourceMode`, `customContent`, `cssName`, `cssNavName`, `skin`, `metatitle`, `metadesc`, `metakeys`, `metarobots`, `start`, `end`, `editingStatus`, `protection`, `frontendAccessId`, `backendAccessId`, `display`, `active`, `target`, `module`, `cmd`) VALUES('29', '16', '16', '1', 'content', '0', '2014-09-02 00:00:00', 'system', 'System', '', 'System', 'System', '<br />\r\n', '0', '', '', '', 0, 'System', 'System', 'System', '', NULL, NULL, '', '0', '0', '0', '0', '1', '', '', '');
INSERT INTO `contrexx_log_entry`(`logged_at`, `object_id`, `data`, `action`, `version`, `object_class`, `username`) VALUES('2014-09-02 00:00:00', '29', 'a:31:{s:14:\"nodeIdShadowed\";i:16;s:4:\"lang\";s:1:\"1\";s:4:\"type\";s:7:\"content\";s:7:\"caching\";s:1:\"0\";s:9:\"updatedAt\";O:8:\"DateTime\":3:{s:4:\"date\";s:19:\"2014-09-02 00:00:00\";s:13:\"timezone_type\";i:3;s:8:\"timezone\";s:12:\"Europe/Paris\";}s:9:\"updatedBy\";s:6:\"system\";s:5:\"title\";s:6:\"System\";s:10:\"linkTarget\";s:0:\"\";s:12:\"contentTitle\";s:6:\"System\";s:4:\"slug\";s:6:\"System\";s:7:\"content\";s:7:\"<br />\n\";s:10:\"sourceMode\";b:0;s:13:\"customContent\";s:0:\"\";s:7:\"cssName\";s:0:\"\";s:10:\"cssNavName\";s:0:\"\";s:4:\"skin\";s:1:\"0\";s:9:\"metatitle\";s:6:\"System\";s:8:\"metadesc\";s:6:\"System\";s:8:\"metakeys\";s:6:\"System\";s:10:\"metarobots\";s:0:\"\";s:5:\"start\";N;s:3:\"end\";N;s:13:\"editingStatus\";s:0:\"\";s:10:\"protection\";s:1:\"0\";s:16:\"frontendAccessId\";s:1:\"0\";s:15:\"backendAccessId\";s:1:\"0\";s:7:\"display\";s:1:\"0\";s:6:\"active\";s:1:\"1\";s:6:\"target\";s:0:\"\";s:6:\"module\";s:0:\"\";s:3:\"cmd\";s:0:\"\";}', 'create', '1', 'Cx\\Core\\ContentManager\\Model\\Entity\\Page', '{\"id\":1,\"name\":\"system\"}');
INSERT INTO `contrexx_content_node`(`id`, `parent_id`, `lft`, `rgt`, `lvl`) VALUES('17', '16', '31', '32', '2');
INSERT INTO `contrexx_content_page`(`id`, `node_id`, `nodeIdShadowed`, `lang`, `type`, `caching`, `updatedAt`, `updatedBy`, `title`, `linkTarget`, `contentTitle`, `slug`, `content`, `sourceMode`, `customContent`, `cssName`, `cssNavName`, `skin`, `metatitle`, `metadesc`, `metakeys`, `metarobots`, `start`, `end`, `editingStatus`, `protection`, `frontendAccessId`, `backendAccessId`, `display`, `active`, `target`, `module`, `cmd`) VALUES('30', '17', '17', '1', 'application', '0', '2014-09-02 00:00:00', 'system', 'Alert System', '', 'Alert System', 'Alert-System', '{APPLICATION_DATA}', '0', '', '', '', 0, 'Alert System', 'Alert System', 'Alert System', 'index', NULL, NULL, '', '0', '0', '0', '0', '1', '', 'Ids', '');
INSERT INTO `contrexx_log_entry`(`logged_at`, `object_id`, `data`, `action`, `version`, `object_class`, `username`) VALUES('2014-09-02 00:00:00', '30', 'a:31:{s:14:\"nodeIdShadowed\";i:17;s:4:\"lang\";s:1:\"1\";s:4:\"type\";s:11:\"application\";s:7:\"caching\";s:1:\"0\";s:9:\"updatedAt\";O:8:\"DateTime\":3:{s:4:\"date\";s:19:\"2014-09-02 00:00:00\";s:13:\"timezone_type\";i:3;s:8:\"timezone\";s:12:\"Europe/Paris\";}s:9:\"updatedBy\";s:6:\"system\";s:5:\"title\";s:12:\"Alert System\";s:10:\"linkTarget\";s:0:\"\";s:12:\"contentTitle\";s:12:\"Alert System\";s:4:\"slug\";s:12:\"Alert-System\";s:7:\"content\";s:18:\"{APPLICATION_DATA}\";s:10:\"sourceMode\";b:0;s:13:\"customContent\";s:0:\"\";s:7:\"cssName\";s:0:\"\";s:10:\"cssNavName\";s:0:\"\";s:4:\"skin\";s:1:\"0\";s:9:\"metatitle\";s:12:\"Alert System\";s:8:\"metadesc\";s:12:\"Alert System\";s:8:\"metakeys\";s:12:\"Alert System\";s:10:\"metarobots\";s:5:\"index\";s:5:\"start\";N;s:3:\"end\";N;s:13:\"editingStatus\";s:0:\"\";s:10:\"protection\";s:1:\"0\";s:16:\"frontendAccessId\";s:1:\"0\";s:15:\"backendAccessId\";s:1:\"0\";s:7:\"display\";s:1:\"0\";s:6:\"active\";s:1:\"1\";s:6:\"target\";s:0:\"\";s:6:\"module\";s:3:\"Ids\";s:3:\"cmd\";s:0:\"\";}', 'create', '1', 'Cx\\Core\\ContentManager\\Model\\Entity\\Page', '{\"id\":1,\"name\":\"system\"}');
INSERT INTO `contrexx_content_page`(`id`, `node_id`, `nodeIdShadowed`, `lang`, `type`, `caching`, `updatedAt`, `updatedBy`, `title`, `linkTarget`, `contentTitle`, `slug`, `content`, `sourceMode`, `customContent`, `cssName`, `cssNavName`, `skin`, `metatitle`, `metadesc`, `metakeys`, `metarobots`, `start`, `end`, `editingStatus`, `protection`, `frontendAccessId`, `backendAccessId`, `display`, `active`, `target`, `module`, `cmd`) VALUES('31', '17', '17', '2', 'fallback', '0', '2014-09-02 00:00:00', 'system', 'Alert System', '', 'Alert System', 'Alert-System', '<p>Your data has been detected as possibly malicious by the&nbsp; <strong>Contrexx&reg; Intrusion Detection System</strong>.<br />\r\nSome special character strings are being filtered by our Intrusion Detection System. If you think this message is shown in error, please <a href=\"mailto:support%20AT%20comvation%20DOT%20com\">contact us</a>.<br />\r\n<br />\r\n<span style=\"font-style: italic;\"><span style=\"font-weight: bold;\">Active </span></span><em><strong>Arbitrary Input Module:</strong></em></p>\r\n<ul>\r\n    <li>SQL Injection</li>\r\n    <li>Cross-Site Scripting</li>\r\n    <li>Session Hijacking</li>\r\n</ul>', '0', '', '', '', 0, 'Alert System', 'Alert System', 'Alert System', 'index', NULL, NULL, '', '0', '0', '0', '0', '1', '', 'Ids', '');
INSERT INTO `contrexx_log_entry`(`logged_at`, `object_id`, `data`, `action`, `version`, `object_class`, `username`) VALUES('2014-09-02 00:00:00', '31', 'a:31:{s:14:\"nodeIdShadowed\";i:17;s:4:\"lang\";s:1:\"2\";s:4:\"type\";s:8:\"fallback\";s:7:\"caching\";s:1:\"0\";s:9:\"updatedAt\";O:8:\"DateTime\":3:{s:4:\"date\";s:19:\"2014-09-02 00:00:00\";s:13:\"timezone_type\";i:3;s:8:\"timezone\";s:12:\"Europe/Paris\";}s:9:\"updatedBy\";s:6:\"system\";s:5:\"title\";s:12:\"Alert System\";s:10:\"linkTarget\";s:0:\"\";s:12:\"contentTitle\";s:12:\"Alert System\";s:4:\"slug\";s:12:\"Alert-System\";s:7:\"content\";s:595:\"<p>Your data has been detected as possibly malicious by the&nbsp; <strong>Contrexx&reg; Intrusion Detection System</strong>.<br />\nSome special character strings are being filtered by our Intrusion Detection System. If you think this message is shown in error, please <a href=\"mailto:support%20AT%20comvation%20DOT%20com\">contact us</a>.<br />\n<br />\n<span style=\"font-style: italic;\"><span style=\"font-weight: bold;\">Active </span></span><em><strong>Arbitrary Input Module:</strong></em></p>\n<ul>\n    <li>SQL Injection</li>\n    <li>Cross-Site Scripting</li>\n    <li>Session Hijacking</li>\n</ul>\";s:10:\"sourceMode\";b:0;s:13:\"customContent\";s:0:\"\";s:7:\"cssName\";s:0:\"\";s:10:\"cssNavName\";s:0:\"\";s:4:\"skin\";s:1:\"0\";s:9:\"metatitle\";s:12:\"Alert System\";s:8:\"metadesc\";s:12:\"Alert System\";s:8:\"metakeys\";s:12:\"Alert System\";s:10:\"metarobots\";s:5:\"index\";s:5:\"start\";N;s:3:\"end\";N;s:13:\"editingStatus\";s:0:\"\";s:10:\"protection\";s:1:\"0\";s:16:\"frontendAccessId\";s:1:\"0\";s:15:\"backendAccessId\";s:1:\"0\";s:7:\"display\";s:1:\"0\";s:6:\"active\";s:1:\"1\";s:6:\"target\";s:0:\"\";s:6:\"module\";s:3:\"Ids\";s:3:\"cmd\";s:0:\"\";}', 'create', '1', 'Cx\\Core\\ContentManager\\Model\\Entity\\Page', '{\"id\":1,\"name\":\"system\"}');
INSERT INTO `contrexx_content_node`(`id`, `parent_id`, `lft`, `rgt`, `lvl`) VALUES('18', '16', '33', '34', '2');
INSERT INTO `contrexx_content_page`(`id`, `node_id`, `nodeIdShadowed`, `lang`, `type`, `caching`, `updatedAt`, `updatedBy`, `title`, `linkTarget`, `contentTitle`, `slug`, `content`, `sourceMode`, `customContent`, `cssName`, `cssNavName`, `skin`, `metatitle`, `metadesc`, `metakeys`, `metarobots`, `start`, `end`, `editingStatus`, `protection`, `frontendAccessId`, `backendAccessId`, `display`, `active`, `target`, `module`, `cmd`) VALUES('32', '18', '18', '1', 'application', '0', '2014-09-02 00:00:00', 'system', 'Seite nicht gefunden', '', 'Seite nicht gefunden', 'Seite-nicht-gefunden', '{APPLICATION_DATA}', '0', '', '', '', 0, 'Seite nicht gefunden', 'Seite nicht gefunden', 'Seite nicht gefunden', '', NULL, NULL, '', '0', '0', '0', '0', '1', '', 'Error', '');
INSERT INTO `contrexx_log_entry`(`logged_at`, `object_id`, `data`, `action`, `version`, `object_class`, `username`) VALUES('2014-09-02 00:00:00', '32', 'a:31:{s:14:\"nodeIdShadowed\";i:18;s:4:\"lang\";s:1:\"1\";s:4:\"type\";s:11:\"application\";s:7:\"caching\";s:1:\"0\";s:9:\"updatedAt\";O:8:\"DateTime\":3:{s:4:\"date\";s:19:\"2014-09-02 00:00:00\";s:13:\"timezone_type\";i:3;s:8:\"timezone\";s:12:\"Europe/Paris\";}s:9:\"updatedBy\";s:6:\"system\";s:5:\"title\";s:20:\"Seite nicht gefunden\";s:10:\"linkTarget\";s:0:\"\";s:12:\"contentTitle\";s:20:\"Seite nicht gefunden\";s:4:\"slug\";s:20:\"Seite-nicht-gefunden\";s:7:\"content\";s:18:\"{APPLICATION_DATA}\";s:10:\"sourceMode\";b:0;s:13:\"customContent\";s:0:\"\";s:7:\"cssName\";s:0:\"\";s:10:\"cssNavName\";s:0:\"\";s:4:\"skin\";s:1:\"0\";s:9:\"metatitle\";s:20:\"Seite nicht gefunden\";s:8:\"metadesc\";s:20:\"Seite nicht gefunden\";s:8:\"metakeys\";s:20:\"Seite nicht gefunden\";s:10:\"metarobots\";s:0:\"\";s:5:\"start\";N;s:3:\"end\";N;s:13:\"editingStatus\";s:0:\"\";s:10:\"protection\";s:1:\"0\";s:16:\"frontendAccessId\";s:1:\"0\";s:15:\"backendAccessId\";s:1:\"0\";s:7:\"display\";s:1:\"0\";s:6:\"active\";s:1:\"1\";s:6:\"target\";s:0:\"\";s:6:\"module\";s:5:\"Error\";s:3:\"cmd\";s:0:\"\";}', 'create', '1', 'Cx\\Core\\ContentManager\\Model\\Entity\\Page', '{\"id\":1,\"name\":\"system\"}');
INSERT INTO `contrexx_content_page`(`id`, `node_id`, `nodeIdShadowed`, `lang`, `type`, `caching`, `updatedAt`, `updatedBy`, `title`, `linkTarget`, `contentTitle`, `slug`, `content`, `sourceMode`, `customContent`, `cssName`, `cssNavName`, `skin`, `metatitle`, `metadesc`, `metakeys`, `metarobots`, `start`, `end`, `editingStatus`, `protection`, `frontendAccessId`, `backendAccessId`, `display`, `active`, `target`, `module`, `cmd`) VALUES('33', '18', '18', '2', 'fallback', '0', '2014-09-02 00:00:00', 'system', 'Seite nicht gefunden', '', 'Seite nicht gefunden', 'Seite-nicht-gefunden', '<section class=\"error-page\">\r\n	<h2>\r\n		The requested document does not exist, or it was deactivated.</h2>\r\n	<h1>\r\n		{ERROR_NUMBER}.</h1>\r\n	<p>\r\n		{ERROR_MESSAGE}</p>\r\n	<p>\r\n		The document you are looking for may have been renamed, moved or deleted. There are several ways to locate a document. You can return to the Homepage, search for the document using keywords or consult our Help Site. To continue on from the last page you visited, please press the &#39;Back&#39; button of your browser.</p>\r\n</section>\r\n', '0', '', '', '', 0, 'Seite nicht gefunden', 'Seite nicht gefunden', 'Seite nicht gefunden', '', NULL, NULL, '', '0', '0', '0', '0', '1', '', 'Error', '');
INSERT INTO `contrexx_log_entry`(`logged_at`, `object_id`, `data`, `action`, `version`, `object_class`, `username`) VALUES('2014-09-02 00:00:00', '33', 'a:31:{s:14:\"nodeIdShadowed\";i:18;s:4:\"lang\";s:1:\"2\";s:4:\"type\";s:8:\"fallback\";s:7:\"caching\";s:1:\"0\";s:9:\"updatedAt\";O:8:\"DateTime\":3:{s:4:\"date\";s:19:\"2014-09-02 00:00:00\";s:13:\"timezone_type\";i:3;s:8:\"timezone\";s:12:\"Europe/Paris\";}s:9:\"updatedBy\";s:6:\"system\";s:5:\"title\";s:20:\"Seite nicht gefunden\";s:10:\"linkTarget\";s:0:\"\";s:12:\"contentTitle\";s:20:\"Seite nicht gefunden\";s:4:\"slug\";s:20:\"Seite-nicht-gefunden\";s:7:\"content\";s:501:\"<section class=\"error-page\">\n	<h2>\n		The requested document does not exist, or it was deactivated.</h2>\n	<h1>\n		{ERROR_NUMBER}.</h1>\n	<p>\n		{ERROR_MESSAGE}</p>\n	<p>\n		The document you are looking for may have been renamed, moved or deleted. There are several ways to locate a document. You can return to the Homepage, search for the document using keywords or consult our Help Site. To continue on from the last page you visited, please press the &#39;Back&#39; button of your browser.</p>\n</section>\n\";s:10:\"sourceMode\";b:0;s:13:\"customContent\";s:0:\"\";s:7:\"cssName\";s:0:\"\";s:10:\"cssNavName\";s:0:\"\";s:4:\"skin\";s:1:\"0\";s:9:\"metatitle\";s:20:\"Seite nicht gefunden\";s:8:\"metadesc\";s:20:\"Seite nicht gefunden\";s:8:\"metakeys\";s:20:\"Seite nicht gefunden\";s:10:\"metarobots\";s:0:\"\";s:5:\"start\";N;s:3:\"end\";N;s:13:\"editingStatus\";s:0:\"\";s:10:\"protection\";s:1:\"0\";s:16:\"frontendAccessId\";s:1:\"0\";s:15:\"backendAccessId\";s:1:\"0\";s:7:\"display\";s:1:\"0\";s:6:\"active\";s:1:\"1\";s:6:\"target\";s:0:\"\";s:6:\"module\";s:5:\"Error\";s:3:\"cmd\";s:0:\"\";}', 'create', '1', 'Cx\\Core\\ContentManager\\Model\\Entity\\Page', '{\"id\":1,\"name\":\"system\"}');
INSERT INTO `contrexx_content_node`(`id`, `parent_id`, `lft`, `rgt`, `lvl`) VALUES('19', '16', '35', '42', '2');
INSERT INTO `contrexx_content_page`(`id`, `node_id`, `nodeIdShadowed`, `lang`, `type`, `caching`, `updatedAt`, `updatedBy`, `title`, `linkTarget`, `contentTitle`, `slug`, `content`, `sourceMode`, `customContent`, `cssName`, `cssNavName`, `skin`, `metatitle`, `metadesc`, `metakeys`, `metarobots`, `start`, `end`, `editingStatus`, `protection`, `frontendAccessId`, `backendAccessId`, `display`, `active`, `target`, `module`, `cmd`) VALUES('34', '19', '19', '1', 'application', '0', '2014-09-02 00:00:00', 'system', 'Login', '', 'Login', 'Login', '{APPLICATION_DATA}', '0', '', 'login', '', 0, 'Login', 'Login', 'Login', 'index', NULL, NULL, '', '0', '0', '0', '0', '1', '', 'Login', '');
INSERT INTO `contrexx_log_entry`(`logged_at`, `object_id`, `data`, `action`, `version`, `object_class`, `username`) VALUES('2014-09-02 00:00:00', '34', 'a:31:{s:14:\"nodeIdShadowed\";i:19;s:4:\"lang\";s:1:\"1\";s:4:\"type\";s:11:\"application\";s:7:\"caching\";s:1:\"0\";s:9:\"updatedAt\";O:8:\"DateTime\":3:{s:4:\"date\";s:19:\"2014-09-02 00:00:00\";s:13:\"timezone_type\";i:3;s:8:\"timezone\";s:12:\"Europe/Paris\";}s:9:\"updatedBy\";s:6:\"system\";s:5:\"title\";s:5:\"Login\";s:10:\"linkTarget\";s:0:\"\";s:12:\"contentTitle\";s:5:\"Login\";s:4:\"slug\";s:5:\"Login\";s:7:\"content\";s:18:\"{APPLICATION_DATA}\";s:10:\"sourceMode\";b:0;s:13:\"customContent\";s:0:\"\";s:7:\"cssName\";s:5:\"login\";s:10:\"cssNavName\";s:0:\"\";s:4:\"skin\";s:1:\"0\";s:9:\"metatitle\";s:5:\"Login\";s:8:\"metadesc\";s:5:\"Login\";s:8:\"metakeys\";s:5:\"Login\";s:10:\"metarobots\";s:5:\"index\";s:5:\"start\";N;s:3:\"end\";N;s:13:\"editingStatus\";s:0:\"\";s:10:\"protection\";s:1:\"0\";s:16:\"frontendAccessId\";s:1:\"0\";s:15:\"backendAccessId\";s:1:\"0\";s:7:\"display\";s:1:\"0\";s:6:\"active\";s:1:\"1\";s:6:\"target\";s:0:\"\";s:6:\"module\";s:5:\"Login\";s:3:\"cmd\";s:0:\"\";}', 'create', '1', 'Cx\\Core\\ContentManager\\Model\\Entity\\Page', '{\"id\":1,\"name\":\"system\"}');
INSERT INTO `contrexx_content_node`(`id`, `parent_id`, `lft`, `rgt`, `lvl`) VALUES('20', '19', '36', '37', '3');
INSERT INTO `contrexx_content_page`(`id`, `node_id`, `nodeIdShadowed`, `lang`, `type`, `caching`, `updatedAt`, `updatedBy`, `title`, `linkTarget`, `contentTitle`, `slug`, `content`, `sourceMode`, `customContent`, `cssName`, `cssNavName`, `skin`, `metatitle`, `metadesc`, `metakeys`, `metarobots`, `start`, `end`, `editingStatus`, `protection`, `frontendAccessId`, `backendAccessId`, `display`, `active`, `target`, `module`, `cmd`) VALUES('35', '20', '20', '1', 'application', '0', '2014-09-02 00:00:00', 'system', 'Passwort vergessen?', '', 'Passwort vergessen?', 'Passwort-vergessen', '{APPLICATION_DATA}', '0', '', '', '', 0, 'Passwort vergessen?', 'Passwort vergessen?', 'Passwort vergessen?', 'index', NULL, NULL, '', '0', '0', '0', '0', '1', '', 'Login', 'lostpw');
INSERT INTO `contrexx_log_entry`(`logged_at`, `object_id`, `data`, `action`, `version`, `object_class`, `username`) VALUES('2014-09-02 00:00:00', '35', 'a:31:{s:14:\"nodeIdShadowed\";i:20;s:4:\"lang\";s:1:\"1\";s:4:\"type\";s:11:\"application\";s:7:\"caching\";s:1:\"0\";s:9:\"updatedAt\";O:8:\"DateTime\":3:{s:4:\"date\";s:19:\"2014-09-02 00:00:00\";s:13:\"timezone_type\";i:3;s:8:\"timezone\";s:12:\"Europe/Paris\";}s:9:\"updatedBy\";s:6:\"system\";s:5:\"title\";s:19:\"Passwort vergessen?\";s:10:\"linkTarget\";s:0:\"\";s:12:\"contentTitle\";s:19:\"Passwort vergessen?\";s:4:\"slug\";s:18:\"Passwort-vergessen\";s:7:\"content\";s:18:\"{APPLICATION_DATA}\";s:10:\"sourceMode\";b:0;s:13:\"customContent\";s:0:\"\";s:7:\"cssName\";s:0:\"\";s:10:\"cssNavName\";s:0:\"\";s:4:\"skin\";s:1:\"0\";s:9:\"metatitle\";s:19:\"Passwort vergessen?\";s:8:\"metadesc\";s:19:\"Passwort vergessen?\";s:8:\"metakeys\";s:19:\"Passwort vergessen?\";s:10:\"metarobots\";s:5:\"index\";s:5:\"start\";N;s:3:\"end\";N;s:13:\"editingStatus\";s:0:\"\";s:10:\"protection\";s:1:\"0\";s:16:\"frontendAccessId\";s:1:\"0\";s:15:\"backendAccessId\";s:1:\"0\";s:7:\"display\";s:1:\"0\";s:6:\"active\";s:1:\"1\";s:6:\"target\";s:0:\"\";s:6:\"module\";s:5:\"Login\";s:3:\"cmd\";s:6:\"lostpw\";}', 'create', '1', 'Cx\\Core\\ContentManager\\Model\\Entity\\Page', '{\"id\":1,\"name\":\"system\"}');
INSERT INTO `contrexx_content_node`(`id`, `parent_id`, `lft`, `rgt`, `lvl`) VALUES('21', '19', '38', '39', '3');
INSERT INTO `contrexx_content_page`(`id`, `node_id`, `nodeIdShadowed`, `lang`, `type`, `caching`, `updatedAt`, `updatedBy`, `title`, `linkTarget`, `contentTitle`, `slug`, `content`, `sourceMode`, `customContent`, `cssName`, `cssNavName`, `skin`, `metatitle`, `metadesc`, `metakeys`, `metarobots`, `start`, `end`, `editingStatus`, `protection`, `frontendAccessId`, `backendAccessId`, `display`, `active`, `target`, `module`, `cmd`) VALUES('36', '21', '21', '1', 'application', '0', '2014-09-02 00:00:00', 'system', 'Neues Passwort setzen', '', 'Neues Passwort setzen', 'Neues-Passwort-setzen', '{APPLICATION_DATA}', '0', '', '', '', 0, 'Neues Passwort setzen', 'Neues Passwort setzen', 'Neues Passwort setzen', 'index', NULL, NULL, '', '0', '0', '0', '0', '1', '', 'Login', 'resetpw');
INSERT INTO `contrexx_log_entry`(`logged_at`, `object_id`, `data`, `action`, `version`, `object_class`, `username`) VALUES('2014-09-02 00:00:00', '36', 'a:31:{s:14:\"nodeIdShadowed\";i:21;s:4:\"lang\";s:1:\"1\";s:4:\"type\";s:11:\"application\";s:7:\"caching\";s:1:\"0\";s:9:\"updatedAt\";O:8:\"DateTime\":3:{s:4:\"date\";s:19:\"2014-09-02 00:00:00\";s:13:\"timezone_type\";i:3;s:8:\"timezone\";s:12:\"Europe/Paris\";}s:9:\"updatedBy\";s:6:\"system\";s:5:\"title\";s:21:\"Neues Passwort setzen\";s:10:\"linkTarget\";s:0:\"\";s:12:\"contentTitle\";s:21:\"Neues Passwort setzen\";s:4:\"slug\";s:21:\"Neues-Passwort-setzen\";s:7:\"content\";s:18:\"{APPLICATION_DATA}\";s:10:\"sourceMode\";b:0;s:13:\"customContent\";s:0:\"\";s:7:\"cssName\";s:0:\"\";s:10:\"cssNavName\";s:0:\"\";s:4:\"skin\";s:1:\"0\";s:9:\"metatitle\";s:21:\"Neues Passwort setzen\";s:8:\"metadesc\";s:21:\"Neues Passwort setzen\";s:8:\"metakeys\";s:21:\"Neues Passwort setzen\";s:10:\"metarobots\";s:5:\"index\";s:5:\"start\";N;s:3:\"end\";N;s:13:\"editingStatus\";s:0:\"\";s:10:\"protection\";s:1:\"0\";s:16:\"frontendAccessId\";s:1:\"0\";s:15:\"backendAccessId\";s:1:\"0\";s:7:\"display\";s:1:\"0\";s:6:\"active\";s:1:\"1\";s:6:\"target\";s:0:\"\";s:6:\"module\";s:5:\"Login\";s:3:\"cmd\";s:7:\"resetpw\";}', 'create', '1', 'Cx\\Core\\ContentManager\\Model\\Entity\\Page', '{\"id\":1,\"name\":\"system\"}');
INSERT INTO `contrexx_content_node`(`id`, `parent_id`, `lft`, `rgt`, `lvl`) VALUES('22', '19', '40', '41', '3');
INSERT INTO `contrexx_content_page`(`id`, `node_id`, `nodeIdShadowed`, `lang`, `type`, `caching`, `updatedAt`, `updatedBy`, `title`, `linkTarget`, `contentTitle`, `slug`, `content`, `sourceMode`, `customContent`, `cssName`, `cssNavName`, `skin`, `metatitle`, `metadesc`, `metakeys`, `metarobots`, `start`, `end`, `editingStatus`, `protection`, `frontendAccessId`, `backendAccessId`, `display`, `active`, `target`, `module`, `cmd`) VALUES('37', '22', '22', '1', 'application', '0', '2014-09-02 00:00:00', 'system', 'Zugriff verweigert', '', 'Zugriff verweigert', 'Zugriff-verweigert', '{APPLICATION_DATA}', '0', '', '', '', 0, 'Zugriff verweigert', 'Zugriff verweigert', 'Zugriff verweigert', 'index', NULL, NULL, '', '0', '0', '0', '0', '1', '', 'Login', 'noaccess');
INSERT INTO `contrexx_log_entry`(`logged_at`, `object_id`, `data`, `action`, `version`, `object_class`, `username`) VALUES('2014-09-02 00:00:00', '37', 'a:31:{s:14:\"nodeIdShadowed\";i:22;s:4:\"lang\";s:1:\"1\";s:4:\"type\";s:11:\"application\";s:7:\"caching\";s:1:\"0\";s:9:\"updatedAt\";O:8:\"DateTime\":3:{s:4:\"date\";s:19:\"2014-09-02 00:00:00\";s:13:\"timezone_type\";i:3;s:8:\"timezone\";s:12:\"Europe/Paris\";}s:9:\"updatedBy\";s:6:\"system\";s:5:\"title\";s:18:\"Zugriff verweigert\";s:10:\"linkTarget\";s:0:\"\";s:12:\"contentTitle\";s:18:\"Zugriff verweigert\";s:4:\"slug\";s:18:\"Zugriff-verweigert\";s:7:\"content\";s:18:\"{APPLICATION_DATA}\";s:10:\"sourceMode\";b:0;s:13:\"customContent\";s:0:\"\";s:7:\"cssName\";s:0:\"\";s:10:\"cssNavName\";s:0:\"\";s:4:\"skin\";s:1:\"0\";s:9:\"metatitle\";s:18:\"Zugriff verweigert\";s:8:\"metadesc\";s:18:\"Zugriff verweigert\";s:8:\"metakeys\";s:18:\"Zugriff verweigert\";s:10:\"metarobots\";s:5:\"index\";s:5:\"start\";N;s:3:\"end\";N;s:13:\"editingStatus\";s:0:\"\";s:10:\"protection\";s:1:\"0\";s:16:\"frontendAccessId\";s:1:\"0\";s:15:\"backendAccessId\";s:1:\"0\";s:7:\"display\";s:1:\"0\";s:6:\"active\";s:1:\"1\";s:6:\"target\";s:0:\"\";s:6:\"module\";s:5:\"Login\";s:3:\"cmd\";s:8:\"noaccess\";}', 'create', '1', 'Cx\\Core\\ContentManager\\Model\\Entity\\Page', '{\"id\":1,\"name\":\"system\"}');
INSERT INTO `contrexx_content_node`(`id`, `parent_id`, `lft`, `rgt`, `lvl`) VALUES('23', '16', '43', '44', '2');
INSERT INTO `contrexx_content_page`(`id`, `node_id`, `nodeIdShadowed`, `lang`, `type`, `caching`, `updatedAt`, `updatedBy`, `title`, `linkTarget`, `contentTitle`, `slug`, `content`, `sourceMode`, `customContent`, `cssName`, `cssNavName`, `skin`, `metatitle`, `metadesc`, `metakeys`, `metarobots`, `start`, `end`, `editingStatus`, `protection`, `frontendAccessId`, `backendAccessId`, `display`, `active`, `target`, `module`, `cmd`) VALUES('38', '23', '23', '1', 'application', '0', '2014-09-02 00:00:00', 'system', 'Sitemap', '', 'Sitemap', 'Sitemap', '{APPLICATION_DATA}', '0', '', '', '', 0, 'Sitemap', 'Sitemap', 'Sitemap', 'index', NULL, NULL, '', '0', '0', '0', '0', '1', '', 'Sitemap', '');
INSERT INTO `contrexx_log_entry`(`logged_at`, `object_id`, `data`, `action`, `version`, `object_class`, `username`) VALUES('2014-09-02 00:00:00', '38', 'a:31:{s:14:\"nodeIdShadowed\";i:23;s:4:\"lang\";s:1:\"1\";s:4:\"type\";s:11:\"application\";s:7:\"caching\";s:1:\"0\";s:9:\"updatedAt\";O:8:\"DateTime\":3:{s:4:\"date\";s:19:\"2014-09-02 00:00:00\";s:13:\"timezone_type\";i:3;s:8:\"timezone\";s:12:\"Europe/Paris\";}s:9:\"updatedBy\";s:6:\"system\";s:5:\"title\";s:7:\"Sitemap\";s:10:\"linkTarget\";s:0:\"\";s:12:\"contentTitle\";s:7:\"Sitemap\";s:4:\"slug\";s:7:\"Sitemap\";s:7:\"content\";s:18:\"{APPLICATION_DATA}\";s:10:\"sourceMode\";b:0;s:13:\"customContent\";s:0:\"\";s:7:\"cssName\";s:0:\"\";s:10:\"cssNavName\";s:0:\"\";s:4:\"skin\";s:1:\"0\";s:9:\"metatitle\";s:7:\"Sitemap\";s:8:\"metadesc\";s:7:\"Sitemap\";s:8:\"metakeys\";s:7:\"Sitemap\";s:10:\"metarobots\";s:5:\"index\";s:5:\"start\";N;s:3:\"end\";N;s:13:\"editingStatus\";s:0:\"\";s:10:\"protection\";s:1:\"0\";s:16:\"frontendAccessId\";s:1:\"0\";s:15:\"backendAccessId\";s:1:\"0\";s:7:\"display\";s:1:\"0\";s:6:\"active\";s:1:\"1\";s:6:\"target\";s:0:\"\";s:6:\"module\";s:7:\"Sitemap\";s:3:\"cmd\";s:0:\"\";}', 'create', '1', 'Cx\\Core\\ContentManager\\Model\\Entity\\Page', '{\"id\":1,\"name\":\"system\"}');
INSERT INTO `contrexx_content_page`(`id`, `node_id`, `nodeIdShadowed`, `lang`, `type`, `caching`, `updatedAt`, `updatedBy`, `title`, `linkTarget`, `contentTitle`, `slug`, `content`, `sourceMode`, `customContent`, `cssName`, `cssNavName`, `skin`, `metatitle`, `metadesc`, `metakeys`, `metarobots`, `start`, `end`, `editingStatus`, `protection`, `frontendAccessId`, `backendAccessId`, `display`, `active`, `target`, `module`, `cmd`) VALUES('39', '23', '23', '2', 'fallback', '0', '2014-09-02 00:00:00', 'system', 'Sitemap', '', 'Sitemap', 'Sitemap', '<div id=\"sitemap\">\r\n<ul>\r\n	<!-- BEGIN sitemap -->\r\n	<li class=\"{STYLE}\"><a title=\"{NAME}\" href=\"{URL}\">{NAME}</a></li>\r\n	<!-- END sitemap -->\r\n</ul>\r\n</div>', '1', '', '', '', 0, 'Sitemap', 'Sitemap', 'Sitemap', 'index', NULL, NULL, '', '0', '0', '0', '0', '1', '', 'Sitemap', '');
INSERT INTO `contrexx_log_entry`(`logged_at`, `object_id`, `data`, `action`, `version`, `object_class`, `username`) VALUES('2014-09-02 00:00:00', '39', 'a:31:{s:14:\"nodeIdShadowed\";i:23;s:4:\"lang\";s:1:\"2\";s:4:\"type\";s:8:\"fallback\";s:7:\"caching\";s:1:\"0\";s:9:\"updatedAt\";O:8:\"DateTime\":3:{s:4:\"date\";s:19:\"2014-09-02 00:00:00\";s:13:\"timezone_type\";i:3;s:8:\"timezone\";s:12:\"Europe/Paris\";}s:9:\"updatedBy\";s:6:\"system\";s:5:\"title\";s:7:\"Sitemap\";s:10:\"linkTarget\";s:0:\"\";s:12:\"contentTitle\";s:7:\"Sitemap\";s:4:\"slug\";s:7:\"Sitemap\";s:7:\"content\";s:150:\"<div id=\"sitemap\">\n<ul>\n	<!-- BEGIN sitemap -->\n	<li class=\"{STYLE}\"><a title=\"{NAME}\" href=\"{URL}\">{NAME}</a></li>\n	<!-- END sitemap -->\n</ul>\n</div>\";s:10:\"sourceMode\";b:1;s:13:\"customContent\";s:0:\"\";s:7:\"cssName\";s:0:\"\";s:10:\"cssNavName\";s:0:\"\";s:4:\"skin\";s:1:\"0\";s:9:\"metatitle\";s:7:\"Sitemap\";s:8:\"metadesc\";s:7:\"Sitemap\";s:8:\"metakeys\";s:7:\"Sitemap\";s:10:\"metarobots\";s:5:\"index\";s:5:\"start\";N;s:3:\"end\";N;s:13:\"editingStatus\";s:0:\"\";s:10:\"protection\";s:1:\"0\";s:16:\"frontendAccessId\";s:1:\"0\";s:15:\"backendAccessId\";s:1:\"0\";s:7:\"display\";s:1:\"0\";s:6:\"active\";s:1:\"1\";s:6:\"target\";s:0:\"\";s:6:\"module\";s:7:\"Sitemap\";s:3:\"cmd\";s:0:\"\";}', 'create', '1', 'Cx\\Core\\ContentManager\\Model\\Entity\\Page', '{\"id\":1,\"name\":\"system\"}');
INSERT INTO `contrexx_content_node`(`id`, `parent_id`, `lft`, `rgt`, `lvl`) VALUES('24', '16', '45', '46', '2');
INSERT INTO `contrexx_content_page`(`id`, `node_id`, `nodeIdShadowed`, `lang`, `type`, `caching`, `updatedAt`, `updatedBy`, `title`, `linkTarget`, `contentTitle`, `slug`, `content`, `sourceMode`, `customContent`, `cssName`, `cssNavName`, `skin`, `metatitle`, `metadesc`, `metakeys`, `metarobots`, `start`, `end`, `editingStatus`, `protection`, `frontendAccessId`, `backendAccessId`, `display`, `active`, `target`, `module`, `cmd`) VALUES('40', '24', '24', '1', 'application', '0', '2014-09-02 00:00:00', 'system', 'Rechtliche Hinweise', '', 'Rechtliche Hinweise', 'Rechtliche-Hinweise', '{APPLICATION_DATA}', '0', 'content_full_width.html', '', '', 0, 'Rechtliche Hinweise', 'Rechtliche Hinweise', 'Rechtliche Hinweise', 'index', NULL, NULL, '', '0', '0', '0', '0', '1', '', 'Privacy', '');
INSERT INTO `contrexx_log_entry`(`logged_at`, `object_id`, `data`, `action`, `version`, `object_class`, `username`) VALUES('2014-09-02 00:00:00', '40', 'a:31:{s:14:\"nodeIdShadowed\";i:24;s:4:\"lang\";s:1:\"1\";s:4:\"type\";s:11:\"application\";s:7:\"caching\";s:1:\"0\";s:9:\"updatedAt\";O:8:\"DateTime\":3:{s:4:\"date\";s:19:\"2014-09-02 00:00:00\";s:13:\"timezone_type\";i:3;s:8:\"timezone\";s:12:\"Europe/Paris\";}s:9:\"updatedBy\";s:6:\"system\";s:5:\"title\";s:19:\"Rechtliche Hinweise\";s:10:\"linkTarget\";s:0:\"\";s:12:\"contentTitle\";s:19:\"Rechtliche Hinweise\";s:4:\"slug\";s:19:\"Rechtliche-Hinweise\";s:7:\"content\";s:18:\"{APPLICATION_DATA}\";s:10:\"sourceMode\";b:0;s:13:\"customContent\";s:23:\"content_full_width.html\";s:7:\"cssName\";s:0:\"\";s:10:\"cssNavName\";s:0:\"\";s:4:\"skin\";s:1:\"0\";s:9:\"metatitle\";s:19:\"Rechtliche Hinweise\";s:8:\"metadesc\";s:19:\"Rechtliche Hinweise\";s:8:\"metakeys\";s:19:\"Rechtliche Hinweise\";s:10:\"metarobots\";s:5:\"index\";s:5:\"start\";N;s:3:\"end\";N;s:13:\"editingStatus\";s:0:\"\";s:10:\"protection\";s:1:\"0\";s:16:\"frontendAccessId\";s:1:\"0\";s:15:\"backendAccessId\";s:1:\"0\";s:7:\"display\";s:1:\"0\";s:6:\"active\";s:1:\"1\";s:6:\"target\";s:0:\"\";s:6:\"module\";s:7:\"Privacy\";s:3:\"cmd\";s:0:\"\";}', 'create', '1', 'Cx\\Core\\ContentManager\\Model\\Entity\\Page', '{\"id\":1,\"name\":\"system\"}');
INSERT INTO `contrexx_content_page`(`id`, `node_id`, `nodeIdShadowed`, `lang`, `type`, `caching`, `updatedAt`, `updatedBy`, `title`, `linkTarget`, `contentTitle`, `slug`, `content`, `sourceMode`, `customContent`, `cssName`, `cssNavName`, `skin`, `metatitle`, `metadesc`, `metakeys`, `metarobots`, `start`, `end`, `editingStatus`, `protection`, `frontendAccessId`, `backendAccessId`, `display`, `active`, `target`, `module`, `cmd`) VALUES('41', '24', '24', '2', 'fallback', '0', '2014-09-02 00:00:00', 'system', 'Rechtliche Hinweise', '', 'Rechtliche Hinweise', 'Rechtliche-Hinweise', '<span style=\"font-weight: bold;\">Describe here, what you do (and especially what you DO&nbsp;NOT&nbsp;DO) with your customer&#39;s data.</span><br />\r\n', '0', 'content_full_width.html', '', '', 0, 'Rechtliche Hinweise', 'Rechtliche Hinweise', 'Rechtliche Hinweise', 'index', NULL, NULL, '', '0', '0', '0', '0', '1', '', 'Privacy', '');
INSERT INTO `contrexx_log_entry`(`logged_at`, `object_id`, `data`, `action`, `version`, `object_class`, `username`) VALUES('2014-09-02 00:00:00', '41', 'a:31:{s:14:\"nodeIdShadowed\";i:24;s:4:\"lang\";s:1:\"2\";s:4:\"type\";s:8:\"fallback\";s:7:\"caching\";s:1:\"0\";s:9:\"updatedAt\";O:8:\"DateTime\":3:{s:4:\"date\";s:19:\"2014-09-02 00:00:00\";s:13:\"timezone_type\";i:3;s:8:\"timezone\";s:12:\"Europe/Paris\";}s:9:\"updatedBy\";s:6:\"system\";s:5:\"title\";s:19:\"Rechtliche Hinweise\";s:10:\"linkTarget\";s:0:\"\";s:12:\"contentTitle\";s:19:\"Rechtliche Hinweise\";s:4:\"slug\";s:19:\"Rechtliche-Hinweise\";s:7:\"content\";s:150:\"<span style=\"font-weight: bold;\">Describe here, what you do (and especially what you DO&nbsp;NOT&nbsp;DO) with your customer&#39;s data.</span><br />\n\";s:10:\"sourceMode\";b:0;s:13:\"customContent\";s:23:\"content_full_width.html\";s:7:\"cssName\";s:0:\"\";s:10:\"cssNavName\";s:0:\"\";s:4:\"skin\";s:1:\"0\";s:9:\"metatitle\";s:19:\"Rechtliche Hinweise\";s:8:\"metadesc\";s:19:\"Rechtliche Hinweise\";s:8:\"metakeys\";s:19:\"Rechtliche Hinweise\";s:10:\"metarobots\";s:5:\"index\";s:5:\"start\";N;s:3:\"end\";N;s:13:\"editingStatus\";s:0:\"\";s:10:\"protection\";s:1:\"0\";s:16:\"frontendAccessId\";s:1:\"0\";s:15:\"backendAccessId\";s:1:\"0\";s:7:\"display\";s:1:\"0\";s:6:\"active\";s:1:\"1\";s:6:\"target\";s:0:\"\";s:6:\"module\";s:7:\"Privacy\";s:3:\"cmd\";s:0:\"\";}', 'create', '1', 'Cx\\Core\\ContentManager\\Model\\Entity\\Page', '{\"id\":1,\"name\":\"system\"}');
INSERT INTO `contrexx_content_node`(`id`, `parent_id`, `lft`, `rgt`, `lvl`) VALUES('25', '16', '47', '48', '2');
INSERT INTO `contrexx_content_page`(`id`, `node_id`, `nodeIdShadowed`, `lang`, `type`, `caching`, `updatedAt`, `updatedBy`, `title`, `linkTarget`, `contentTitle`, `slug`, `content`, `sourceMode`, `customContent`, `cssName`, `cssNavName`, `skin`, `metatitle`, `metadesc`, `metakeys`, `metarobots`, `start`, `end`, `editingStatus`, `protection`, `frontendAccessId`, `backendAccessId`, `display`, `active`, `target`, `module`, `cmd`) VALUES('42', '25', '25', '1', 'application', '1', '2014-09-02 00:00:00', 'system', 'Impressum', '', 'Impressum', 'Impressum', '{APPLICATION_DATA}', '0', '', '', '', 0, 'Impressum', 'Impressum', 'Impressum', 'index', NULL, NULL, '', '0', '0', '0', '0', '1', '', 'Imprint', '');
INSERT INTO `contrexx_log_entry`(`logged_at`, `object_id`, `data`, `action`, `version`, `object_class`, `username`) VALUES('2014-09-02 00:00:00', '42', 'a:31:{s:14:\"nodeIdShadowed\";i:25;s:4:\"lang\";s:1:\"1\";s:4:\"type\";s:11:\"application\";s:7:\"caching\";s:1:\"1\";s:9:\"updatedAt\";O:8:\"DateTime\":3:{s:4:\"date\";s:19:\"2014-09-02 00:00:00\";s:13:\"timezone_type\";i:3;s:8:\"timezone\";s:12:\"Europe/Paris\";}s:9:\"updatedBy\";s:6:\"system\";s:5:\"title\";s:9:\"Impressum\";s:10:\"linkTarget\";s:0:\"\";s:12:\"contentTitle\";s:9:\"Impressum\";s:4:\"slug\";s:9:\"Impressum\";s:7:\"content\";s:18:\"{APPLICATION_DATA}\";s:10:\"sourceMode\";b:0;s:13:\"customContent\";s:0:\"\";s:7:\"cssName\";s:0:\"\";s:10:\"cssNavName\";s:0:\"\";s:4:\"skin\";s:1:\"0\";s:9:\"metatitle\";s:9:\"Impressum\";s:8:\"metadesc\";s:9:\"Impressum\";s:8:\"metakeys\";s:9:\"Impressum\";s:10:\"metarobots\";s:5:\"index\";s:5:\"start\";N;s:3:\"end\";N;s:13:\"editingStatus\";s:0:\"\";s:10:\"protection\";s:1:\"0\";s:16:\"frontendAccessId\";s:1:\"0\";s:15:\"backendAccessId\";s:1:\"0\";s:7:\"display\";s:1:\"0\";s:6:\"active\";s:1:\"1\";s:6:\"target\";s:0:\"\";s:6:\"module\";s:7:\"Imprint\";s:3:\"cmd\";s:0:\"\";}', 'create', '1', 'Cx\\Core\\ContentManager\\Model\\Entity\\Page', '{\"id\":1,\"name\":\"system\"}');
INSERT INTO `contrexx_content_page`(`id`, `node_id`, `nodeIdShadowed`, `lang`, `type`, `caching`, `updatedAt`, `updatedBy`, `title`, `linkTarget`, `contentTitle`, `slug`, `content`, `sourceMode`, `customContent`, `cssName`, `cssNavName`, `skin`, `metatitle`, `metadesc`, `metakeys`, `metarobots`, `start`, `end`, `editingStatus`, `protection`, `frontendAccessId`, `backendAccessId`, `display`, `active`, `target`, `module`, `cmd`) VALUES('43', '25', '25', '2', 'fallback', '0', '2014-09-02 00:00:00', 'system', 'Impressum', '', 'Impressum', 'Impressum', '<p>Responsible for content and realization of this website:</p>\r\n<p><strong>Your company name</strong><br />\r\nStreet<br />\r\nZIP - City<br />\r\nCountry</p>\r\n<h2>Web Content Management System (CMS)</h2>\r\nThis website was created using the <a target=\"_blank\" href=\"http://www.contrexx.com/\">Contrexx&reg; WCMS</a>, developed by <a href=\"http://www.comvation.com/\">COMVATION Internet Solutions</a> in Thun, Switzerland<br />', '0', '', '', '', 0, 'Impressum', 'Impressum', 'Impressum', 'index', NULL, NULL, '', '0', '0', '0', '0', '1', '', 'Imprint', '');
INSERT INTO `contrexx_log_entry`(`logged_at`, `object_id`, `data`, `action`, `version`, `object_class`, `username`) VALUES('2014-09-02 00:00:00', '43', 'a:31:{s:14:\"nodeIdShadowed\";i:25;s:4:\"lang\";s:1:\"2\";s:4:\"type\";s:8:\"fallback\";s:7:\"caching\";s:1:\"0\";s:9:\"updatedAt\";O:8:\"DateTime\":3:{s:4:\"date\";s:19:\"2014-09-02 00:00:00\";s:13:\"timezone_type\";i:3;s:8:\"timezone\";s:12:\"Europe/Paris\";}s:9:\"updatedBy\";s:6:\"system\";s:5:\"title\";s:9:\"Impressum\";s:10:\"linkTarget\";s:0:\"\";s:12:\"contentTitle\";s:9:\"Impressum\";s:4:\"slug\";s:9:\"Impressum\";s:7:\"content\";s:413:\"<p>Responsible for content and realization of this website:</p>\n<p><strong>Your company name</strong><br />\nStreet<br />\nZIP - City<br />\nCountry</p>\n<h2>Web Content Management System (CMS)</h2>\nThis website was created using the <a target=\"_blank\" href=\"http://www.contrexx.com/\">Contrexx&reg; WCMS</a>, developed by <a href=\"http://www.comvation.com/\">COMVATION Internet Solutions</a> in Thun, Switzerland<br />\";s:10:\"sourceMode\";b:0;s:13:\"customContent\";s:0:\"\";s:7:\"cssName\";s:0:\"\";s:10:\"cssNavName\";s:0:\"\";s:4:\"skin\";s:1:\"0\";s:9:\"metatitle\";s:9:\"Impressum\";s:8:\"metadesc\";s:9:\"Impressum\";s:8:\"metakeys\";s:9:\"Impressum\";s:10:\"metarobots\";s:5:\"index\";s:5:\"start\";N;s:3:\"end\";N;s:13:\"editingStatus\";s:0:\"\";s:10:\"protection\";s:1:\"0\";s:16:\"frontendAccessId\";s:1:\"0\";s:15:\"backendAccessId\";s:1:\"0\";s:7:\"display\";s:1:\"0\";s:6:\"active\";s:1:\"1\";s:6:\"target\";s:0:\"\";s:6:\"module\";s:7:\"Imprint\";s:3:\"cmd\";s:0:\"\";}', 'create', '1', 'Cx\\Core\\ContentManager\\Model\\Entity\\Page', '{\"id\":1,\"name\":\"system\"}');
INSERT INTO `contrexx_content_node`(`id`, `parent_id`, `lft`, `rgt`, `lvl`) VALUES('26', '16', '49', '50', '2');
INSERT INTO `contrexx_content_page`(`id`, `node_id`, `nodeIdShadowed`, `lang`, `type`, `caching`, `updatedAt`, `updatedBy`, `title`, `linkTarget`, `contentTitle`, `slug`, `content`, `sourceMode`, `customContent`, `cssName`, `cssNavName`, `skin`, `metatitle`, `metadesc`, `metakeys`, `metarobots`, `start`, `end`, `editingStatus`, `protection`, `frontendAccessId`, `backendAccessId`, `display`, `active`, `target`, `module`, `cmd`) VALUES('44', '26', '26', '1', 'application', '0', '2014-09-02 00:00:00', 'system', 'AGBs', '', 'Allgemeinen Geschäftsbedingungen', 'AGBs', '{APPLICATION_DATA}', '0', '', '', '', 0, 'Allgemeinen Geschäftsbedingungen', 'Allgemeinen Geschäftsbedingungen', 'Allgemeinen Geschäftsbedingungen', 'index', NULL, NULL, '', '0', '0', '0', '0', '1', '', 'Agb', '');
INSERT INTO `contrexx_log_entry`(`logged_at`, `object_id`, `data`, `action`, `version`, `object_class`, `username`) VALUES('2014-09-02 00:00:00', '44', 'a:31:{s:14:\"nodeIdShadowed\";i:26;s:4:\"lang\";s:1:\"1\";s:4:\"type\";s:11:\"application\";s:7:\"caching\";s:1:\"0\";s:9:\"updatedAt\";O:8:\"DateTime\":3:{s:4:\"date\";s:19:\"2014-09-02 00:00:00\";s:13:\"timezone_type\";i:3;s:8:\"timezone\";s:12:\"Europe/Paris\";}s:9:\"updatedBy\";s:6:\"system\";s:5:\"title\";s:4:\"AGBs\";s:10:\"linkTarget\";s:0:\"\";s:12:\"contentTitle\";s:33:\"Allgemeinen Geschäftsbedingungen\";s:4:\"slug\";s:4:\"AGBs\";s:7:\"content\";s:18:\"{APPLICATION_DATA}\";s:10:\"sourceMode\";b:0;s:13:\"customContent\";s:0:\"\";s:7:\"cssName\";s:0:\"\";s:10:\"cssNavName\";s:0:\"\";s:4:\"skin\";s:1:\"0\";s:9:\"metatitle\";s:33:\"Allgemeinen Geschäftsbedingungen\";s:8:\"metadesc\";s:33:\"Allgemeinen Geschäftsbedingungen\";s:8:\"metakeys\";s:33:\"Allgemeinen Geschäftsbedingungen\";s:10:\"metarobots\";s:5:\"index\";s:5:\"start\";N;s:3:\"end\";N;s:13:\"editingStatus\";s:0:\"\";s:10:\"protection\";s:1:\"0\";s:16:\"frontendAccessId\";s:1:\"0\";s:15:\"backendAccessId\";s:1:\"0\";s:7:\"display\";s:1:\"0\";s:6:\"active\";s:1:\"1\";s:6:\"target\";s:0:\"\";s:6:\"module\";s:3:\"Agb\";s:3:\"cmd\";s:0:\"\";}', 'create', '1', 'Cx\\Core\\ContentManager\\Model\\Entity\\Page', '{\"id\":1,\"name\":\"system\"}');
INSERT INTO `contrexx_content_page`(`id`, `node_id`, `nodeIdShadowed`, `lang`, `type`, `caching`, `updatedAt`, `updatedBy`, `title`, `linkTarget`, `contentTitle`, `slug`, `content`, `sourceMode`, `customContent`, `cssName`, `cssNavName`, `skin`, `metatitle`, `metadesc`, `metakeys`, `metarobots`, `start`, `end`, `editingStatus`, `protection`, `frontendAccessId`, `backendAccessId`, `display`, `active`, `target`, `module`, `cmd`) VALUES('45', '26', '26', '2', 'fallback', '0', '2014-09-02 00:00:00', 'system', 'AGBs', '', 'Allgemeinen Geschäftsbedingungen', 'AGBs', '<p><a href=\"http://de.wikipedia.org/wiki/Allgemeine_Gesch%C3%A4ftsbedingungen\">Terms &amp;&nbsp;Conditions</a> (abbreviated&bdquo;T&amp;C&ldquo;) are a &quot;default set&quot; of rules that make certain things clear before the customer buys something off this website or enters personal data.</p>\r\n<p>&nbsp;</p>\r\n<p>&nbsp;</p>\r\n<p>&nbsp;</p>\r\n<p>&nbsp;</p>', '0', '', '', '', 0, 'Allgemeinen Geschäftsbedingungen', 'Allgemeinen Geschäftsbedingungen', 'Allgemeinen Geschäftsbedingungen', 'index', NULL, NULL, '', '0', '0', '0', '0', '1', '', 'Agb', '');
INSERT INTO `contrexx_log_entry`(`logged_at`, `object_id`, `data`, `action`, `version`, `object_class`, `username`) VALUES('2014-09-02 00:00:00', '45', 'a:31:{s:14:\"nodeIdShadowed\";i:26;s:4:\"lang\";s:1:\"2\";s:4:\"type\";s:8:\"fallback\";s:7:\"caching\";s:1:\"0\";s:9:\"updatedAt\";O:8:\"DateTime\":3:{s:4:\"date\";s:19:\"2014-09-02 00:00:00\";s:13:\"timezone_type\";i:3;s:8:\"timezone\";s:12:\"Europe/Paris\";}s:9:\"updatedBy\";s:6:\"system\";s:5:\"title\";s:4:\"AGBs\";s:10:\"linkTarget\";s:0:\"\";s:12:\"contentTitle\";s:33:\"Allgemeinen Geschäftsbedingungen\";s:4:\"slug\";s:4:\"AGBs\";s:7:\"content\";s:352:\"<p><a href=\"http://de.wikipedia.org/wiki/Allgemeine_Gesch%C3%A4ftsbedingungen\">Terms &amp;&nbsp;Conditions</a> (abbreviated&bdquo;T&amp;C&ldquo;) are a &quot;default set&quot; of rules that make certain things clear before the customer buys something off this website or enters personal data.</p>\n<p>&nbsp;</p>\n<p>&nbsp;</p>\n<p>&nbsp;</p>\n<p>&nbsp;</p>\";s:10:\"sourceMode\";b:0;s:13:\"customContent\";s:0:\"\";s:7:\"cssName\";s:0:\"\";s:10:\"cssNavName\";s:0:\"\";s:4:\"skin\";s:1:\"0\";s:9:\"metatitle\";s:33:\"Allgemeinen Geschäftsbedingungen\";s:8:\"metadesc\";s:33:\"Allgemeinen Geschäftsbedingungen\";s:8:\"metakeys\";s:33:\"Allgemeinen Geschäftsbedingungen\";s:10:\"metarobots\";s:5:\"index\";s:5:\"start\";N;s:3:\"end\";N;s:13:\"editingStatus\";s:0:\"\";s:10:\"protection\";s:1:\"0\";s:16:\"frontendAccessId\";s:1:\"0\";s:15:\"backendAccessId\";s:1:\"0\";s:7:\"display\";s:1:\"0\";s:6:\"active\";s:1:\"1\";s:6:\"target\";s:0:\"\";s:6:\"module\";s:3:\"Agb\";s:3:\"cmd\";s:0:\"\";}', 'create', '1', 'Cx\\Core\\ContentManager\\Model\\Entity\\Page', '{\"id\":1,\"name\":\"system\"}');
INSERT INTO `contrexx_content_node`(`id`, `parent_id`, `lft`, `rgt`, `lvl`) VALUES('27', '16', '51', '52', '2');
INSERT INTO `contrexx_content_page`(`id`, `node_id`, `nodeIdShadowed`, `lang`, `type`, `caching`, `updatedAt`, `updatedBy`, `title`, `linkTarget`, `contentTitle`, `slug`, `content`, `sourceMode`, `customContent`, `cssName`, `cssNavName`, `skin`, `metatitle`, `metadesc`, `metakeys`, `metarobots`, `start`, `end`, `editingStatus`, `protection`, `frontendAccessId`, `backendAccessId`, `display`, `active`, `target`, `module`, `cmd`) VALUES('46', '27', '27', '1', 'application', '0', '2014-09-02 00:00:00', 'system', 'Registrieren', '', 'Registrieren', 'Registrieren', '{APPLICATION_DATA}', '0', '', 'register', '', 0, 'Registrieren', 'Registrieren', 'Registrieren', 'index', NULL, NULL, '', '0', '0', '0', '0', '1', '', 'Access', 'signup');
INSERT INTO `contrexx_log_entry`(`logged_at`, `object_id`, `data`, `action`, `version`, `object_class`, `username`) VALUES('2014-09-02 00:00:00', '46', 'a:31:{s:14:\"nodeIdShadowed\";i:27;s:4:\"lang\";s:1:\"1\";s:4:\"type\";s:11:\"application\";s:7:\"caching\";s:1:\"0\";s:9:\"updatedAt\";O:8:\"DateTime\":3:{s:4:\"date\";s:19:\"2014-09-02 00:00:00\";s:13:\"timezone_type\";i:3;s:8:\"timezone\";s:12:\"Europe/Paris\";}s:9:\"updatedBy\";s:6:\"system\";s:5:\"title\";s:12:\"Registrieren\";s:10:\"linkTarget\";s:0:\"\";s:12:\"contentTitle\";s:12:\"Registrieren\";s:4:\"slug\";s:12:\"Registrieren\";s:7:\"content\";s:18:\"{APPLICATION_DATA}\";s:10:\"sourceMode\";b:0;s:13:\"customContent\";s:0:\"\";s:7:\"cssName\";s:8:\"register\";s:10:\"cssNavName\";s:0:\"\";s:4:\"skin\";s:1:\"0\";s:9:\"metatitle\";s:12:\"Registrieren\";s:8:\"metadesc\";s:12:\"Registrieren\";s:8:\"metakeys\";s:12:\"Registrieren\";s:10:\"metarobots\";s:5:\"index\";s:5:\"start\";N;s:3:\"end\";N;s:13:\"editingStatus\";s:0:\"\";s:10:\"protection\";s:1:\"0\";s:16:\"frontendAccessId\";s:1:\"0\";s:15:\"backendAccessId\";s:1:\"0\";s:7:\"display\";s:1:\"0\";s:6:\"active\";s:1:\"1\";s:6:\"target\";s:0:\"\";s:6:\"module\";s:6:\"Access\";s:3:\"cmd\";s:6:\"signup\";}', 'create', '1', 'Cx\\Core\\ContentManager\\Model\\Entity\\Page', '{\"id\":1,\"name\":\"system\"}');
INSERT INTO `contrexx_content_page`(`id`, `node_id`, `nodeIdShadowed`, `lang`, `type`, `caching`, `updatedAt`, `updatedBy`, `title`, `linkTarget`, `contentTitle`, `slug`, `content`, `sourceMode`, `customContent`, `cssName`, `cssNavName`, `skin`, `metatitle`, `metadesc`, `metakeys`, `metarobots`, `start`, `end`, `editingStatus`, `protection`, `frontendAccessId`, `backendAccessId`, `display`, `active`, `target`, `module`, `cmd`) VALUES('47', '27', '27', '2', 'fallback', '0', '2014-09-02 00:00:00', 'system', 'Registrieren', '', 'Registrieren', 'Registrieren', 'Here, you have the possibility to join our online community.\r\n<div id=\"access\">\r\n    <!-- BEGIN access_signup_form -->\r\n    <div class=\"message_error\">{ACCESS_SIGNUP_MESSAGE}</div><br />&nbsp;<br />\r\n    <form action=\"index.php?section=access&amp;cmd=signup\" method=\"post\" enctype=\"multipart/form-data\">\r\n        <fieldset><legend>Personal data</legend>\r\n            <!-- BEGIN access_profile_attribute_gender -->\r\n    		<p><label>{ACCESS_PROFILE_ATTRIBUTE_GENDER_DESC}</label>{ACCESS_PROFILE_ATTRIBUTE_GENDER}</p>\r\n    		<!-- END access_profile_attribute_gender --> 				\r\n    		<!-- BEGIN access_profile_attribute_firstname -->\r\n    		<p><label>{ACCESS_PROFILE_ATTRIBUTE_FIRSTNAME_DESC}</label>{ACCESS_PROFILE_ATTRIBUTE_FIRSTNAME}</p>\r\n    		<!-- END access_profile_attribute_firstname --> 			\r\n    		<!-- BEGIN access_profile_attribute_lastname -->\r\n    		<p><label>{ACCESS_PROFILE_ATTRIBUTE_LASTNAME_DESC}</label>{ACCESS_PROFILE_ATTRIBUTE_LASTNAME}</p>\r\n    		<!-- END access_profile_attribute_lastname --> 	\r\n        </fieldset>\r\n        <fieldset><legend>Account data</legend>\r\n            <!-- BEGIN access_user_username -->\r\n            <p><label>{ACCESS_USER_USERNAME_DESC}</label>{ACCESS_USER_USERNAME}<br />Please choose a username</p>\r\n            <!-- END access_user_username --><!-- BEGIN access_user_password -->\r\n            <p><label>{ACCESS_USER_PASSWORD_DESC}</label>{ACCESS_USER_PASSWORD}<br />Please enter your password (at least 6 characters)</p>\r\n            <!-- END access_user_password --><!-- BEGIN access_user_password_confirmed -->\r\n            <p><label>{ACCESS_USER_PASSWORD_CONFIRMED_DESC}</label>{ACCESS_USER_PASSWORD_CONFIRMED}<br />Please repeat your password</p>\r\n            <!-- END access_user_password_confirmed --> \r\n        </fieldset>\r\n        <fieldset><legend>Additional data</legend>	\r\n            <!-- BEGIN access_user_email -->\r\n            <p><label>{ACCESS_USER_EMAIL_DESC}</label>{ACCESS_USER_EMAIL}<br />\r\n            You have to enter a valid e-mail address, so we can send you an activation code.</p>\r\n            <!-- END access_user_email -->\r\n            <p><label>{ACCESS_USER_FRONTEND_LANGUAGE_DESC}</label>{ACCESS_USER_FRONTEND_LANGUAGE}<br /><br /></p>\r\n            <p><b>Note:</b><br />You can complete your profile after the registration process is finished.</p>\r\n        </fieldset>\r\n        <!-- BEGIN access_captcha -->\r\n        <fieldset><legend>{TXT_ACCESS_CAPTCHA}</legend>	\r\n            <p>{TXT_ACCESS_CAPTCHA_DESCRIPTION}<br /></p>\r\n            <p><label>CAPTCHA</label><img class=\"captcha\" src=\"{ACCESS_CAPTCHA_URL}\" alt=\"{ACCESS_CAPTCHA_ALT}\" />\r\n            <input id=\"accessSignUpCaptcha\" type=\"text\" name=\"accessSignUpCaptcha\" />\r\n            <input type=\"hidden\" name=\"accessSignUpCaptchaOffset\" value=\"{ACCESS_CAPTCHA_OFFSET}\" />\r\n            </p>\r\n        </fieldset> \r\n        <!-- END access_captcha -->\r\n        <!-- BEGIN access_tos -->\r\n            <fieldset><legend>{TXT_ACCESS_TOS}</legend>	\r\n                {ACCESS_TOS}\r\n            </fieldset> \r\n        <!-- END access_tos -->\r\n        <p>{ACCESS_SIGNUP_BUTTON}</p> \r\n    </form>\r\n    <!-- END access_signup_form --> 	\r\n    <!-- BEGIN access_signup_store_success -->\r\n    <div class=\"message_ok\">{ACCESS_SIGNUP_MESSAGE}</div>\r\n    <!-- END access_signup_store_success -->   	\r\n    <!-- BEGIN access_signup_store_error -->\r\n    <div class=\"message_error\">{ACCESS_SIGNUP_MESSAGE}</div>\r\n    <!-- END access_signup_store_error -->   	\r\n    <!-- BEGIN access_signup_confirm_success -->\r\n    <div class=\"message_ok\">{ACCESS_SIGNUP_MESSAGE}</div>\r\n    <!-- END access_signup_confirm_success -->   	\r\n    <!-- BEGIN access_signup_confirm_error -->\r\n    <div class=\"message_error\">{ACCESS_SIGNUP_MESSAGE}</div>\r\n    <!-- END access_signup_confirm_error -->    	\r\n    {ACCESS_JAVASCRIPT_FUNCTIONS}\r\n</div>', '1', '', 'register', '', 0, 'Registrieren', 'Registrieren', 'Registrieren', 'index', NULL, NULL, '', '0', '0', '0', '0', '1', '', 'Access', 'signup');
INSERT INTO `contrexx_log_entry`(`logged_at`, `object_id`, `data`, `action`, `version`, `object_class`, `username`) VALUES('2014-09-02 00:00:00', '47', 'a:31:{s:14:\"nodeIdShadowed\";i:27;s:4:\"lang\";s:1:\"2\";s:4:\"type\";s:8:\"fallback\";s:7:\"caching\";s:1:\"0\";s:9:\"updatedAt\";O:8:\"DateTime\":3:{s:4:\"date\";s:19:\"2014-09-02 00:00:00\";s:13:\"timezone_type\";i:3;s:8:\"timezone\";s:12:\"Europe/Paris\";}s:9:\"updatedBy\";s:6:\"system\";s:5:\"title\";s:12:\"Registrieren\";s:10:\"linkTarget\";s:0:\"\";s:12:\"contentTitle\";s:12:\"Registrieren\";s:4:\"slug\";s:12:\"Registrieren\";s:7:\"content\";s:3774:\"Here, you have the possibility to join our online community.\n<div id=\"access\">\n    <!-- BEGIN access_signup_form -->\n    <div class=\"message_error\">{ACCESS_SIGNUP_MESSAGE}</div><br />&nbsp;<br />\n    <form action=\"index.php?section=access&amp;cmd=signup\" method=\"post\" enctype=\"multipart/form-data\">\n        <fieldset><legend>Personal data</legend>\n            <!-- BEGIN access_profile_attribute_gender -->\n    		<p><label>{ACCESS_PROFILE_ATTRIBUTE_GENDER_DESC}</label>{ACCESS_PROFILE_ATTRIBUTE_GENDER}</p>\n    		<!-- END access_profile_attribute_gender --> 				\n    		<!-- BEGIN access_profile_attribute_firstname -->\n    		<p><label>{ACCESS_PROFILE_ATTRIBUTE_FIRSTNAME_DESC}</label>{ACCESS_PROFILE_ATTRIBUTE_FIRSTNAME}</p>\n    		<!-- END access_profile_attribute_firstname --> 			\n    		<!-- BEGIN access_profile_attribute_lastname -->\n    		<p><label>{ACCESS_PROFILE_ATTRIBUTE_LASTNAME_DESC}</label>{ACCESS_PROFILE_ATTRIBUTE_LASTNAME}</p>\n    		<!-- END access_profile_attribute_lastname --> 	\n        </fieldset>\n        <fieldset><legend>Account data</legend>\n            <!-- BEGIN access_user_username -->\n            <p><label>{ACCESS_USER_USERNAME_DESC}</label>{ACCESS_USER_USERNAME}<br />Please choose a username</p>\n            <!-- END access_user_username --><!-- BEGIN access_user_password -->\n            <p><label>{ACCESS_USER_PASSWORD_DESC}</label>{ACCESS_USER_PASSWORD}<br />Please enter your password (at least 6 characters)</p>\n            <!-- END access_user_password --><!-- BEGIN access_user_password_confirmed -->\n            <p><label>{ACCESS_USER_PASSWORD_CONFIRMED_DESC}</label>{ACCESS_USER_PASSWORD_CONFIRMED}<br />Please repeat your password</p>\n            <!-- END access_user_password_confirmed --> \n        </fieldset>\n        <fieldset><legend>Additional data</legend>	\n            <!-- BEGIN access_user_email -->\n            <p><label>{ACCESS_USER_EMAIL_DESC}</label>{ACCESS_USER_EMAIL}<br />\n            You have to enter a valid e-mail address, so we can send you an activation code.</p>\n            <!-- END access_user_email -->\n            <p><label>{ACCESS_USER_FRONTEND_LANGUAGE_DESC}</label>{ACCESS_USER_FRONTEND_LANGUAGE}<br /><br /></p>\n            <p><b>Note:</b><br />You can complete your profile after the registration process is finished.</p>\n        </fieldset>\n        <!-- BEGIN access_captcha -->\n        <fieldset><legend>{TXT_ACCESS_CAPTCHA}</legend>	\n            <p>{TXT_ACCESS_CAPTCHA_DESCRIPTION}<br /></p>\n            <p><label>CAPTCHA</label><img class=\"captcha\" src=\"{ACCESS_CAPTCHA_URL}\" alt=\"{ACCESS_CAPTCHA_ALT}\" />\n            <input id=\"accessSignUpCaptcha\" type=\"text\" name=\"accessSignUpCaptcha\" />\n            <input type=\"hidden\" name=\"accessSignUpCaptchaOffset\" value=\"{ACCESS_CAPTCHA_OFFSET}\" />\n            </p>\n        </fieldset> \n        <!-- END access_captcha -->\n        <!-- BEGIN access_tos -->\n            <fieldset><legend>{TXT_ACCESS_TOS}</legend>	\n                {ACCESS_TOS}\n            </fieldset> \n        <!-- END access_tos -->\n        <p>{ACCESS_SIGNUP_BUTTON}</p> \n    </form>\n    <!-- END access_signup_form --> 	\n    <!-- BEGIN access_signup_store_success -->\n    <div class=\"message_ok\">{ACCESS_SIGNUP_MESSAGE}</div>\n    <!-- END access_signup_store_success -->   	\n    <!-- BEGIN access_signup_store_error -->\n    <div class=\"message_error\">{ACCESS_SIGNUP_MESSAGE}</div>\n    <!-- END access_signup_store_error -->   	\n    <!-- BEGIN access_signup_confirm_success -->\n    <div class=\"message_ok\">{ACCESS_SIGNUP_MESSAGE}</div>\n    <!-- END access_signup_confirm_success -->   	\n    <!-- BEGIN access_signup_confirm_error -->\n    <div class=\"message_error\">{ACCESS_SIGNUP_MESSAGE}</div>\n    <!-- END access_signup_confirm_error -->    	\n    {ACCESS_JAVASCRIPT_FUNCTIONS}\n</div>\";s:10:\"sourceMode\";b:1;s:13:\"customContent\";s:0:\"\";s:7:\"cssName\";s:8:\"register\";s:10:\"cssNavName\";s:0:\"\";s:4:\"skin\";s:1:\"0\";s:9:\"metatitle\";s:12:\"Registrieren\";s:8:\"metadesc\";s:12:\"Registrieren\";s:8:\"metakeys\";s:12:\"Registrieren\";s:10:\"metarobots\";s:5:\"index\";s:5:\"start\";N;s:3:\"end\";N;s:13:\"editingStatus\";s:0:\"\";s:10:\"protection\";s:1:\"0\";s:16:\"frontendAccessId\";s:1:\"0\";s:15:\"backendAccessId\";s:1:\"0\";s:7:\"display\";s:1:\"0\";s:6:\"active\";s:1:\"1\";s:6:\"target\";s:0:\"\";s:6:\"module\";s:6:\"Access\";s:3:\"cmd\";s:6:\"signup\";}', 'create', '1', 'Cx\\Core\\ContentManager\\Model\\Entity\\Page', '{\"id\":1,\"name\":\"system\"}');
INSERT INTO `contrexx_content_node`(`id`, `parent_id`, `lft`, `rgt`, `lvl`) VALUES('28', '16', '53', '54', '2');
INSERT INTO `contrexx_content_page`(`id`, `node_id`, `nodeIdShadowed`, `lang`, `type`, `caching`, `updatedAt`, `updatedBy`, `title`, `linkTarget`, `contentTitle`, `slug`, `content`, `sourceMode`, `customContent`, `cssName`, `cssNavName`, `skin`, `metatitle`, `metadesc`, `metakeys`, `metarobots`, `start`, `end`, `editingStatus`, `protection`, `frontendAccessId`, `backendAccessId`, `display`, `active`, `target`, `module`, `cmd`) VALUES('48', '28', '28', '1', 'application', '0', '2014-09-02 00:00:00', 'system', 'Suchen', '', 'Suchen', 'Suchen', '{APPLICATION_DATA}', '0', '', '', '', 0, 'Suchen', 'Suchen', 'Suchen', 'index', NULL, NULL, '', '0', '0', '0', '0', '1', '', 'Search', '');
INSERT INTO `contrexx_log_entry`(`logged_at`, `object_id`, `data`, `action`, `version`, `object_class`, `username`) VALUES('2014-09-02 00:00:00', '48', 'a:31:{s:14:\"nodeIdShadowed\";i:28;s:4:\"lang\";s:1:\"1\";s:4:\"type\";s:11:\"application\";s:7:\"caching\";s:1:\"0\";s:9:\"updatedAt\";O:8:\"DateTime\":3:{s:4:\"date\";s:19:\"2014-09-02 00:00:00\";s:13:\"timezone_type\";i:3;s:8:\"timezone\";s:12:\"Europe/Paris\";}s:9:\"updatedBy\";s:6:\"system\";s:5:\"title\";s:6:\"Suchen\";s:10:\"linkTarget\";s:0:\"\";s:12:\"contentTitle\";s:6:\"Suchen\";s:4:\"slug\";s:6:\"Suchen\";s:7:\"content\";s:18:\"{APPLICATION_DATA}\";s:10:\"sourceMode\";b:0;s:13:\"customContent\";s:0:\"\";s:7:\"cssName\";s:0:\"\";s:10:\"cssNavName\";s:0:\"\";s:4:\"skin\";s:1:\"0\";s:9:\"metatitle\";s:6:\"Suchen\";s:8:\"metadesc\";s:6:\"Suchen\";s:8:\"metakeys\";s:6:\"Suchen\";s:10:\"metarobots\";s:5:\"index\";s:5:\"start\";N;s:3:\"end\";N;s:13:\"editingStatus\";s:0:\"\";s:10:\"protection\";s:1:\"0\";s:16:\"frontendAccessId\";s:1:\"0\";s:15:\"backendAccessId\";s:1:\"0\";s:7:\"display\";s:1:\"0\";s:6:\"active\";s:1:\"1\";s:6:\"target\";s:0:\"\";s:6:\"module\";s:6:\"Search\";s:3:\"cmd\";s:0:\"\";}', 'create', '1', 'Cx\\Core\\ContentManager\\Model\\Entity\\Page', '{\"id\":1,\"name\":\"system\"}');
INSERT INTO `contrexx_content_page`(`id`, `node_id`, `nodeIdShadowed`, `lang`, `type`, `caching`, `updatedAt`, `updatedBy`, `title`, `linkTarget`, `contentTitle`, `slug`, `content`, `sourceMode`, `customContent`, `cssName`, `cssNavName`, `skin`, `metatitle`, `metadesc`, `metakeys`, `metarobots`, `start`, `end`, `editingStatus`, `protection`, `frontendAccessId`, `backendAccessId`, `display`, `active`, `target`, `module`, `cmd`) VALUES('49', '28', '28', '2', 'fallback', '0', '2014-09-02 00:00:00', 'system', 'Suchen', '', 'Suchen', 'Suchen', '<form action=\"index.php\" method=\"get\">\r\n	<input name=\"term\" value=\"{SEARCH_TERM}\" size=\"30\" maxlength=\"100\" class=\"searchinput\" />\r\n	<input value=\"search\" name=\"section\" type=\"hidden\" />\r\n	<input value=\"{TXT_SEARCH}\" name=\"Submit\" type=\"submit\" class=\"searchbutton\" />\r\n</form>\r\n<br />\r\n{SEARCH_TITLE}<br />\r\n<!-- BEGIN searchrow -->\r\n	{LINK} {COUNT_MATCH}<br />\r\n	{SHORT_CONTENT}<br />\r\n<!-- END searchrow -->\r\n<br />\r\n{SEARCH_PAGING}\r\n<br />\r\n<br />', '1', '', '', '', 0, 'Suchen', 'Suchen', 'Suchen', 'index', NULL, NULL, '', '0', '0', '0', '0', '1', '', 'Search', '');
INSERT INTO `contrexx_log_entry`(`logged_at`, `object_id`, `data`, `action`, `version`, `object_class`, `username`) VALUES('2014-09-02 00:00:00', '49', 'a:31:{s:14:\"nodeIdShadowed\";i:28;s:4:\"lang\";s:1:\"2\";s:4:\"type\";s:8:\"fallback\";s:7:\"caching\";s:1:\"0\";s:9:\"updatedAt\";O:8:\"DateTime\":3:{s:4:\"date\";s:19:\"2014-09-02 00:00:00\";s:13:\"timezone_type\";i:3;s:8:\"timezone\";s:12:\"Europe/Paris\";}s:9:\"updatedBy\";s:6:\"system\";s:5:\"title\";s:6:\"Suchen\";s:10:\"linkTarget\";s:0:\"\";s:12:\"contentTitle\";s:6:\"Suchen\";s:4:\"slug\";s:6:\"Suchen\";s:7:\"content\";s:437:\"<form action=\"index.php\" method=\"get\">\n	<input name=\"term\" value=\"{SEARCH_TERM}\" size=\"30\" maxlength=\"100\" class=\"searchinput\" />\n	<input value=\"search\" name=\"section\" type=\"hidden\" />\n	<input value=\"{TXT_SEARCH}\" name=\"Submit\" type=\"submit\" class=\"searchbutton\" />\n</form>\n<br />\n{SEARCH_TITLE}<br />\n<!-- BEGIN searchrow -->\n	{LINK} {COUNT_MATCH}<br />\n	{SHORT_CONTENT}<br />\n<!-- END searchrow -->\n<br />\n{SEARCH_PAGING}\n<br />\n<br />\";s:10:\"sourceMode\";b:1;s:13:\"customContent\";s:0:\"\";s:7:\"cssName\";s:0:\"\";s:10:\"cssNavName\";s:0:\"\";s:4:\"skin\";s:1:\"0\";s:9:\"metatitle\";s:6:\"Suchen\";s:8:\"metadesc\";s:6:\"Suchen\";s:8:\"metakeys\";s:6:\"Suchen\";s:10:\"metarobots\";s:5:\"index\";s:5:\"start\";N;s:3:\"end\";N;s:13:\"editingStatus\";s:0:\"\";s:10:\"protection\";s:1:\"0\";s:16:\"frontendAccessId\";s:1:\"0\";s:15:\"backendAccessId\";s:1:\"0\";s:7:\"display\";s:1:\"0\";s:6:\"active\";s:1:\"1\";s:6:\"target\";s:0:\"\";s:6:\"module\";s:6:\"Search\";s:3:\"cmd\";s:0:\"\";}', 'create', '1', 'Cx\\Core\\ContentManager\\Model\\Entity\\Page', '{\"id\":1,\"name\":\"system\"}');
INSERT INTO `contrexx_content_page`(`id`, `node_id`, `nodeIdShadowed`, `lang`, `type`, `caching`, `updatedAt`, `updatedBy`, `title`, `linkTarget`, `contentTitle`, `slug`, `content`, `sourceMode`, `customContent`, `cssName`, `cssNavName`, `skin`, `metatitle`, `metadesc`, `metakeys`, `metarobots`, `start`, `end`, `editingStatus`, `protection`, `frontendAccessId`, `backendAccessId`, `display`, `active`, `target`, `module`, `cmd`) VALUES('50', '16', '16', '2', 'fallback', '0', '2014-09-02 00:00:00', 'system', 'System', '', 'System', 'System', 'These pages are not shown directly but are only here to support various functions of the website.<br />\r\n', '0', '', '', '', 0, 'System', 'System', 'System', '', NULL, NULL, '', '0', '0', '0', '0', '1', '', '', '');
INSERT INTO `contrexx_log_entry`(`logged_at`, `object_id`, `data`, `action`, `version`, `object_class`, `username`) VALUES('2014-09-02 00:00:00', '50', 'a:31:{s:14:\"nodeIdShadowed\";i:16;s:4:\"lang\";s:1:\"2\";s:4:\"type\";s:8:\"fallback\";s:7:\"caching\";s:1:\"0\";s:9:\"updatedAt\";O:8:\"DateTime\":3:{s:4:\"date\";s:19:\"2014-09-02 00:00:00\";s:13:\"timezone_type\";i:3;s:8:\"timezone\";s:12:\"Europe/Paris\";}s:9:\"updatedBy\";s:6:\"system\";s:5:\"title\";s:6:\"System\";s:10:\"linkTarget\";s:0:\"\";s:12:\"contentTitle\";s:6:\"System\";s:4:\"slug\";s:6:\"System\";s:7:\"content\";s:104:\"These pages are not shown directly but are only here to support various functions of the website.<br />\n\";s:10:\"sourceMode\";b:0;s:13:\"customContent\";s:0:\"\";s:7:\"cssName\";s:0:\"\";s:10:\"cssNavName\";s:0:\"\";s:4:\"skin\";s:1:\"0\";s:9:\"metatitle\";s:6:\"System\";s:8:\"metadesc\";s:6:\"System\";s:8:\"metakeys\";s:6:\"System\";s:10:\"metarobots\";s:0:\"\";s:5:\"start\";N;s:3:\"end\";N;s:13:\"editingStatus\";s:0:\"\";s:10:\"protection\";s:1:\"0\";s:16:\"frontendAccessId\";s:1:\"0\";s:15:\"backendAccessId\";s:1:\"0\";s:7:\"display\";s:1:\"0\";s:6:\"active\";s:1:\"1\";s:6:\"target\";s:0:\"\";s:6:\"module\";s:0:\"\";s:3:\"cmd\";s:0:\"\";}', 'create', '1', 'Cx\\Core\\ContentManager\\Model\\Entity\\Page', '{\"id\":1,\"name\":\"system\"}');

INSERT INTO `contrexx_core_country` (`id`, `alpha2`, `alpha3`, `ord`, `active`) VALUES ('1', 'AF', 'AFG', '0', '0');
INSERT INTO `contrexx_core_country` (`id`, `alpha2`, `alpha3`, `ord`, `active`) VALUES ('2', 'AL', 'ALB', '0', '0');
INSERT INTO `contrexx_core_country` (`id`, `alpha2`, `alpha3`, `ord`, `active`) VALUES ('3', 'DZ', 'DZA', '0', '0');
INSERT INTO `contrexx_core_country` (`id`, `alpha2`, `alpha3`, `ord`, `active`) VALUES ('4', 'AS', 'ASM', '0', '0');
INSERT INTO `contrexx_core_country` (`id`, `alpha2`, `alpha3`, `ord`, `active`) VALUES ('5', 'AD', 'AND', '0', '0');
INSERT INTO `contrexx_core_country` (`id`, `alpha2`, `alpha3`, `ord`, `active`) VALUES ('6', 'AO', 'AGO', '0', '0');
INSERT INTO `contrexx_core_country` (`id`, `alpha2`, `alpha3`, `ord`, `active`) VALUES ('7', 'AI', 'AIA', '0', '0');
INSERT INTO `contrexx_core_country` (`id`, `alpha2`, `alpha3`, `ord`, `active`) VALUES ('8', 'AQ', 'ATA', '0', '0');
INSERT INTO `contrexx_core_country` (`id`, `alpha2`, `alpha3`, `ord`, `active`) VALUES ('9', 'AG', 'ATG', '0', '0');
INSERT INTO `contrexx_core_country` (`id`, `alpha2`, `alpha3`, `ord`, `active`) VALUES ('10', 'AR', 'ARG', '0', '0');
INSERT INTO `contrexx_core_country` (`id`, `alpha2`, `alpha3`, `ord`, `active`) VALUES ('11', 'AM', 'ARM', '0', '0');
INSERT INTO `contrexx_core_country` (`id`, `alpha2`, `alpha3`, `ord`, `active`) VALUES ('12', 'AW', 'ABW', '0', '0');
INSERT INTO `contrexx_core_country` (`id`, `alpha2`, `alpha3`, `ord`, `active`) VALUES ('13', 'AU', 'AUS', '0', '0');
INSERT INTO `contrexx_core_country` (`id`, `alpha2`, `alpha3`, `ord`, `active`) VALUES ('14', 'AT', 'AUT', '0', '1');
INSERT INTO `contrexx_core_country` (`id`, `alpha2`, `alpha3`, `ord`, `active`) VALUES ('15', 'AZ', 'AZE', '0', '0');
INSERT INTO `contrexx_core_country` (`id`, `alpha2`, `alpha3`, `ord`, `active`) VALUES ('16', 'BS', 'BHS', '0', '0');
INSERT INTO `contrexx_core_country` (`id`, `alpha2`, `alpha3`, `ord`, `active`) VALUES ('17', 'BH', 'BHR', '0', '0');
INSERT INTO `contrexx_core_country` (`id`, `alpha2`, `alpha3`, `ord`, `active`) VALUES ('18', 'BD', 'BGD', '0', '0');
INSERT INTO `contrexx_core_country` (`id`, `alpha2`, `alpha3`, `ord`, `active`) VALUES ('19', 'BB', 'BRB', '0', '0');
INSERT INTO `contrexx_core_country` (`id`, `alpha2`, `alpha3`, `ord`, `active`) VALUES ('20', 'BY', 'BLR', '0', '0');
INSERT INTO `contrexx_core_country` (`id`, `alpha2`, `alpha3`, `ord`, `active`) VALUES ('21', 'BE', 'BEL', '0', '0');
INSERT INTO `contrexx_core_country` (`id`, `alpha2`, `alpha3`, `ord`, `active`) VALUES ('22', 'BZ', 'BLZ', '0', '0');
INSERT INTO `contrexx_core_country` (`id`, `alpha2`, `alpha3`, `ord`, `active`) VALUES ('23', 'BJ', 'BEN', '0', '0');
INSERT INTO `contrexx_core_country` (`id`, `alpha2`, `alpha3`, `ord`, `active`) VALUES ('24', 'BM', 'BMU', '0', '0');
INSERT INTO `contrexx_core_country` (`id`, `alpha2`, `alpha3`, `ord`, `active`) VALUES ('25', 'BT', 'BTN', '0', '0');
INSERT INTO `contrexx_core_country` (`id`, `alpha2`, `alpha3`, `ord`, `active`) VALUES ('26', 'BO', 'BOL', '0', '0');
INSERT INTO `contrexx_core_country` (`id`, `alpha2`, `alpha3`, `ord`, `active`) VALUES ('27', 'BA', 'BIH', '0', '0');
INSERT INTO `contrexx_core_country` (`id`, `alpha2`, `alpha3`, `ord`, `active`) VALUES ('28', 'BW', 'BWA', '0', '0');
INSERT INTO `contrexx_core_country` (`id`, `alpha2`, `alpha3`, `ord`, `active`) VALUES ('29', 'BV', 'BVT', '0', '0');
INSERT INTO `contrexx_core_country` (`id`, `alpha2`, `alpha3`, `ord`, `active`) VALUES ('30', 'BR', 'BRA', '0', '0');
INSERT INTO `contrexx_core_country` (`id`, `alpha2`, `alpha3`, `ord`, `active`) VALUES ('31', 'IO', 'IOT', '0', '0');
INSERT INTO `contrexx_core_country` (`id`, `alpha2`, `alpha3`, `ord`, `active`) VALUES ('32', 'BN', 'BRN', '0', '0');
INSERT INTO `contrexx_core_country` (`id`, `alpha2`, `alpha3`, `ord`, `active`) VALUES ('33', 'BG', 'BGR', '0', '0');
INSERT INTO `contrexx_core_country` (`id`, `alpha2`, `alpha3`, `ord`, `active`) VALUES ('34', 'BF', 'BFA', '0', '0');
INSERT INTO `contrexx_core_country` (`id`, `alpha2`, `alpha3`, `ord`, `active`) VALUES ('35', 'BI', 'BDI', '0', '0');
INSERT INTO `contrexx_core_country` (`id`, `alpha2`, `alpha3`, `ord`, `active`) VALUES ('36', 'KH', 'KHM', '0', '0');
INSERT INTO `contrexx_core_country` (`id`, `alpha2`, `alpha3`, `ord`, `active`) VALUES ('37', 'CM', 'CMR', '0', '0');
INSERT INTO `contrexx_core_country` (`id`, `alpha2`, `alpha3`, `ord`, `active`) VALUES ('38', 'CA', 'CAN', '0', '0');
INSERT INTO `contrexx_core_country` (`id`, `alpha2`, `alpha3`, `ord`, `active`) VALUES ('39', 'CV', 'CPV', '0', '0');
INSERT INTO `contrexx_core_country` (`id`, `alpha2`, `alpha3`, `ord`, `active`) VALUES ('40', 'KY', 'CYM', '0', '0');
INSERT INTO `contrexx_core_country` (`id`, `alpha2`, `alpha3`, `ord`, `active`) VALUES ('41', 'CF', 'CAF', '0', '0');
INSERT INTO `contrexx_core_country` (`id`, `alpha2`, `alpha3`, `ord`, `active`) VALUES ('42', 'TD', 'TCD', '0', '0');
INSERT INTO `contrexx_core_country` (`id`, `alpha2`, `alpha3`, `ord`, `active`) VALUES ('43', 'CL', 'CHL', '0', '0');
INSERT INTO `contrexx_core_country` (`id`, `alpha2`, `alpha3`, `ord`, `active`) VALUES ('44', 'CN', 'CHN', '0', '0');
INSERT INTO `contrexx_core_country` (`id`, `alpha2`, `alpha3`, `ord`, `active`) VALUES ('45', 'CX', 'CXR', '0', '0');
INSERT INTO `contrexx_core_country` (`id`, `alpha2`, `alpha3`, `ord`, `active`) VALUES ('46', 'CC', 'CCK', '0', '0');
INSERT INTO `contrexx_core_country` (`id`, `alpha2`, `alpha3`, `ord`, `active`) VALUES ('47', 'CO', 'COL', '0', '0');
INSERT INTO `contrexx_core_country` (`id`, `alpha2`, `alpha3`, `ord`, `active`) VALUES ('48', 'KM', 'COM', '0', '0');
INSERT INTO `contrexx_core_country` (`id`, `alpha2`, `alpha3`, `ord`, `active`) VALUES ('49', 'CG', 'COG', '0', '0');
INSERT INTO `contrexx_core_country` (`id`, `alpha2`, `alpha3`, `ord`, `active`) VALUES ('50', 'CK', 'COK', '0', '0');
INSERT INTO `contrexx_core_country` (`id`, `alpha2`, `alpha3`, `ord`, `active`) VALUES ('51', 'CR', 'CRI', '0', '0');
INSERT INTO `contrexx_core_country` (`id`, `alpha2`, `alpha3`, `ord`, `active`) VALUES ('52', 'CI', 'CIV', '0', '0');
INSERT INTO `contrexx_core_country` (`id`, `alpha2`, `alpha3`, `ord`, `active`) VALUES ('53', 'HR', 'HRV', '0', '0');
INSERT INTO `contrexx_core_country` (`id`, `alpha2`, `alpha3`, `ord`, `active`) VALUES ('54', 'CU', 'CUB', '0', '0');
INSERT INTO `contrexx_core_country` (`id`, `alpha2`, `alpha3`, `ord`, `active`) VALUES ('55', 'CY', 'CYP', '0', '0');
INSERT INTO `contrexx_core_country` (`id`, `alpha2`, `alpha3`, `ord`, `active`) VALUES ('56', 'CZ', 'CZE', '0', '0');
INSERT INTO `contrexx_core_country` (`id`, `alpha2`, `alpha3`, `ord`, `active`) VALUES ('57', 'DK', 'DNK', '0', '0');
INSERT INTO `contrexx_core_country` (`id`, `alpha2`, `alpha3`, `ord`, `active`) VALUES ('58', 'DJ', 'DJI', '0', '0');
INSERT INTO `contrexx_core_country` (`id`, `alpha2`, `alpha3`, `ord`, `active`) VALUES ('59', 'DM', 'DMA', '0', '0');
INSERT INTO `contrexx_core_country` (`id`, `alpha2`, `alpha3`, `ord`, `active`) VALUES ('60', 'DO', 'DOM', '0', '0');
INSERT INTO `contrexx_core_country` (`id`, `alpha2`, `alpha3`, `ord`, `active`) VALUES ('61', 'TP', 'TMP', '0', '0');
INSERT INTO `contrexx_core_country` (`id`, `alpha2`, `alpha3`, `ord`, `active`) VALUES ('62', 'EC', 'ECU', '0', '0');
INSERT INTO `contrexx_core_country` (`id`, `alpha2`, `alpha3`, `ord`, `active`) VALUES ('63', 'EG', 'EGY', '0', '0');
INSERT INTO `contrexx_core_country` (`id`, `alpha2`, `alpha3`, `ord`, `active`) VALUES ('64', 'SV', 'SLV', '0', '0');
INSERT INTO `contrexx_core_country` (`id`, `alpha2`, `alpha3`, `ord`, `active`) VALUES ('65', 'GQ', 'GNQ', '0', '0');
INSERT INTO `contrexx_core_country` (`id`, `alpha2`, `alpha3`, `ord`, `active`) VALUES ('66', 'ER', 'ERI', '0', '0');
INSERT INTO `contrexx_core_country` (`id`, `alpha2`, `alpha3`, `ord`, `active`) VALUES ('67', 'EE', 'EST', '0', '0');
INSERT INTO `contrexx_core_country` (`id`, `alpha2`, `alpha3`, `ord`, `active`) VALUES ('68', 'ET', 'ETH', '0', '0');
INSERT INTO `contrexx_core_country` (`id`, `alpha2`, `alpha3`, `ord`, `active`) VALUES ('69', 'FK', 'FLK', '0', '0');
INSERT INTO `contrexx_core_country` (`id`, `alpha2`, `alpha3`, `ord`, `active`) VALUES ('70', 'FO', 'FRO', '0', '0');
INSERT INTO `contrexx_core_country` (`id`, `alpha2`, `alpha3`, `ord`, `active`) VALUES ('71', 'FJ', 'FJI', '0', '0');
INSERT INTO `contrexx_core_country` (`id`, `alpha2`, `alpha3`, `ord`, `active`) VALUES ('72', 'FI', 'FIN', '0', '0');
INSERT INTO `contrexx_core_country` (`id`, `alpha2`, `alpha3`, `ord`, `active`) VALUES ('73', 'FR', 'FRA', '0', '0');
INSERT INTO `contrexx_core_country` (`id`, `alpha2`, `alpha3`, `ord`, `active`) VALUES ('74', 'FX', 'FXX', '0', '0');
INSERT INTO `contrexx_core_country` (`id`, `alpha2`, `alpha3`, `ord`, `active`) VALUES ('75', 'GF', 'GUF', '0', '0');
INSERT INTO `contrexx_core_country` (`id`, `alpha2`, `alpha3`, `ord`, `active`) VALUES ('76', 'PF', 'PYF', '0', '0');
INSERT INTO `contrexx_core_country` (`id`, `alpha2`, `alpha3`, `ord`, `active`) VALUES ('77', 'TF', 'ATF', '0', '0');
INSERT INTO `contrexx_core_country` (`id`, `alpha2`, `alpha3`, `ord`, `active`) VALUES ('78', 'GA', 'GAB', '0', '0');
INSERT INTO `contrexx_core_country` (`id`, `alpha2`, `alpha3`, `ord`, `active`) VALUES ('79', 'GM', 'GMB', '0', '0');
INSERT INTO `contrexx_core_country` (`id`, `alpha2`, `alpha3`, `ord`, `active`) VALUES ('80', 'GE', 'GEO', '0', '0');
INSERT INTO `contrexx_core_country` (`id`, `alpha2`, `alpha3`, `ord`, `active`) VALUES ('81', 'DE', 'DEU', '0', '1');
INSERT INTO `contrexx_core_country` (`id`, `alpha2`, `alpha3`, `ord`, `active`) VALUES ('82', 'GH', 'GHA', '0', '0');
INSERT INTO `contrexx_core_country` (`id`, `alpha2`, `alpha3`, `ord`, `active`) VALUES ('83', 'GI', 'GIB', '0', '0');
INSERT INTO `contrexx_core_country` (`id`, `alpha2`, `alpha3`, `ord`, `active`) VALUES ('84', 'GR', 'GRC', '0', '0');
INSERT INTO `contrexx_core_country` (`id`, `alpha2`, `alpha3`, `ord`, `active`) VALUES ('85', 'GL', 'GRL', '0', '0');
INSERT INTO `contrexx_core_country` (`id`, `alpha2`, `alpha3`, `ord`, `active`) VALUES ('86', 'GD', 'GRD', '0', '0');
INSERT INTO `contrexx_core_country` (`id`, `alpha2`, `alpha3`, `ord`, `active`) VALUES ('87', 'GP', 'GLP', '0', '0');
INSERT INTO `contrexx_core_country` (`id`, `alpha2`, `alpha3`, `ord`, `active`) VALUES ('88', 'GU', 'GUM', '0', '0');
INSERT INTO `contrexx_core_country` (`id`, `alpha2`, `alpha3`, `ord`, `active`) VALUES ('89', 'GT', 'GTM', '0', '0');
INSERT INTO `contrexx_core_country` (`id`, `alpha2`, `alpha3`, `ord`, `active`) VALUES ('90', 'GN', 'GIN', '0', '0');
INSERT INTO `contrexx_core_country` (`id`, `alpha2`, `alpha3`, `ord`, `active`) VALUES ('91', 'GW', 'GNB', '0', '0');
INSERT INTO `contrexx_core_country` (`id`, `alpha2`, `alpha3`, `ord`, `active`) VALUES ('92', 'GY', 'GUY', '0', '0');
INSERT INTO `contrexx_core_country` (`id`, `alpha2`, `alpha3`, `ord`, `active`) VALUES ('93', 'HT', 'HTI', '0', '0');
INSERT INTO `contrexx_core_country` (`id`, `alpha2`, `alpha3`, `ord`, `active`) VALUES ('94', 'HM', 'HMD', '0', '0');
INSERT INTO `contrexx_core_country` (`id`, `alpha2`, `alpha3`, `ord`, `active`) VALUES ('95', 'HN', 'HND', '0', '0');
INSERT INTO `contrexx_core_country` (`id`, `alpha2`, `alpha3`, `ord`, `active`) VALUES ('96', 'HK', 'HKG', '0', '0');
INSERT INTO `contrexx_core_country` (`id`, `alpha2`, `alpha3`, `ord`, `active`) VALUES ('97', 'HU', 'HUN', '0', '0');
INSERT INTO `contrexx_core_country` (`id`, `alpha2`, `alpha3`, `ord`, `active`) VALUES ('98', 'IS', 'ISL', '0', '0');
INSERT INTO `contrexx_core_country` (`id`, `alpha2`, `alpha3`, `ord`, `active`) VALUES ('99', 'IN', 'IND', '0', '0');
INSERT INTO `contrexx_core_country` (`id`, `alpha2`, `alpha3`, `ord`, `active`) VALUES ('100', 'ID', 'IDN', '0', '0');
INSERT INTO `contrexx_core_country` (`id`, `alpha2`, `alpha3`, `ord`, `active`) VALUES ('101', 'IR', 'IRN', '0', '0');
INSERT INTO `contrexx_core_country` (`id`, `alpha2`, `alpha3`, `ord`, `active`) VALUES ('102', 'IQ', 'IRQ', '0', '0');
INSERT INTO `contrexx_core_country` (`id`, `alpha2`, `alpha3`, `ord`, `active`) VALUES ('103', 'IE', 'IRL', '0', '0');
INSERT INTO `contrexx_core_country` (`id`, `alpha2`, `alpha3`, `ord`, `active`) VALUES ('104', 'IL', 'ISR', '0', '0');
INSERT INTO `contrexx_core_country` (`id`, `alpha2`, `alpha3`, `ord`, `active`) VALUES ('105', 'IT', 'ITA', '0', '0');
INSERT INTO `contrexx_core_country` (`id`, `alpha2`, `alpha3`, `ord`, `active`) VALUES ('106', 'JM', 'JAM', '0', '0');
INSERT INTO `contrexx_core_country` (`id`, `alpha2`, `alpha3`, `ord`, `active`) VALUES ('107', 'JP', 'JPN', '0', '0');
INSERT INTO `contrexx_core_country` (`id`, `alpha2`, `alpha3`, `ord`, `active`) VALUES ('108', 'JO', 'JOR', '0', '0');
INSERT INTO `contrexx_core_country` (`id`, `alpha2`, `alpha3`, `ord`, `active`) VALUES ('109', 'KZ', 'KAZ', '0', '0');
INSERT INTO `contrexx_core_country` (`id`, `alpha2`, `alpha3`, `ord`, `active`) VALUES ('110', 'KE', 'KEN', '0', '0');
INSERT INTO `contrexx_core_country` (`id`, `alpha2`, `alpha3`, `ord`, `active`) VALUES ('111', 'KI', 'KIR', '0', '0');
INSERT INTO `contrexx_core_country` (`id`, `alpha2`, `alpha3`, `ord`, `active`) VALUES ('112', 'KP', 'PRK', '0', '0');
INSERT INTO `contrexx_core_country` (`id`, `alpha2`, `alpha3`, `ord`, `active`) VALUES ('113', 'KR', 'KOR', '0', '0');
INSERT INTO `contrexx_core_country` (`id`, `alpha2`, `alpha3`, `ord`, `active`) VALUES ('114', 'KW', 'KWT', '0', '0');
INSERT INTO `contrexx_core_country` (`id`, `alpha2`, `alpha3`, `ord`, `active`) VALUES ('115', 'KG', 'KGZ', '0', '0');
INSERT INTO `contrexx_core_country` (`id`, `alpha2`, `alpha3`, `ord`, `active`) VALUES ('116', 'LA', 'LAO', '0', '0');
INSERT INTO `contrexx_core_country` (`id`, `alpha2`, `alpha3`, `ord`, `active`) VALUES ('117', 'LV', 'LVA', '0', '0');
INSERT INTO `contrexx_core_country` (`id`, `alpha2`, `alpha3`, `ord`, `active`) VALUES ('118', 'LB', 'LBN', '0', '0');
INSERT INTO `contrexx_core_country` (`id`, `alpha2`, `alpha3`, `ord`, `active`) VALUES ('119', 'LS', 'LSO', '0', '0');
INSERT INTO `contrexx_core_country` (`id`, `alpha2`, `alpha3`, `ord`, `active`) VALUES ('120', 'LR', 'LBR', '0', '0');
INSERT INTO `contrexx_core_country` (`id`, `alpha2`, `alpha3`, `ord`, `active`) VALUES ('121', 'LY', 'LBY', '0', '0');
INSERT INTO `contrexx_core_country` (`id`, `alpha2`, `alpha3`, `ord`, `active`) VALUES ('122', 'LI', 'LIE', '0', '1');
INSERT INTO `contrexx_core_country` (`id`, `alpha2`, `alpha3`, `ord`, `active`) VALUES ('123', 'LT', 'LTU', '0', '0');
INSERT INTO `contrexx_core_country` (`id`, `alpha2`, `alpha3`, `ord`, `active`) VALUES ('124', 'LU', 'LUX', '0', '0');
INSERT INTO `contrexx_core_country` (`id`, `alpha2`, `alpha3`, `ord`, `active`) VALUES ('125', 'MO', 'MAC', '0', '0');
INSERT INTO `contrexx_core_country` (`id`, `alpha2`, `alpha3`, `ord`, `active`) VALUES ('126', 'MK', 'MKD', '0', '0');
INSERT INTO `contrexx_core_country` (`id`, `alpha2`, `alpha3`, `ord`, `active`) VALUES ('127', 'MG', 'MDG', '0', '0');
INSERT INTO `contrexx_core_country` (`id`, `alpha2`, `alpha3`, `ord`, `active`) VALUES ('128', 'MW', 'MWI', '0', '0');
INSERT INTO `contrexx_core_country` (`id`, `alpha2`, `alpha3`, `ord`, `active`) VALUES ('129', 'MY', 'MYS', '0', '0');
INSERT INTO `contrexx_core_country` (`id`, `alpha2`, `alpha3`, `ord`, `active`) VALUES ('130', 'MV', 'MDV', '0', '0');
INSERT INTO `contrexx_core_country` (`id`, `alpha2`, `alpha3`, `ord`, `active`) VALUES ('131', 'ML', 'MLI', '0', '0');
INSERT INTO `contrexx_core_country` (`id`, `alpha2`, `alpha3`, `ord`, `active`) VALUES ('132', 'MT', 'MLT', '0', '0');
INSERT INTO `contrexx_core_country` (`id`, `alpha2`, `alpha3`, `ord`, `active`) VALUES ('133', 'MH', 'MHL', '0', '0');
INSERT INTO `contrexx_core_country` (`id`, `alpha2`, `alpha3`, `ord`, `active`) VALUES ('134', 'MQ', 'MTQ', '0', '0');
INSERT INTO `contrexx_core_country` (`id`, `alpha2`, `alpha3`, `ord`, `active`) VALUES ('135', 'MR', 'MRT', '0', '0');
INSERT INTO `contrexx_core_country` (`id`, `alpha2`, `alpha3`, `ord`, `active`) VALUES ('136', 'MU', 'MUS', '0', '0');
INSERT INTO `contrexx_core_country` (`id`, `alpha2`, `alpha3`, `ord`, `active`) VALUES ('137', 'YT', 'MYT', '0', '0');
INSERT INTO `contrexx_core_country` (`id`, `alpha2`, `alpha3`, `ord`, `active`) VALUES ('138', 'MX', 'MEX', '0', '0');
INSERT INTO `contrexx_core_country` (`id`, `alpha2`, `alpha3`, `ord`, `active`) VALUES ('139', 'FM', 'FSM', '0', '0');
INSERT INTO `contrexx_core_country` (`id`, `alpha2`, `alpha3`, `ord`, `active`) VALUES ('140', 'MD', 'MDA', '0', '0');
INSERT INTO `contrexx_core_country` (`id`, `alpha2`, `alpha3`, `ord`, `active`) VALUES ('141', 'MC', 'MCO', '0', '0');
INSERT INTO `contrexx_core_country` (`id`, `alpha2`, `alpha3`, `ord`, `active`) VALUES ('142', 'MN', 'MNG', '0', '0');
INSERT INTO `contrexx_core_country` (`id`, `alpha2`, `alpha3`, `ord`, `active`) VALUES ('143', 'MS', 'MSR', '0', '0');
INSERT INTO `contrexx_core_country` (`id`, `alpha2`, `alpha3`, `ord`, `active`) VALUES ('144', 'MA', 'MAR', '0', '0');
INSERT INTO `contrexx_core_country` (`id`, `alpha2`, `alpha3`, `ord`, `active`) VALUES ('145', 'MZ', 'MOZ', '0', '0');
INSERT INTO `contrexx_core_country` (`id`, `alpha2`, `alpha3`, `ord`, `active`) VALUES ('146', 'MM', 'MMR', '0', '0');
INSERT INTO `contrexx_core_country` (`id`, `alpha2`, `alpha3`, `ord`, `active`) VALUES ('147', 'NA', 'NAM', '0', '0');
INSERT INTO `contrexx_core_country` (`id`, `alpha2`, `alpha3`, `ord`, `active`) VALUES ('148', 'NR', 'NRU', '0', '0');
INSERT INTO `contrexx_core_country` (`id`, `alpha2`, `alpha3`, `ord`, `active`) VALUES ('149', 'NP', 'NPL', '0', '0');
INSERT INTO `contrexx_core_country` (`id`, `alpha2`, `alpha3`, `ord`, `active`) VALUES ('150', 'NL', 'NLD', '0', '0');
INSERT INTO `contrexx_core_country` (`id`, `alpha2`, `alpha3`, `ord`, `active`) VALUES ('151', 'AN', 'ANT', '0', '0');
INSERT INTO `contrexx_core_country` (`id`, `alpha2`, `alpha3`, `ord`, `active`) VALUES ('152', 'NC', 'NCL', '0', '0');
INSERT INTO `contrexx_core_country` (`id`, `alpha2`, `alpha3`, `ord`, `active`) VALUES ('153', 'NZ', 'NZL', '0', '0');
INSERT INTO `contrexx_core_country` (`id`, `alpha2`, `alpha3`, `ord`, `active`) VALUES ('154', 'NI', 'NIC', '0', '0');
INSERT INTO `contrexx_core_country` (`id`, `alpha2`, `alpha3`, `ord`, `active`) VALUES ('155', 'NE', 'NER', '0', '0');
INSERT INTO `contrexx_core_country` (`id`, `alpha2`, `alpha3`, `ord`, `active`) VALUES ('156', 'NG', 'NGA', '0', '0');
INSERT INTO `contrexx_core_country` (`id`, `alpha2`, `alpha3`, `ord`, `active`) VALUES ('157', 'NU', 'NIU', '0', '0');
INSERT INTO `contrexx_core_country` (`id`, `alpha2`, `alpha3`, `ord`, `active`) VALUES ('158', 'NF', 'NFK', '0', '0');
INSERT INTO `contrexx_core_country` (`id`, `alpha2`, `alpha3`, `ord`, `active`) VALUES ('159', 'MP', 'MNP', '0', '0');
INSERT INTO `contrexx_core_country` (`id`, `alpha2`, `alpha3`, `ord`, `active`) VALUES ('160', 'NO', 'NOR', '0', '0');
INSERT INTO `contrexx_core_country` (`id`, `alpha2`, `alpha3`, `ord`, `active`) VALUES ('161', 'OM', 'OMN', '0', '0');
INSERT INTO `contrexx_core_country` (`id`, `alpha2`, `alpha3`, `ord`, `active`) VALUES ('162', 'PK', 'PAK', '0', '0');
INSERT INTO `contrexx_core_country` (`id`, `alpha2`, `alpha3`, `ord`, `active`) VALUES ('163', 'PW', 'PLW', '0', '0');
INSERT INTO `contrexx_core_country` (`id`, `alpha2`, `alpha3`, `ord`, `active`) VALUES ('164', 'PA', 'PAN', '0', '0');
INSERT INTO `contrexx_core_country` (`id`, `alpha2`, `alpha3`, `ord`, `active`) VALUES ('165', 'PG', 'PNG', '0', '0');
INSERT INTO `contrexx_core_country` (`id`, `alpha2`, `alpha3`, `ord`, `active`) VALUES ('166', 'PY', 'PRY', '0', '0');
INSERT INTO `contrexx_core_country` (`id`, `alpha2`, `alpha3`, `ord`, `active`) VALUES ('167', 'PE', 'PER', '0', '0');
INSERT INTO `contrexx_core_country` (`id`, `alpha2`, `alpha3`, `ord`, `active`) VALUES ('168', 'PH', 'PHL', '0', '0');
INSERT INTO `contrexx_core_country` (`id`, `alpha2`, `alpha3`, `ord`, `active`) VALUES ('169', 'PN', 'PCN', '0', '0');
INSERT INTO `contrexx_core_country` (`id`, `alpha2`, `alpha3`, `ord`, `active`) VALUES ('170', 'PL', 'POL', '0', '0');
INSERT INTO `contrexx_core_country` (`id`, `alpha2`, `alpha3`, `ord`, `active`) VALUES ('171', 'PT', 'PRT', '0', '0');
INSERT INTO `contrexx_core_country` (`id`, `alpha2`, `alpha3`, `ord`, `active`) VALUES ('172', 'PR', 'PRI', '0', '0');
INSERT INTO `contrexx_core_country` (`id`, `alpha2`, `alpha3`, `ord`, `active`) VALUES ('173', 'QA', 'QAT', '0', '0');
INSERT INTO `contrexx_core_country` (`id`, `alpha2`, `alpha3`, `ord`, `active`) VALUES ('174', 'RE', 'REU', '0', '0');
INSERT INTO `contrexx_core_country` (`id`, `alpha2`, `alpha3`, `ord`, `active`) VALUES ('175', 'RO', 'ROM', '0', '0');
INSERT INTO `contrexx_core_country` (`id`, `alpha2`, `alpha3`, `ord`, `active`) VALUES ('176', 'RU', 'RUS', '0', '0');
INSERT INTO `contrexx_core_country` (`id`, `alpha2`, `alpha3`, `ord`, `active`) VALUES ('177', 'RW', 'RWA', '0', '0');
INSERT INTO `contrexx_core_country` (`id`, `alpha2`, `alpha3`, `ord`, `active`) VALUES ('178', 'KN', 'KNA', '0', '0');
INSERT INTO `contrexx_core_country` (`id`, `alpha2`, `alpha3`, `ord`, `active`) VALUES ('179', 'LC', 'LCA', '0', '0');
INSERT INTO `contrexx_core_country` (`id`, `alpha2`, `alpha3`, `ord`, `active`) VALUES ('180', 'VC', 'VCT', '0', '0');
INSERT INTO `contrexx_core_country` (`id`, `alpha2`, `alpha3`, `ord`, `active`) VALUES ('181', 'WS', 'WSM', '0', '0');
INSERT INTO `contrexx_core_country` (`id`, `alpha2`, `alpha3`, `ord`, `active`) VALUES ('182', 'SM', 'SMR', '0', '0');
INSERT INTO `contrexx_core_country` (`id`, `alpha2`, `alpha3`, `ord`, `active`) VALUES ('183', 'ST', 'STP', '0', '0');
INSERT INTO `contrexx_core_country` (`id`, `alpha2`, `alpha3`, `ord`, `active`) VALUES ('184', 'SA', 'SAU', '0', '0');
INSERT INTO `contrexx_core_country` (`id`, `alpha2`, `alpha3`, `ord`, `active`) VALUES ('185', 'SN', 'SEN', '0', '0');
INSERT INTO `contrexx_core_country` (`id`, `alpha2`, `alpha3`, `ord`, `active`) VALUES ('186', 'SC', 'SYC', '0', '0');
INSERT INTO `contrexx_core_country` (`id`, `alpha2`, `alpha3`, `ord`, `active`) VALUES ('187', 'SL', 'SLE', '0', '0');
INSERT INTO `contrexx_core_country` (`id`, `alpha2`, `alpha3`, `ord`, `active`) VALUES ('188', 'SG', 'SGP', '0', '0');
INSERT INTO `contrexx_core_country` (`id`, `alpha2`, `alpha3`, `ord`, `active`) VALUES ('189', 'SK', 'SVK', '0', '0');
INSERT INTO `contrexx_core_country` (`id`, `alpha2`, `alpha3`, `ord`, `active`) VALUES ('190', 'SI', 'SVN', '0', '0');
INSERT INTO `contrexx_core_country` (`id`, `alpha2`, `alpha3`, `ord`, `active`) VALUES ('191', 'SB', 'SLB', '0', '0');
INSERT INTO `contrexx_core_country` (`id`, `alpha2`, `alpha3`, `ord`, `active`) VALUES ('192', 'SO', 'SOM', '0', '0');
INSERT INTO `contrexx_core_country` (`id`, `alpha2`, `alpha3`, `ord`, `active`) VALUES ('193', 'ZA', 'ZAF', '0', '0');
INSERT INTO `contrexx_core_country` (`id`, `alpha2`, `alpha3`, `ord`, `active`) VALUES ('194', 'GS', 'SGS', '0', '0');
INSERT INTO `contrexx_core_country` (`id`, `alpha2`, `alpha3`, `ord`, `active`) VALUES ('195', 'ES', 'ESP', '0', '0');
INSERT INTO `contrexx_core_country` (`id`, `alpha2`, `alpha3`, `ord`, `active`) VALUES ('196', 'LK', 'LKA', '0', '0');
INSERT INTO `contrexx_core_country` (`id`, `alpha2`, `alpha3`, `ord`, `active`) VALUES ('197', 'SH', 'SHN', '0', '0');
INSERT INTO `contrexx_core_country` (`id`, `alpha2`, `alpha3`, `ord`, `active`) VALUES ('198', 'PM', 'SPM', '0', '0');
INSERT INTO `contrexx_core_country` (`id`, `alpha2`, `alpha3`, `ord`, `active`) VALUES ('199', 'SD', 'SDN', '0', '0');
INSERT INTO `contrexx_core_country` (`id`, `alpha2`, `alpha3`, `ord`, `active`) VALUES ('200', 'SR', 'SUR', '0', '0');
INSERT INTO `contrexx_core_country` (`id`, `alpha2`, `alpha3`, `ord`, `active`) VALUES ('201', 'SJ', 'SJM', '0', '0');
INSERT INTO `contrexx_core_country` (`id`, `alpha2`, `alpha3`, `ord`, `active`) VALUES ('202', 'SZ', 'SWZ', '0', '0');
INSERT INTO `contrexx_core_country` (`id`, `alpha2`, `alpha3`, `ord`, `active`) VALUES ('203', 'SE', 'SWE', '0', '0');
INSERT INTO `contrexx_core_country` (`id`, `alpha2`, `alpha3`, `ord`, `active`) VALUES ('204', 'CH', 'CHE', '0', '1');
INSERT INTO `contrexx_core_country` (`id`, `alpha2`, `alpha3`, `ord`, `active`) VALUES ('205', 'SY', 'SYR', '0', '0');
INSERT INTO `contrexx_core_country` (`id`, `alpha2`, `alpha3`, `ord`, `active`) VALUES ('206', 'TW', 'TWN', '0', '0');
INSERT INTO `contrexx_core_country` (`id`, `alpha2`, `alpha3`, `ord`, `active`) VALUES ('207', 'TJ', 'TJK', '0', '0');
INSERT INTO `contrexx_core_country` (`id`, `alpha2`, `alpha3`, `ord`, `active`) VALUES ('208', 'TZ', 'TZA', '0', '0');
INSERT INTO `contrexx_core_country` (`id`, `alpha2`, `alpha3`, `ord`, `active`) VALUES ('209', 'TH', 'THA', '0', '0');
INSERT INTO `contrexx_core_country` (`id`, `alpha2`, `alpha3`, `ord`, `active`) VALUES ('210', 'TG', 'TGO', '0', '0');
INSERT INTO `contrexx_core_country` (`id`, `alpha2`, `alpha3`, `ord`, `active`) VALUES ('211', 'TK', 'TKL', '0', '0');
INSERT INTO `contrexx_core_country` (`id`, `alpha2`, `alpha3`, `ord`, `active`) VALUES ('212', 'TO', 'TON', '0', '0');
INSERT INTO `contrexx_core_country` (`id`, `alpha2`, `alpha3`, `ord`, `active`) VALUES ('213', 'TT', 'TTO', '0', '0');
INSERT INTO `contrexx_core_country` (`id`, `alpha2`, `alpha3`, `ord`, `active`) VALUES ('214', 'TN', 'TUN', '0', '0');
INSERT INTO `contrexx_core_country` (`id`, `alpha2`, `alpha3`, `ord`, `active`) VALUES ('215', 'TR', 'TUR', '0', '0');
INSERT INTO `contrexx_core_country` (`id`, `alpha2`, `alpha3`, `ord`, `active`) VALUES ('216', 'TM', 'TKM', '0', '0');
INSERT INTO `contrexx_core_country` (`id`, `alpha2`, `alpha3`, `ord`, `active`) VALUES ('217', 'TC', 'TCA', '0', '0');
INSERT INTO `contrexx_core_country` (`id`, `alpha2`, `alpha3`, `ord`, `active`) VALUES ('218', 'TV', 'TUV', '0', '0');
INSERT INTO `contrexx_core_country` (`id`, `alpha2`, `alpha3`, `ord`, `active`) VALUES ('219', 'UG', 'UGA', '0', '0');
INSERT INTO `contrexx_core_country` (`id`, `alpha2`, `alpha3`, `ord`, `active`) VALUES ('220', 'UA', 'UKR', '0', '0');
INSERT INTO `contrexx_core_country` (`id`, `alpha2`, `alpha3`, `ord`, `active`) VALUES ('221', 'AE', 'ARE', '0', '0');
INSERT INTO `contrexx_core_country` (`id`, `alpha2`, `alpha3`, `ord`, `active`) VALUES ('222', 'GB', 'GBR', '0', '0');
INSERT INTO `contrexx_core_country` (`id`, `alpha2`, `alpha3`, `ord`, `active`) VALUES ('223', 'US', 'USA', '0', '0');
INSERT INTO `contrexx_core_country` (`id`, `alpha2`, `alpha3`, `ord`, `active`) VALUES ('224', 'UM', 'UMI', '0', '0');
INSERT INTO `contrexx_core_country` (`id`, `alpha2`, `alpha3`, `ord`, `active`) VALUES ('225', 'UY', 'URY', '0', '0');
INSERT INTO `contrexx_core_country` (`id`, `alpha2`, `alpha3`, `ord`, `active`) VALUES ('226', 'UZ', 'UZB', '0', '0');
INSERT INTO `contrexx_core_country` (`id`, `alpha2`, `alpha3`, `ord`, `active`) VALUES ('227', 'VU', 'VUT', '0', '0');
INSERT INTO `contrexx_core_country` (`id`, `alpha2`, `alpha3`, `ord`, `active`) VALUES ('228', 'VA', 'VAT', '0', '0');
INSERT INTO `contrexx_core_country` (`id`, `alpha2`, `alpha3`, `ord`, `active`) VALUES ('229', 'VE', 'VEN', '0', '0');
INSERT INTO `contrexx_core_country` (`id`, `alpha2`, `alpha3`, `ord`, `active`) VALUES ('230', 'VN', 'VNM', '0', '0');
INSERT INTO `contrexx_core_country` (`id`, `alpha2`, `alpha3`, `ord`, `active`) VALUES ('231', 'VG', 'VGB', '0', '0');
INSERT INTO `contrexx_core_country` (`id`, `alpha2`, `alpha3`, `ord`, `active`) VALUES ('232', 'VI', 'VIR', '0', '0');
INSERT INTO `contrexx_core_country` (`id`, `alpha2`, `alpha3`, `ord`, `active`) VALUES ('233', 'WF', 'WLF', '0', '0');
INSERT INTO `contrexx_core_country` (`id`, `alpha2`, `alpha3`, `ord`, `active`) VALUES ('234', 'EH', 'ESH', '0', '0');
INSERT INTO `contrexx_core_country` (`id`, `alpha2`, `alpha3`, `ord`, `active`) VALUES ('235', 'YE', 'YEM', '0', '0');
INSERT INTO `contrexx_core_country` (`id`, `alpha2`, `alpha3`, `ord`, `active`) VALUES ('236', 'YU', 'YUG', '0', '0');
INSERT INTO `contrexx_core_country` (`id`, `alpha2`, `alpha3`, `ord`, `active`) VALUES ('237', 'ZR', 'ZAR', '0', '0');
INSERT INTO `contrexx_core_country` (`id`, `alpha2`, `alpha3`, `ord`, `active`) VALUES ('238', 'ZM', 'ZMB', '0', '0');
INSERT INTO `contrexx_core_country` (`id`, `alpha2`, `alpha3`, `ord`, `active`) VALUES ('239', 'ZW', 'ZWE', '0', '0');

INSERT INTO `contrexx_core_mail_template` (`key`, `section`, `text_id`, `html`, `protected`) VALUES ('customer_login', 'Shop', '1', '1', '1');
INSERT INTO `contrexx_core_mail_template` (`key`, `section`, `text_id`, `html`, `protected`) VALUES ('order_complete', 'Shop', '2', '1', '1');
INSERT INTO `contrexx_core_mail_template` (`key`, `section`, `text_id`, `html`, `protected`) VALUES ('order_confirmation', 'Shop', '3', '1', '1');
INSERT INTO `contrexx_core_mail_template` (`key`, `section`, `text_id`, `html`, `protected`) VALUES ('crm_user_account_created', 'Crm', '12', '1', '1');
INSERT INTO `contrexx_core_mail_template` (`key`, `section`, `text_id`, `html`, `protected`) VALUES ('crm_notify_staff_on_contact_added', 'Crm', '14', '1', '1');
INSERT INTO `contrexx_core_mail_template` (`key`, `section`, `text_id`, `html`, `protected`) VALUES ('crm_task_assigned', 'Crm', '13', '1', '1');
INSERT INTO `contrexx_core_mail_template` (`key`, `section`, `text_id`, `html`, `protected`) VALUES ('createInstance', 'MultiSite', '15', '1', '1');
INSERT INTO `contrexx_core_mail_template` (`key`, `section`, `text_id`, `html`, `protected`) VALUES ('notifyAboutNewWebsite', 'MultiSite', '16', '0', '1');
INSERT INTO `contrexx_core_mail_template` (`key`, `section`, `text_id`, `html`, `protected`) VALUES ('setupError', 'MultiSite', '17', '0', '1');

INSERT INTO `contrexx_core_setting` (`section`, `name`, `group`, `type`, `value`, `values`, `ord`) VALUES ('core', 'numof_countries_per_page_backend', 'country', 'text', '30', '', '101');
INSERT INTO `contrexx_core_setting` (`section`, `name`, `group`, `type`, `value`, `values`, `ord`) VALUES ('Shop', 'address', 'config', 'text', 'MaxMuster AG\r\nFirmenstrasse 1\r\n4321 Irgendwo', '', '20');
INSERT INTO `contrexx_core_setting` (`section`, `name`, `group`, `type`, `value`, `values`, `ord`) VALUES ('Shop', 'company', 'config', 'text', 'MaxMuster AG', '', '19');
INSERT INTO `contrexx_core_setting` (`section`, `name`, `group`, `type`, `value`, `values`, `ord`) VALUES ('Shop', 'country_id', 'config', 'text', '204', '', '13');
INSERT INTO `contrexx_core_setting` (`section`, `name`, `group`, `type`, `value`, `values`, `ord`) VALUES ('Shop', 'datatrans_active', 'config', 'text', '1', '', '29');
INSERT INTO `contrexx_core_setting` (`section`, `name`, `group`, `type`, `value`, `values`, `ord`) VALUES ('Shop', 'datatrans_merchant_id', 'config', 'text', '123456789', '', '28');
INSERT INTO `contrexx_core_setting` (`section`, `name`, `group`, `type`, `value`, `values`, `ord`) VALUES ('Shop', 'datatrans_request_type', 'config', 'text', 'CAA', '', '30');
INSERT INTO `contrexx_core_setting` (`section`, `name`, `group`, `type`, `value`, `values`, `ord`) VALUES ('Shop', 'datatrans_use_testserver', 'config', 'text', '1', '', '31');
INSERT INTO `contrexx_core_setting` (`section`, `name`, `group`, `type`, `value`, `values`, `ord`) VALUES ('Shop', 'email', 'config', 'text', 'webmaster@contrexx.local', '', '1');
INSERT INTO `contrexx_core_setting` (`section`, `name`, `group`, `type`, `value`, `values`, `ord`) VALUES ('Shop', 'email_confirmation', 'config', 'text', 'webmaster@contrexx.local', '', '5');
INSERT INTO `contrexx_core_setting` (`section`, `name`, `group`, `type`, `value`, `values`, `ord`) VALUES ('Shop', 'fax', 'config', 'text', '012 3456790', '', '7');
INSERT INTO `contrexx_core_setting` (`section`, `name`, `group`, `type`, `value`, `values`, `ord`) VALUES ('Shop', 'numof_coupon_per_page_backend', 'config', 'text', '25', '', '58');
INSERT INTO `contrexx_core_setting` (`section`, `name`, `group`, `type`, `value`, `values`, `ord`) VALUES ('Shop', 'numof_customers_per_page_backend', 'config', 'text', '25', '', '55');
INSERT INTO `contrexx_core_setting` (`section`, `name`, `group`, `type`, `value`, `values`, `ord`) VALUES ('Shop', 'numof_mailtemplate_per_page_backend', 'config', 'text', '25', '', '57');
INSERT INTO `contrexx_core_setting` (`section`, `name`, `group`, `type`, `value`, `values`, `ord`) VALUES ('Shop', 'numof_manufacturers_per_page_backend', 'config', 'text', '25', '', '56');
INSERT INTO `contrexx_core_setting` (`section`, `name`, `group`, `type`, `value`, `values`, `ord`) VALUES ('Shop', 'numof_orders_per_page_backend', 'config', 'text', '25', '', '54');
INSERT INTO `contrexx_core_setting` (`section`, `name`, `group`, `type`, `value`, `values`, `ord`) VALUES ('Shop', 'numof_products_per_page_backend', 'config', 'text', '25', '', '216');
INSERT INTO `contrexx_core_setting` (`section`, `name`, `group`, `type`, `value`, `values`, `ord`) VALUES ('Shop', 'numof_products_per_page_frontend', 'config', 'text', '25', '', '53');
INSERT INTO `contrexx_core_setting` (`section`, `name`, `group`, `type`, `value`, `values`, `ord`) VALUES ('Shop', 'orderitems_amount_max', 'config', 'text', '0', '', '45');
INSERT INTO `contrexx_core_setting` (`section`, `name`, `group`, `type`, `value`, `values`, `ord`) VALUES ('Shop', 'payment_lsv_active', 'config', 'text', '1', '', '18');
INSERT INTO `contrexx_core_setting` (`section`, `name`, `group`, `type`, `value`, `values`, `ord`) VALUES ('Shop', 'paypal_account_email', 'config', 'text', 'info@example.com', '', '9');
INSERT INTO `contrexx_core_setting` (`section`, `name`, `group`, `type`, `value`, `values`, `ord`) VALUES ('Shop', 'paypal_active', 'config', 'text', '1', '', '10');
INSERT INTO `contrexx_core_setting` (`section`, `name`, `group`, `type`, `value`, `values`, `ord`) VALUES ('Shop', 'paypal_default_currency', 'config', 'text', 'EUR', '', '17');
INSERT INTO `contrexx_core_setting` (`section`, `name`, `group`, `type`, `value`, `values`, `ord`) VALUES ('Shop', 'postfinance_accepted_payment_methods', 'config', 'text', '', '', '25');
INSERT INTO `contrexx_core_setting` (`section`, `name`, `group`, `type`, `value`, `values`, `ord`) VALUES ('Shop', 'postfinance_active', 'config', 'text', '1', '', '12');
INSERT INTO `contrexx_core_setting` (`section`, `name`, `group`, `type`, `value`, `values`, `ord`) VALUES ('Shop', 'postfinance_authorization_type', 'config', 'text', 'SAL', '', '8');
INSERT INTO `contrexx_core_setting` (`section`, `name`, `group`, `type`, `value`, `values`, `ord`) VALUES ('Shop', 'postfinance_hash_signature_in', 'config', 'text', 'sech10zeichenminimum', '', '47');
INSERT INTO `contrexx_core_setting` (`section`, `name`, `group`, `type`, `value`, `values`, `ord`) VALUES ('Shop', 'postfinance_hash_signature_out', 'config', 'text', 'sech10zeichenminimum', '', '48');
INSERT INTO `contrexx_core_setting` (`section`, `name`, `group`, `type`, `value`, `values`, `ord`) VALUES ('Shop', 'postfinance_mobile_ijustwanttotest', 'config', 'text', '1', '', '51');
INSERT INTO `contrexx_core_setting` (`section`, `name`, `group`, `type`, `value`, `values`, `ord`) VALUES ('Shop', 'postfinance_mobile_sign', 'config', 'text', 'geheime_signatur', '', '50');
INSERT INTO `contrexx_core_setting` (`section`, `name`, `group`, `type`, `value`, `values`, `ord`) VALUES ('Shop', 'postfinance_mobile_status', 'config', 'text', '0', '', '52');
INSERT INTO `contrexx_core_setting` (`section`, `name`, `group`, `type`, `value`, `values`, `ord`) VALUES ('Shop', 'postfinance_mobile_webuser', 'config', 'text', 'Benutzername', '', '49');
INSERT INTO `contrexx_core_setting` (`section`, `name`, `group`, `type`, `value`, `values`, `ord`) VALUES ('Shop', 'postfinance_shop_id', 'config', 'text', 'demoShop', '', '11');
INSERT INTO `contrexx_core_setting` (`section`, `name`, `group`, `type`, `value`, `values`, `ord`) VALUES ('Shop', 'postfinance_use_testserver', 'config', 'text', '1', '', '26');
INSERT INTO `contrexx_core_setting` (`section`, `name`, `group`, `type`, `value`, `values`, `ord`) VALUES ('Shop', 'product_sorting', 'config', 'text', '1', '', '27');
INSERT INTO `contrexx_core_setting` (`section`, `name`, `group`, `type`, `value`, `values`, `ord`) VALUES ('Shop', 'register', 'config', 'dropdown', 'optional', '0:mandatory,1:optional,2:none', '46');
INSERT INTO `contrexx_core_setting` (`section`, `name`, `group`, `type`, `value`, `values`, `ord`) VALUES ('Shop', 'saferpay_active', 'config', 'text', '1', '', '3');
INSERT INTO `contrexx_core_setting` (`section`, `name`, `group`, `type`, `value`, `values`, `ord`) VALUES ('Shop', 'saferpay_finalize_payment', 'config', 'text', '1', '', '15');
INSERT INTO `contrexx_core_setting` (`section`, `name`, `group`, `type`, `value`, `values`, `ord`) VALUES ('Shop', 'saferpay_id', 'config', 'text', '12345-12345678', '', '2');
INSERT INTO `contrexx_core_setting` (`section`, `name`, `group`, `type`, `value`, `values`, `ord`) VALUES ('Shop', 'saferpay_use_test_account', 'config', 'text', '1', '', '14');
INSERT INTO `contrexx_core_setting` (`section`, `name`, `group`, `type`, `value`, `values`, `ord`) VALUES ('Shop', 'saferpay_window_option', 'config', 'text', '2', '', '16');
INSERT INTO `contrexx_core_setting` (`section`, `name`, `group`, `type`, `value`, `values`, `ord`) VALUES ('Shop', 'show_products_default', 'config', 'text', '1', '', '32');
INSERT INTO `contrexx_core_setting` (`section`, `name`, `group`, `type`, `value`, `values`, `ord`) VALUES ('Shop', 'telephone', 'config', 'text', '012 3456789', '', '6');
INSERT INTO `contrexx_core_setting` (`section`, `name`, `group`, `type`, `value`, `values`, `ord`) VALUES ('Shop', 'thumbnail_max_height', 'config', 'text', '999', '', '22');
INSERT INTO `contrexx_core_setting` (`section`, `name`, `group`, `type`, `value`, `values`, `ord`) VALUES ('Shop', 'thumbnail_max_width', 'config', 'text', '180', '', '21');
INSERT INTO `contrexx_core_setting` (`section`, `name`, `group`, `type`, `value`, `values`, `ord`) VALUES ('Shop', 'thumbnail_quality', 'config', 'text', '95', '', '23');
INSERT INTO `contrexx_core_setting` (`section`, `name`, `group`, `type`, `value`, `values`, `ord`) VALUES ('Shop', 'user_profile_attribute_customer_group_id', 'config', 'dropdown_user_custom_attribute', '2', '', '351');
INSERT INTO `contrexx_core_setting` (`section`, `name`, `group`, `type`, `value`, `values`, `ord`) VALUES ('Shop', 'user_profile_attribute_notes', 'config', 'dropdown_user_custom_attribute', '1', '', '352');
INSERT INTO `contrexx_core_setting` (`section`, `name`, `group`, `type`, `value`, `values`, `ord`) VALUES ('Shop', 'usergroup_id_customer', 'config', 'dropdown_usergroup', '6', '', '341');
INSERT INTO `contrexx_core_setting` (`section`, `name`, `group`, `type`, `value`, `values`, `ord`) VALUES ('Shop', 'usergroup_id_reseller', 'config', 'dropdown_usergroup', '7', '', '342');
INSERT INTO `contrexx_core_setting` (`section`, `name`, `group`, `type`, `value`, `values`, `ord`) VALUES ('Shop', 'vat_default_id', 'config', 'text', '1', '', '41');
INSERT INTO `contrexx_core_setting` (`section`, `name`, `group`, `type`, `value`, `values`, `ord`) VALUES ('Shop', 'vat_enabled_foreign_customer', 'config', 'text', '0', '', '33');
INSERT INTO `contrexx_core_setting` (`section`, `name`, `group`, `type`, `value`, `values`, `ord`) VALUES ('Shop', 'vat_enabled_foreign_reseller', 'config', 'text', '0', '', '34');
INSERT INTO `contrexx_core_setting` (`section`, `name`, `group`, `type`, `value`, `values`, `ord`) VALUES ('Shop', 'vat_enabled_home_customer', 'config', 'text', '1', '', '35');
INSERT INTO `contrexx_core_setting` (`section`, `name`, `group`, `type`, `value`, `values`, `ord`) VALUES ('Shop', 'vat_enabled_home_reseller', 'config', 'text', '1', '', '36');
INSERT INTO `contrexx_core_setting` (`section`, `name`, `group`, `type`, `value`, `values`, `ord`) VALUES ('Shop', 'vat_included_foreign_customer', 'config', 'text', '0', '', '37');
INSERT INTO `contrexx_core_setting` (`section`, `name`, `group`, `type`, `value`, `values`, `ord`) VALUES ('Shop', 'vat_included_foreign_reseller', 'config', 'text', '0', '', '38');
INSERT INTO `contrexx_core_setting` (`section`, `name`, `group`, `type`, `value`, `values`, `ord`) VALUES ('Shop', 'vat_included_home_customer', 'config', 'text', '1', '', '39');
INSERT INTO `contrexx_core_setting` (`section`, `name`, `group`, `type`, `value`, `values`, `ord`) VALUES ('Shop', 'vat_included_home_reseller', 'config', 'text', '1', '', '40');
INSERT INTO `contrexx_core_setting` (`section`, `name`, `group`, `type`, `value`, `values`, `ord`) VALUES ('Shop', 'vat_other_id', 'config', 'text', '1', '', '42');
INSERT INTO `contrexx_core_setting` (`section`, `name`, `group`, `type`, `value`, `values`, `ord`) VALUES ('Shop', 'weight_enable', 'config', 'text', '0', '', '24');
INSERT INTO `contrexx_core_setting` (`section`, `name`, `group`, `type`, `value`, `values`, `ord`) VALUES ('Egov', 'postfinance_shop_id', 'config', 'text', 'Ihr Kontoname', '', '1');
INSERT INTO `contrexx_core_setting` (`section`, `name`, `group`, `type`, `value`, `values`, `ord`) VALUES ('Egov', 'postfinance_active', 'config', 'checkbox', '0', '1', '2');
INSERT INTO `contrexx_core_setting` (`section`, `name`, `group`, `type`, `value`, `values`, `ord`) VALUES ('Egov', 'postfinance_authorization_type', 'config', 'dropdown', 'SAL', 'RES:Reservation,SAL:Verkauf', '3');
INSERT INTO `contrexx_core_setting` (`section`, `name`, `group`, `type`, `value`, `values`, `ord`) VALUES ('Egov', 'postfinance_hash_signature_in', 'config', 'text', 'Mindestens 16 Buchstaben, Ziffern und Zeichen', '', '5');
INSERT INTO `contrexx_core_setting` (`section`, `name`, `group`, `type`, `value`, `values`, `ord`) VALUES ('Egov', 'postfinance_hash_signature_out', 'config', 'text', 'Mindestens 16 Buchstaben, Ziffern und Zeichen', '', '6');
INSERT INTO `contrexx_core_setting` (`section`, `name`, `group`, `type`, `value`, `values`, `ord`) VALUES ('Egov', 'postfinance_use_testserver', 'config', 'checkbox', '1', '1', '7');
INSERT INTO `contrexx_core_setting` (`section`, `name`, `group`, `type`, `value`, `values`, `ord`) VALUES ('Shop', 'use_js_cart', 'config', 'checkbox', '1', '1', '47');
INSERT INTO `contrexx_core_setting` (`section`, `name`, `group`, `type`, `value`, `values`, `ord`) VALUES ('Shop', 'shopnavbar_on_all_pages', 'config', 'checkbox', '1', '1', '48');
INSERT INTO `contrexx_core_setting` (`section`, `name`, `group`, `type`, `value`, `values`, `ord`) VALUES ('FileSharing', 'permission', 'config', 'text', 'on', '', '0');
INSERT INTO `contrexx_core_setting` (`section`, `name`, `group`, `type`, `value`, `values`, `ord`) VALUES ('Access', 'providers', 'sociallogin', 'text', '{\"facebook\":{\"active\":\"0\",\"settings\":[\"\",\"\"]},\"twitter\":{\"active\":\"0\",\"settings\":[\"\",\"\"]},\"google\":{\"active\":\"0\",\"settings\":[\"\",\"\",\"\"]}}', '', '0');
INSERT INTO `contrexx_core_setting` (`section`, `name`, `group`, `type`, `value`, `values`, `ord`) VALUES ('Crm', 'numof_mailtemplate_per_page_backend', 'config', 'text', '25', '', '1001');
INSERT INTO `contrexx_core_setting` (`section`, `name`, `group`, `type`, `value`, `values`, `ord`) VALUES ('Shop', 'paymill_test_private_key', 'config', 'text', '', '', '2');
INSERT INTO `contrexx_core_setting` (`section`, `name`, `group`, `type`, `value`, `values`, `ord`) VALUES ('Shop', 'paymill_live_public_key', 'config', 'text', '', '', '0');
INSERT INTO `contrexx_core_setting` (`section`, `name`, `group`, `type`, `value`, `values`, `ord`) VALUES ('Shop', 'paymill_live_private_key', 'config', 'text', '', '', '0');
INSERT INTO `contrexx_core_setting` (`section`, `name`, `group`, `type`, `value`, `values`, `ord`) VALUES ('Shop', 'paymill_active', 'config', 'text', '1', '', '3');
INSERT INTO `contrexx_core_setting` (`section`, `name`, `group`, `type`, `value`, `values`, `ord`) VALUES ('Shop', 'paymill_test_public_key', 'config', 'text', '', '', '16');
INSERT INTO `contrexx_core_setting` (`section`, `name`, `group`, `type`, `value`, `values`, `ord`) VALUES ('Shop', 'paymill_use_test_account', 'config', 'text', '0', '', '15');
INSERT INTO `contrexx_core_setting` (`section`, `name`, `group`, `type`, `value`, `values`, `ord`) VALUES ('LinkManager', 'entriesPerPage', 'config', 'text', '25', '', '0');

INSERT INTO `contrexx_core_text` (`id`, `lang_id`, `section`, `key`, `text`) VALUES ('1', '1', 'core', 'core_country_name', 'Afghanistan');
INSERT INTO `contrexx_core_text` (`id`, `lang_id`, `section`, `key`, `text`) VALUES ('1', '1', 'Shop', 'attribute_name', 'Zusatzleistungen');
INSERT INTO `contrexx_core_text` (`id`, `lang_id`, `section`, `key`, `text`) VALUES ('1', '1', 'Shop', 'core_mail_template_bcc', '');
INSERT INTO `contrexx_core_text` (`id`, `lang_id`, `section`, `key`, `text`) VALUES ('1', '1', 'Shop', 'core_mail_template_cc', '');
INSERT INTO `contrexx_core_text` (`id`, `lang_id`, `section`, `key`, `text`) VALUES ('1', '1', 'Shop', 'core_mail_template_from', 'webmaster@contrexx.local');
INSERT INTO `contrexx_core_text` (`id`, `lang_id`, `section`, `key`, `text`) VALUES ('1', '1', 'Shop', 'core_mail_template_message', '[CUSTOMER_SALUTATION]\r\n\r\nHier Ihre Zugangsdaten zum Shop:[[CUSTOMER_LOGIN]\r\nBenutzername: [CUSTOMER_USERNAME]\r\nPasswort: [CUSTOMER_PASSWORD][CUSTOMER_LOGIN]]\r\n\r\nMit freundlichen Grüssen\r\nIhr [SHOP_COMPANY] Online Shop Team\r\n\r\n[SHOP_HOMEPAGE]\r\n');
INSERT INTO `contrexx_core_text` (`id`, `lang_id`, `section`, `key`, `text`) VALUES ('1', '1', 'Shop', 'core_mail_template_message_html', '[CUSTOMER_SALUTATION]<br />\r\n<br />\r\nHier Ihre Zugangsdaten zum Shop:<br /><!-- [[CUSTOMER_LOGIN] -->\r\nBenutzername: [CUSTOMER_USERNAME]<br />\r\nPasswort: [CUSTOMER_PASSWORD]<br /><!-- [CUSTOMER_LOGIN]] -->\r\n<br />\r\nMit freundlichen Gr&uuml;ssen<br />\r\nIhr [SHOP_COMPANY] Online Shop Team<br />\r\n<br />\r\n[SHOP_HOMEPAGE]<br />\r\n');
INSERT INTO `contrexx_core_text` (`id`, `lang_id`, `section`, `key`, `text`) VALUES ('1', '1', 'Shop', 'core_mail_template_name', 'Zugangsdaten');
INSERT INTO `contrexx_core_text` (`id`, `lang_id`, `section`, `key`, `text`) VALUES ('1', '1', 'Shop', 'core_mail_template_reply', 'webmaster@contrexx.local');
INSERT INTO `contrexx_core_text` (`id`, `lang_id`, `section`, `key`, `text`) VALUES ('1', '1', 'Shop', 'core_mail_template_sender', 'Contrexx Demo');
INSERT INTO `contrexx_core_text` (`id`, `lang_id`, `section`, `key`, `text`) VALUES ('1', '1', 'Shop', 'core_mail_template_subject', 'Zugangsdaten');
INSERT INTO `contrexx_core_text` (`id`, `lang_id`, `section`, `key`, `text`) VALUES ('1', '1', 'Shop', 'core_mail_template_to', 'webmaster@contrexx.local');
INSERT INTO `contrexx_core_text` (`id`, `lang_id`, `section`, `key`, `text`) VALUES ('1', '1', 'Shop', 'discount_group_article', 'Telefone');
INSERT INTO `contrexx_core_text` (`id`, `lang_id`, `section`, `key`, `text`) VALUES ('1', '1', 'Shop', 'discount_group_customer', 'Neukunden');
INSERT INTO `contrexx_core_text` (`id`, `lang_id`, `section`, `key`, `text`) VALUES ('1', '1', 'Shop', 'discount_group_name', 'Mengenrabatt');
INSERT INTO `contrexx_core_text` (`id`, `lang_id`, `section`, `key`, `text`) VALUES ('1', '1', 'Shop', 'discount_group_unit', 'Stück');
INSERT INTO `contrexx_core_text` (`id`, `lang_id`, `section`, `key`, `text`) VALUES ('1', '1', 'Shop', 'manufacturer_name', 'Comvation Internet Solutions');
INSERT INTO `contrexx_core_text` (`id`, `lang_id`, `section`, `key`, `text`) VALUES ('1', '1', 'Shop', 'manufacturer_uri', 'http://www.comvation.com');
INSERT INTO `contrexx_core_text` (`id`, `lang_id`, `section`, `key`, `text`) VALUES ('1', '1', 'Shop', 'option_name', 'Leder-Etui');
INSERT INTO `contrexx_core_text` (`id`, `lang_id`, `section`, `key`, `text`) VALUES ('12', '1', 'Shop', 'product_uri', 'http://www.htc.com/de/');
INSERT INTO `contrexx_core_text` (`id`, `lang_id`, `section`, `key`, `text`) VALUES ('1', '1', 'Shop', 'shipper_name', 'PostPac Priority');
INSERT INTO `contrexx_core_text` (`id`, `lang_id`, `section`, `key`, `text`) VALUES ('1', '1', 'Shop', 'vat_class', 'Nicht Taxpflichtig');
INSERT INTO `contrexx_core_text` (`id`, `lang_id`, `section`, `key`, `text`) VALUES ('1', '1', 'Shop', 'zone_name', 'All');
INSERT INTO `contrexx_core_text` (`id`, `lang_id`, `section`, `key`, `text`) VALUES ('1', '2', 'Shop', 'category_name', 'Gadgets');
INSERT INTO `contrexx_core_text` (`id`, `lang_id`, `section`, `key`, `text`) VALUES ('1', '2', 'Shop', 'currency_name', 'Schweizer Franken');
INSERT INTO `contrexx_core_text` (`id`, `lang_id`, `section`, `key`, `text`) VALUES ('2', '1', 'core', 'core_country_name', 'Albania');
INSERT INTO `contrexx_core_text` (`id`, `lang_id`, `section`, `key`, `text`) VALUES ('2', '1', 'Shop', 'core_mail_template_bcc', '');
INSERT INTO `contrexx_core_text` (`id`, `lang_id`, `section`, `key`, `text`) VALUES ('2', '1', 'Shop', 'core_mail_template_cc', '');
INSERT INTO `contrexx_core_text` (`id`, `lang_id`, `section`, `key`, `text`) VALUES ('2', '1', 'Shop', 'core_mail_template_from', 'webmaster@contrexx.local');
INSERT INTO `contrexx_core_text` (`id`, `lang_id`, `section`, `key`, `text`) VALUES ('2', '1', 'Shop', 'core_mail_template_message', '[CUSTOMER_SALUTATION]\r\n\r\nIhre Bestellung wurde ausgeführt. Sie werden in den nächsten Tagen ihre Lieferung erhalten.\r\n\r\nHerzlichen Dank für das Vertrauen.\r\nWir würden uns freuen, wenn Sie uns weiterempfehlen und wünschen Ihnen noch einen schönen Tag.\r\n\r\nMit freundlichen Grüssen\r\nIhr [SHOP_COMPANY] Online Shop Team\r\n\r\n[SHOP_HOMEPAGE]\r\n');
INSERT INTO `contrexx_core_text` (`id`, `lang_id`, `section`, `key`, `text`) VALUES ('2', '1', 'Shop', 'core_mail_template_name', 'Auftrag abgeschlossen');
INSERT INTO `contrexx_core_text` (`id`, `lang_id`, `section`, `key`, `text`) VALUES ('2', '1', 'Shop', 'core_mail_template_reply', 'webmaster@contrexx.local');
INSERT INTO `contrexx_core_text` (`id`, `lang_id`, `section`, `key`, `text`) VALUES ('2', '1', 'Shop', 'core_mail_template_sender', 'Contrexx Demo');
INSERT INTO `contrexx_core_text` (`id`, `lang_id`, `section`, `key`, `text`) VALUES ('2', '1', 'Shop', 'core_mail_template_subject', 'Auftrag abgeschlossen');
INSERT INTO `contrexx_core_text` (`id`, `lang_id`, `section`, `key`, `text`) VALUES ('2', '1', 'Shop', 'core_mail_template_to', 'webmaster@contrexx.local');
INSERT INTO `contrexx_core_text` (`id`, `lang_id`, `section`, `key`, `text`) VALUES ('2', '1', 'Shop', 'discount_group_customer', 'Stammkunden');
INSERT INTO `contrexx_core_text` (`id`, `lang_id`, `section`, `key`, `text`) VALUES ('2', '1', 'Shop', 'manufacturer_name', 'Apple, Inc.');
INSERT INTO `contrexx_core_text` (`id`, `lang_id`, `section`, `key`, `text`) VALUES ('2', '1', 'Shop', 'manufacturer_uri', 'http://www.apple.com/');
INSERT INTO `contrexx_core_text` (`id`, `lang_id`, `section`, `key`, `text`) VALUES ('2', '1', 'Shop', 'option_name', 'Pimp my Handy Kit');
INSERT INTO `contrexx_core_text` (`id`, `lang_id`, `section`, `key`, `text`) VALUES ('2', '1', 'Shop', 'payment_name', 'VISA, Mastercard (Saferpay)');
INSERT INTO `contrexx_core_text` (`id`, `lang_id`, `section`, `key`, `text`) VALUES ('2', '1', 'Shop', 'shipper_name', 'Express Post');
INSERT INTO `contrexx_core_text` (`id`, `lang_id`, `section`, `key`, `text`) VALUES ('2', '1', 'Shop', 'vat_class', 'Deutschland Normalsatz');
INSERT INTO `contrexx_core_text` (`id`, `lang_id`, `section`, `key`, `text`) VALUES ('2', '1', 'Shop', 'zone_name', 'Schweiz');
INSERT INTO `contrexx_core_text` (`id`, `lang_id`, `section`, `key`, `text`) VALUES ('3', '1', 'core', 'core_country_name', 'Algeria');
INSERT INTO `contrexx_core_text` (`id`, `lang_id`, `section`, `key`, `text`) VALUES ('3', '1', 'Shop', 'core_mail_template_bcc', '');
INSERT INTO `contrexx_core_text` (`id`, `lang_id`, `section`, `key`, `text`) VALUES ('3', '1', 'Shop', 'core_mail_template_cc', '');
INSERT INTO `contrexx_core_text` (`id`, `lang_id`, `section`, `key`, `text`) VALUES ('3', '1', 'Shop', 'core_mail_template_from', 'webmaster@contrexx.local');
INSERT INTO `contrexx_core_text` (`id`, `lang_id`, `section`, `key`, `text`) VALUES ('3', '1', 'Shop', 'core_mail_template_message', '[CUSTOMER_SALUTATION],\r\n\r\nHerzlichen Dank für Ihre Bestellung im [SHOP_COMPANY] Online Shop.\r\n\r\nIhre Auftrags-Nr. lautet: [ORDER_ID]\r\nIhre Kunden-Nr. lautet: [CUSTOMER_ID]\r\nBestellungszeit: [ORDER_DATE] [ORDER_TIME]\r\n\r\n------------------------------------------------------------------------\r\nBestellinformationen\r\n------------------------------------------------------------------------[[ORDER_ITEM]\r\nID:             [PRODUCT_ID]\r\nArtikel Nr.:    [PRODUCT_CODE]\r\nMenge:          [PRODUCT_QUANTITY]\r\nBeschreibung:   [PRODUCT_TITLE][[PRODUCT_OPTIONS]\r\n                [PRODUCT_OPTIONS][PRODUCT_OPTIONS]]\r\nStückpreis:      [PRODUCT_ITEM_PRICE] [CURRENCY]                       Total [PRODUCT_TOTAL_PRICE] [CURRENCY][[USER_DATA]\r\nBenutzername:   [USER_NAME]\r\nPasswort:       [USER_PASS][USER_DATA]][[COUPON_DATA]\r\nGutschein Code: [COUPON_CODE][COUPON_DATA]][ORDER_ITEM]]\r\n------------------------------------------------------------------------\r\nZwischensumme:    [ORDER_ITEM_COUNT] Artikel                             [ORDER_ITEM_SUM] [CURRENCY][[DISCOUNT_COUPON]\r\nGutschein Code: [DISCOUNT_COUPON_CODE]   [DISCOUNT_COUPON_AMOUNT] [CURRENCY][DISCOUNT_COUPON]]\r\n------------------------------------------------------------------------[[SHIPMENT]\r\nVersandart:     [SHIPMENT_NAME]   [SHIPMENT_PRICE] [CURRENCY][SHIPMENT]][[PAYMENT]\r\nBezahlung:      [PAYMENT_NAME]   [PAYMENT_PRICE] [CURRENCY][PAYMENT]][[TAX]\r\n[TAX_TEXT]                   [TAX_PRICE] [CURRENCY][TAX]]\r\n------------------------------------------------------------------------\r\nGesamtsumme                                                [ORDER_SUM] [CURRENCY]\r\n------------------------------------------------------------------------\r\n\r\nIhre Kundenadresse:\r\n[CUSTOMER_COMPANY]\r\n[CUSTOMER_FIRSTNAME] [CUSTOMER_LASTNAME]\r\n[CUSTOMER_ADDRESS]\r\n[CUSTOMER_ZIP] [CUSTOMER_CITY]\r\n[CUSTOMER_COUNTRY][[SHIPPING_ADDRESS]\r\n\r\n\r\nLieferadresse:\r\n[SHIPPING_COMPANY]\r\n[SHIPPING_FIRSTNAME] [SHIPPING_LASTNAME]\r\n[SHIPPING_ADDRESS]\r\n[SHIPPING_ZIP] [SHIPPING_CITY]\r\n[SHIPPING_COUNTRY][SHIPPING_ADDRESS]]\r\n\r\nIhr Link zum Online Store: [SHOP_HOMEPAGE][[CUSTOMER_LOGIN]\r\n\r\nIhre Zugangsdaten zum Shop:\r\nBenutzername:   [CUSTOMER_USERNAME]\r\nPasswort:       [CUSTOMER_PASSWORD][CUSTOMER_LOGIN]]\r\n\r\nWir freuen uns auf Ihren nächsten Besuch im [SHOP_COMPANY] Online Store und wünschen Ihnen noch einen schönen Tag.\r\n\r\nP.S. Diese Auftragsbestätigung wurde gesendet an: [CUSTOMER_EMAIL]\r\n\r\nMit freundlichen Grüssen\r\nIhr [SHOP_COMPANY] Online Shop Team\r\n\r\n[SHOP_HOMEPAGE]\r\n');
INSERT INTO `contrexx_core_text` (`id`, `lang_id`, `section`, `key`, `text`) VALUES ('3', '1', 'Shop', 'core_mail_template_message_html', '[CUSTOMER_SALUTATION],<br />\r\n<br />\r\nHerzlichen Dank f&uuml;r Ihre Bestellung im [SHOP_COMPANY] Online Shop.<br />\r\n<br />\r\nIhre Auftrags-Nr. lautet: [ORDER_ID]<br />\r\nIhre Kunden-Nr. lautet: [CUSTOMER_ID]<br />\r\nBestelldatum: [ORDER_DATE]<br />\r\nBestellzeit: [ORDER_TIME]<br />\r\n<br />\r\n<br />\r\n<table cellpadding=\"1\" cellspacing=\"1\" style=\"border: 0;\">\r\n  <tbody>\r\n    <tr>\r\n      <td colspan=\"6\">Bestellinformationen</td>\r\n    </tr>\r\n    <tr>\r\n      <td><div style=\"text-align: right;\">ID</div></td>\r\n      <td><div style=\"text-align: right;\">Artikel Nr.</div></td>\r\n      <td><div style=\"text-align: right;\">Menge</div></td>\r\n      <td>Beschreibung</td>\r\n      <td><div style=\"text-align: right;\">St&uuml;ckpreis</div></td>\r\n      <td><div style=\"text-align: right;\">Total</div></td>\r\n    </tr><!--[[ORDER_ITEM]-->\r\n    <tr>\r\n      <td><div style=\"text-align: right;\">[PRODUCT_ID]</div></td>\r\n      <td><div style=\"text-align: right;\">[PRODUCT_CODE]</div></td>\r\n      <td><div style=\"text-align: right;\">[PRODUCT_QUANTITY]</div></td>\r\n      <td>[PRODUCT_TITLE]<!--[[PRODUCT_OPTIONS]--><br />\r\n        [PRODUCT_OPTIONS]<!--[PRODUCT_OPTIONS]]--></td>\r\n      <td><div style=\"text-align: right;\">[PRODUCT_ITEM_PRICE] [CURRENCY]</div></td>\r\n      <td><div style=\"text-align: right;\">[PRODUCT_TOTAL_PRICE] [CURRENCY]</div></td>\r\n    </tr><!--[[USER_DATA]-->\r\n    <tr>\r\n      <td colspan=\"3\">&nbsp;</td>\r\n      <td>Benutzername: [USER_NAME]<br />Passwort: [USER_PASS]</td>\r\n      <td colspan=\"2\">&nbsp;</td>\r\n    </tr><!--[USER_DATA]]--><!--[[COUPON_DATA]-->\r\n    <tr>\r\n      <td colspan=\"3\">&nbsp;</td>\r\n      <td>Gutschein Code: [COUPON_CODE]</td>\r\n      <td colspan=\"2\">&nbsp;</td>\r\n    </tr><!--[COUPON_DATA]]--><!--[ORDER_ITEM]]-->\r\n    <tr style=\"border-top: 4px none;\">\r\n      <td colspan=\"2\">Zwischensumme</td>\r\n      <td><div style=\"text-align: right;\">[ORDER_ITEM_COUNT]</div></td>\r\n      <td colspan=\"2\">Artikel</td>\r\n      <td><div style=\"text-align: right;\">[ORDER_ITEM_SUM] [CURRENCY]</div></td>\r\n    </tr><!--[[DISCOUNT_COUPON]-->\r\n    <tr style=\"border-top: 4px none;\">\r\n      <td colspan=\"3\">Gutscheincode</td>\r\n      <td colspan=\"2\">[DISCOUNT_COUPON_CODE]</td>\r\n      <td><div style=\"text-align: right;\">[DISCOUNT_COUPON_AMOUNT] [CURRENCY]</div></td>\r\n    </tr><!--[DISCOUNT_COUPON]][[SHIPMENT]-->\r\n    <tr style=\"border-top: 2px none;\">\r\n      <td colspan=\"3\">Versandart</td>\r\n      <td colspan=\"2\">[SHIPMENT_NAME]</td>\r\n      <td><div style=\"text-align: right;\">[SHIPMENT_PRICE] [CURRENCY]</div></td>\r\n    </tr><!--[SHIPMENT]][[PAYMENT]-->\r\n    <tr style=\"border-top: 2px none;\">\r\n      <td colspan=\"3\">Bezahlung</td>\r\n      <td colspan=\"2\">[PAYMENT_NAME]</td>\r\n      <td><div style=\"text-align: right;\">[PAYMENT_PRICE] [CURRENCY]</div></td>\r\n    </tr><!--[PAYMENT]][[VAT]-->\r\n    <tr style=\"border-top: 2px none;\">\r\n      <td colspan=\"5\">[VAT_TEXT]</td>\r\n      <td><div style=\"text-align: right;\">[VAT_PRICE] [CURRENCY]</div></td>\r\n    </tr><!--[VAT]]-->\r\n    <tr style=\"border-top: 4px none;\">\r\n      <td colspan=\"5\">Gesamtsumme</td>\r\n      <td><div style=\"text-align: right;\">[ORDER_SUM] [CURRENCY]</div></td>\r\n    </tr>\r\n  </tbody>\r\n</table>\r\n<br />\r\nBemerkungen:<br />\r\n[REMARKS]<br />\r\n<br />\r\n<br />\r\nIhre Kundenadresse:<br />\r\n[CUSTOMER_COMPANY]<br />\r\n[CUSTOMER_FIRSTNAME] [CUSTOMER_LASTNAME]<br />\r\n[CUSTOMER_ADDRESS]<br />\r\n[CUSTOMER_ZIP] [CUSTOMER_CITY]<br />\r\n[CUSTOMER_COUNTRY]<br />\r\n<!--[[SHIPPING_ADDRESS]--><br />\r\n<br />\r\nLieferadresse:<br />\r\n[SHIPPING_COMPANY]<br />\r\n[SHIPPING_FIRSTNAME] [SHIPPING_LASTNAME]<br />\r\n[SHIPPING_ADDRESS]<br />\r\n[SHIPPING_ZIP] [SHIPPING_CITY]<br />\r\n[SHIPPING_COUNTRY]<br />\r\n<!--[SHIPPING_ADDRESS]]--><br />\r\n<br />\r\nIhr Link zum Online Store: [SHOP_HOMEPAGE]<br />\r\n<!--[[CUSTOMER_LOGIN]-->\r\n<br />\r\nIhre Zugangsdaten zum Shop:<br />\r\nBenutzername:   [CUSTOMER_USERNAME]<br />\r\nPasswort:       [CUSTOMER_PASSWORD]<br />\r\n<!--[CUSTOMER_LOGIN]]-->\r\n<br />\r\nWir freuen uns auf Ihren n&auml;chsten Besuch im [SHOP_COMPANY] Online Store und w&uuml;nschen Ihnen noch einen sch&ouml;nen Tag.<br />\r\n<br />\r\nDiese Auftragsbest&auml;tigung wurde gesendet an: [CUSTOMER_EMAIL]<br />\r\n<br />\r\nMit freundlichen Gr&uuml;ssen<br />\r\nIhr [SHOP_COMPANY] Online Shop Team<br />\r\n<br />\r\n[SHOP_HOMEPAGE]\r\n');
INSERT INTO `contrexx_core_text` (`id`, `lang_id`, `section`, `key`, `text`) VALUES ('3', '1', 'Shop', 'core_mail_template_name', 'Bestellungsbestätigung');
INSERT INTO `contrexx_core_text` (`id`, `lang_id`, `section`, `key`, `text`) VALUES ('3', '1', 'Shop', 'core_mail_template_reply', 'webmaster@contrexx.local');
INSERT INTO `contrexx_core_text` (`id`, `lang_id`, `section`, `key`, `text`) VALUES ('3', '1', 'Shop', 'core_mail_template_sender', 'Contrexx Demo');
INSERT INTO `contrexx_core_text` (`id`, `lang_id`, `section`, `key`, `text`) VALUES ('3', '1', 'Shop', 'core_mail_template_subject', 'Bestellungsbestätigung');
INSERT INTO `contrexx_core_text` (`id`, `lang_id`, `section`, `key`, `text`) VALUES ('3', '1', 'Shop', 'core_mail_template_to', 'webmaster@contrexx.local');
INSERT INTO `contrexx_core_text` (`id`, `lang_id`, `section`, `key`, `text`) VALUES ('3', '1', 'Shop', 'discount_group_customer', 'Goldkunden');
INSERT INTO `contrexx_core_text` (`id`, `lang_id`, `section`, `key`, `text`) VALUES ('3', '1', 'Shop', 'shipper_name', 'Schweizerische Post');
INSERT INTO `contrexx_core_text` (`id`, `lang_id`, `section`, `key`, `text`) VALUES ('3', '1', 'Shop', 'vat_class', 'Deutschland ermässigt');
INSERT INTO `contrexx_core_text` (`id`, `lang_id`, `section`, `key`, `text`) VALUES ('3', '1', 'Shop', 'zone_name', 'Deutschland');
INSERT INTO `contrexx_core_text` (`id`, `lang_id`, `section`, `key`, `text`) VALUES ('3', '2', 'Shop', 'category_name', 'Mitgliedschaft');
INSERT INTO `contrexx_core_text` (`id`, `lang_id`, `section`, `key`, `text`) VALUES ('4', '1', 'core', 'core_country_name', 'American Samoa');
INSERT INTO `contrexx_core_text` (`id`, `lang_id`, `section`, `key`, `text`) VALUES ('4', '1', 'Shop', 'shipper_name', 'Direct to Me');
INSERT INTO `contrexx_core_text` (`id`, `lang_id`, `section`, `key`, `text`) VALUES ('4', '1', 'Shop', 'vat_class', 'Deutschland stark ermässigt');
INSERT INTO `contrexx_core_text` (`id`, `lang_id`, `section`, `key`, `text`) VALUES ('4', '2', 'Shop', 'currency_name', 'Euro');
INSERT INTO `contrexx_core_text` (`id`, `lang_id`, `section`, `key`, `text`) VALUES ('5', '1', 'core', 'core_country_name', 'Andorra');
INSERT INTO `contrexx_core_text` (`id`, `lang_id`, `section`, `key`, `text`) VALUES ('5', '1', 'Shop', 'vat_class', 'Deutschland Zwischensatz 1');
INSERT INTO `contrexx_core_text` (`id`, `lang_id`, `section`, `key`, `text`) VALUES ('5', '2', 'Shop', 'currency_name', 'United States Dollars');
INSERT INTO `contrexx_core_text` (`id`, `lang_id`, `section`, `key`, `text`) VALUES ('6', '1', 'core', 'core_country_name', 'Angola');
INSERT INTO `contrexx_core_text` (`id`, `lang_id`, `section`, `key`, `text`) VALUES ('1', '1', 'Shop', 'currency_name', 'Schweizer Franken');
INSERT INTO `contrexx_core_text` (`id`, `lang_id`, `section`, `key`, `text`) VALUES ('3', '1', 'Shop', 'option_name', 'Headset');
INSERT INTO `contrexx_core_text` (`id`, `lang_id`, `section`, `key`, `text`) VALUES ('13', '1', 'Shop', 'product_name', 'Contrexx® Premium');
INSERT INTO `contrexx_core_text` (`id`, `lang_id`, `section`, `key`, `text`) VALUES ('3', '1', 'Shop', 'manufacturer_name', 'HTC');
INSERT INTO `contrexx_core_text` (`id`, `lang_id`, `section`, `key`, `text`) VALUES ('3', '1', 'Shop', 'manufacturer_uri', 'http://www.htc.com/');
INSERT INTO `contrexx_core_text` (`id`, `lang_id`, `section`, `key`, `text`) VALUES ('11', '1', 'Shop', 'category_name', 'Mitgliedschaft');
INSERT INTO `contrexx_core_text` (`id`, `lang_id`, `section`, `key`, `text`) VALUES ('6', '1', 'Shop', 'vat_class', 'Deutschland Zwischensatz 2');
INSERT INTO `contrexx_core_text` (`id`, `lang_id`, `section`, `key`, `text`) VALUES ('7', '1', 'core', 'core_country_name', 'Anguilla');
INSERT INTO `contrexx_core_text` (`id`, `lang_id`, `section`, `key`, `text`) VALUES ('7', '1', 'Shop', 'vat_class', 'Österreich Normalsatz');
INSERT INTO `contrexx_core_text` (`id`, `lang_id`, `section`, `key`, `text`) VALUES ('8', '1', 'core', 'core_country_name', 'Antarctica');
INSERT INTO `contrexx_core_text` (`id`, `lang_id`, `section`, `key`, `text`) VALUES ('8', '1', 'Shop', 'vat_class', 'Österreich ermässigt');
INSERT INTO `contrexx_core_text` (`id`, `lang_id`, `section`, `key`, `text`) VALUES ('9', '1', 'core', 'core_country_name', 'Antigua and Barbuda');
INSERT INTO `contrexx_core_text` (`id`, `lang_id`, `section`, `key`, `text`) VALUES ('9', '1', 'Shop', 'payment_name', 'Nachnahme');
INSERT INTO `contrexx_core_text` (`id`, `lang_id`, `section`, `key`, `text`) VALUES ('9', '1', 'Shop', 'vat_class', 'Österreich Zwischensatz');
INSERT INTO `contrexx_core_text` (`id`, `lang_id`, `section`, `key`, `text`) VALUES ('10', '1', 'core', 'core_country_name', 'Argentina');
INSERT INTO `contrexx_core_text` (`id`, `lang_id`, `section`, `key`, `text`) VALUES ('10', '1', 'Shop', 'vat_class', 'Schweiz');
INSERT INTO `contrexx_core_text` (`id`, `lang_id`, `section`, `key`, `text`) VALUES ('11', '1', 'core', 'core_country_name', 'Armenia');
INSERT INTO `contrexx_core_text` (`id`, `lang_id`, `section`, `key`, `text`) VALUES ('11', '1', 'Shop', 'vat_class', 'Schweiz ermässigt 1');
INSERT INTO `contrexx_core_text` (`id`, `lang_id`, `section`, `key`, `text`) VALUES ('12', '1', 'core', 'core_country_name', 'Aruba');
INSERT INTO `contrexx_core_text` (`id`, `lang_id`, `section`, `key`, `text`) VALUES ('12', '1', 'Shop', 'payment_name', 'Paypal');
INSERT INTO `contrexx_core_text` (`id`, `lang_id`, `section`, `key`, `text`) VALUES ('12', '1', 'Shop', 'vat_class', 'Schweiz ermässigt 2');
INSERT INTO `contrexx_core_text` (`id`, `lang_id`, `section`, `key`, `text`) VALUES ('13', '1', 'core', 'core_country_name', 'Australia');
INSERT INTO `contrexx_core_text` (`id`, `lang_id`, `section`, `key`, `text`) VALUES ('13', '1', 'Shop', 'payment_name', 'LSV');
INSERT INTO `contrexx_core_text` (`id`, `lang_id`, `section`, `key`, `text`) VALUES ('13', '1', 'Shop', 'vat_class', 'Great Britain');
INSERT INTO `contrexx_core_text` (`id`, `lang_id`, `section`, `key`, `text`) VALUES ('14', '1', 'core', 'core_country_name', 'Österreich');
INSERT INTO `contrexx_core_text` (`id`, `lang_id`, `section`, `key`, `text`) VALUES ('14', '1', 'Shop', 'payment_name', 'PostFinance (PostCard, Kreditkarte)');
INSERT INTO `contrexx_core_text` (`id`, `lang_id`, `section`, `key`, `text`) VALUES ('14', '1', 'Shop', 'vat_class', 'Great Britain reduced');
INSERT INTO `contrexx_core_text` (`id`, `lang_id`, `section`, `key`, `text`) VALUES ('15', '1', 'core', 'core_country_name', 'Azerbaijan');
INSERT INTO `contrexx_core_text` (`id`, `lang_id`, `section`, `key`, `text`) VALUES ('15', '1', 'Shop', 'payment_name', 'Datatrans');
INSERT INTO `contrexx_core_text` (`id`, `lang_id`, `section`, `key`, `text`) VALUES ('16', '1', 'core', 'core_country_name', 'Bahamas');
INSERT INTO `contrexx_core_text` (`id`, `lang_id`, `section`, `key`, `text`) VALUES ('17', '1', 'core', 'core_country_name', 'Bahrain');
INSERT INTO `contrexx_core_text` (`id`, `lang_id`, `section`, `key`, `text`) VALUES ('18', '1', 'core', 'core_country_name', 'Bangladesh');
INSERT INTO `contrexx_core_text` (`id`, `lang_id`, `section`, `key`, `text`) VALUES ('19', '1', 'core', 'core_country_name', 'Barbados');
INSERT INTO `contrexx_core_text` (`id`, `lang_id`, `section`, `key`, `text`) VALUES ('20', '1', 'core', 'core_country_name', 'Belarus');
INSERT INTO `contrexx_core_text` (`id`, `lang_id`, `section`, `key`, `text`) VALUES ('21', '1', 'core', 'core_country_name', 'Belgium');
INSERT INTO `contrexx_core_text` (`id`, `lang_id`, `section`, `key`, `text`) VALUES ('22', '1', 'core', 'core_country_name', 'Belize');
INSERT INTO `contrexx_core_text` (`id`, `lang_id`, `section`, `key`, `text`) VALUES ('23', '1', 'core', 'core_country_name', 'Benin');
INSERT INTO `contrexx_core_text` (`id`, `lang_id`, `section`, `key`, `text`) VALUES ('24', '1', 'core', 'core_country_name', 'Bermuda');
INSERT INTO `contrexx_core_text` (`id`, `lang_id`, `section`, `key`, `text`) VALUES ('25', '1', 'core', 'core_country_name', 'Bhutan');
INSERT INTO `contrexx_core_text` (`id`, `lang_id`, `section`, `key`, `text`) VALUES ('26', '1', 'core', 'core_country_name', 'Bolivia');
INSERT INTO `contrexx_core_text` (`id`, `lang_id`, `section`, `key`, `text`) VALUES ('27', '1', 'core', 'core_country_name', 'Bosnia and Herzegowina');
INSERT INTO `contrexx_core_text` (`id`, `lang_id`, `section`, `key`, `text`) VALUES ('28', '1', 'core', 'core_country_name', 'Botswana');
INSERT INTO `contrexx_core_text` (`id`, `lang_id`, `section`, `key`, `text`) VALUES ('29', '1', 'core', 'core_country_name', 'Bouvet Island');
INSERT INTO `contrexx_core_text` (`id`, `lang_id`, `section`, `key`, `text`) VALUES ('30', '1', 'core', 'core_country_name', 'Brazil');
INSERT INTO `contrexx_core_text` (`id`, `lang_id`, `section`, `key`, `text`) VALUES ('31', '1', 'core', 'core_country_name', 'British Indian Ocean Territory');
INSERT INTO `contrexx_core_text` (`id`, `lang_id`, `section`, `key`, `text`) VALUES ('32', '1', 'core', 'core_country_name', 'Brunei Darussalam');
INSERT INTO `contrexx_core_text` (`id`, `lang_id`, `section`, `key`, `text`) VALUES ('33', '1', 'core', 'core_country_name', 'Bulgaria');
INSERT INTO `contrexx_core_text` (`id`, `lang_id`, `section`, `key`, `text`) VALUES ('34', '1', 'core', 'core_country_name', 'Burkina Faso');
INSERT INTO `contrexx_core_text` (`id`, `lang_id`, `section`, `key`, `text`) VALUES ('35', '1', 'core', 'core_country_name', 'Burundi');
INSERT INTO `contrexx_core_text` (`id`, `lang_id`, `section`, `key`, `text`) VALUES ('36', '1', 'core', 'core_country_name', 'Cambodia');
INSERT INTO `contrexx_core_text` (`id`, `lang_id`, `section`, `key`, `text`) VALUES ('37', '1', 'core', 'core_country_name', 'Cameroon');
INSERT INTO `contrexx_core_text` (`id`, `lang_id`, `section`, `key`, `text`) VALUES ('38', '1', 'core', 'core_country_name', 'Canada');
INSERT INTO `contrexx_core_text` (`id`, `lang_id`, `section`, `key`, `text`) VALUES ('39', '1', 'core', 'core_country_name', 'Cape Verde');
INSERT INTO `contrexx_core_text` (`id`, `lang_id`, `section`, `key`, `text`) VALUES ('40', '1', 'core', 'core_country_name', 'Cayman Islands');
INSERT INTO `contrexx_core_text` (`id`, `lang_id`, `section`, `key`, `text`) VALUES ('41', '1', 'core', 'core_country_name', 'Central African Republic');
INSERT INTO `contrexx_core_text` (`id`, `lang_id`, `section`, `key`, `text`) VALUES ('42', '1', 'core', 'core_country_name', 'Chad');
INSERT INTO `contrexx_core_text` (`id`, `lang_id`, `section`, `key`, `text`) VALUES ('43', '1', 'core', 'core_country_name', 'Chile');
INSERT INTO `contrexx_core_text` (`id`, `lang_id`, `section`, `key`, `text`) VALUES ('44', '1', 'core', 'core_country_name', 'China');
INSERT INTO `contrexx_core_text` (`id`, `lang_id`, `section`, `key`, `text`) VALUES ('45', '1', 'core', 'core_country_name', 'Christmas Island');
INSERT INTO `contrexx_core_text` (`id`, `lang_id`, `section`, `key`, `text`) VALUES ('46', '1', 'core', 'core_country_name', 'Cocos (Keeling) Islands');
INSERT INTO `contrexx_core_text` (`id`, `lang_id`, `section`, `key`, `text`) VALUES ('47', '1', 'core', 'core_country_name', 'Colombia');
INSERT INTO `contrexx_core_text` (`id`, `lang_id`, `section`, `key`, `text`) VALUES ('48', '1', 'core', 'core_country_name', 'Comoros');
INSERT INTO `contrexx_core_text` (`id`, `lang_id`, `section`, `key`, `text`) VALUES ('49', '1', 'core', 'core_country_name', 'Congo');
INSERT INTO `contrexx_core_text` (`id`, `lang_id`, `section`, `key`, `text`) VALUES ('50', '1', 'core', 'core_country_name', 'Cook Islands');
INSERT INTO `contrexx_core_text` (`id`, `lang_id`, `section`, `key`, `text`) VALUES ('51', '1', 'core', 'core_country_name', 'Costa Rica');
INSERT INTO `contrexx_core_text` (`id`, `lang_id`, `section`, `key`, `text`) VALUES ('52', '1', 'core', 'core_country_name', 'Cote D\'Ivoire');
INSERT INTO `contrexx_core_text` (`id`, `lang_id`, `section`, `key`, `text`) VALUES ('53', '1', 'core', 'core_country_name', 'Croatia');
INSERT INTO `contrexx_core_text` (`id`, `lang_id`, `section`, `key`, `text`) VALUES ('54', '1', 'core', 'core_country_name', 'Cuba');
INSERT INTO `contrexx_core_text` (`id`, `lang_id`, `section`, `key`, `text`) VALUES ('55', '1', 'core', 'core_country_name', 'Cyprus');
INSERT INTO `contrexx_core_text` (`id`, `lang_id`, `section`, `key`, `text`) VALUES ('56', '1', 'core', 'core_country_name', 'Czech Republic');
INSERT INTO `contrexx_core_text` (`id`, `lang_id`, `section`, `key`, `text`) VALUES ('57', '1', 'core', 'core_country_name', 'Denmark');
INSERT INTO `contrexx_core_text` (`id`, `lang_id`, `section`, `key`, `text`) VALUES ('58', '1', 'core', 'core_country_name', 'Djibouti');
INSERT INTO `contrexx_core_text` (`id`, `lang_id`, `section`, `key`, `text`) VALUES ('59', '1', 'core', 'core_country_name', 'Dominica');
INSERT INTO `contrexx_core_text` (`id`, `lang_id`, `section`, `key`, `text`) VALUES ('60', '1', 'core', 'core_country_name', 'Dominican Republic');
INSERT INTO `contrexx_core_text` (`id`, `lang_id`, `section`, `key`, `text`) VALUES ('61', '1', 'core', 'core_country_name', 'East Timor');
INSERT INTO `contrexx_core_text` (`id`, `lang_id`, `section`, `key`, `text`) VALUES ('62', '1', 'core', 'core_country_name', 'Ecuador');
INSERT INTO `contrexx_core_text` (`id`, `lang_id`, `section`, `key`, `text`) VALUES ('63', '1', 'core', 'core_country_name', 'Egypt');
INSERT INTO `contrexx_core_text` (`id`, `lang_id`, `section`, `key`, `text`) VALUES ('64', '1', 'core', 'core_country_name', 'El Salvador');
INSERT INTO `contrexx_core_text` (`id`, `lang_id`, `section`, `key`, `text`) VALUES ('65', '1', 'core', 'core_country_name', 'Equatorial Guinea');
INSERT INTO `contrexx_core_text` (`id`, `lang_id`, `section`, `key`, `text`) VALUES ('66', '1', 'core', 'core_country_name', 'Eritrea');
INSERT INTO `contrexx_core_text` (`id`, `lang_id`, `section`, `key`, `text`) VALUES ('67', '1', 'core', 'core_country_name', 'Estonia');
INSERT INTO `contrexx_core_text` (`id`, `lang_id`, `section`, `key`, `text`) VALUES ('68', '1', 'core', 'core_country_name', 'Ethiopia');
INSERT INTO `contrexx_core_text` (`id`, `lang_id`, `section`, `key`, `text`) VALUES ('69', '1', 'core', 'core_country_name', 'Falkland Islands (Malvinas)');
INSERT INTO `contrexx_core_text` (`id`, `lang_id`, `section`, `key`, `text`) VALUES ('70', '1', 'core', 'core_country_name', 'Faroe Islands');
INSERT INTO `contrexx_core_text` (`id`, `lang_id`, `section`, `key`, `text`) VALUES ('71', '1', 'core', 'core_country_name', 'Fiji');
INSERT INTO `contrexx_core_text` (`id`, `lang_id`, `section`, `key`, `text`) VALUES ('72', '1', 'core', 'core_country_name', 'Finland');
INSERT INTO `contrexx_core_text` (`id`, `lang_id`, `section`, `key`, `text`) VALUES ('73', '1', 'core', 'core_country_name', 'France');
INSERT INTO `contrexx_core_text` (`id`, `lang_id`, `section`, `key`, `text`) VALUES ('74', '1', 'core', 'core_country_name', 'France, Metropolitan');
INSERT INTO `contrexx_core_text` (`id`, `lang_id`, `section`, `key`, `text`) VALUES ('75', '1', 'core', 'core_country_name', 'French Guiana');
INSERT INTO `contrexx_core_text` (`id`, `lang_id`, `section`, `key`, `text`) VALUES ('76', '1', 'core', 'core_country_name', 'French Polynesia');
INSERT INTO `contrexx_core_text` (`id`, `lang_id`, `section`, `key`, `text`) VALUES ('77', '1', 'core', 'core_country_name', 'French Southern Territories');
INSERT INTO `contrexx_core_text` (`id`, `lang_id`, `section`, `key`, `text`) VALUES ('78', '1', 'core', 'core_country_name', 'Gabon');
INSERT INTO `contrexx_core_text` (`id`, `lang_id`, `section`, `key`, `text`) VALUES ('79', '1', 'core', 'core_country_name', 'Gambia');
INSERT INTO `contrexx_core_text` (`id`, `lang_id`, `section`, `key`, `text`) VALUES ('80', '1', 'core', 'core_country_name', 'Georgia');
INSERT INTO `contrexx_core_text` (`id`, `lang_id`, `section`, `key`, `text`) VALUES ('81', '1', 'core', 'core_country_name', 'Deutschland');
INSERT INTO `contrexx_core_text` (`id`, `lang_id`, `section`, `key`, `text`) VALUES ('82', '1', 'core', 'core_country_name', 'Ghana');
INSERT INTO `contrexx_core_text` (`id`, `lang_id`, `section`, `key`, `text`) VALUES ('83', '1', 'core', 'core_country_name', 'Gibraltar');
INSERT INTO `contrexx_core_text` (`id`, `lang_id`, `section`, `key`, `text`) VALUES ('84', '1', 'core', 'core_country_name', 'Greece');
INSERT INTO `contrexx_core_text` (`id`, `lang_id`, `section`, `key`, `text`) VALUES ('85', '1', 'core', 'core_country_name', 'Greenland');
INSERT INTO `contrexx_core_text` (`id`, `lang_id`, `section`, `key`, `text`) VALUES ('86', '1', 'core', 'core_country_name', 'Grenada');
INSERT INTO `contrexx_core_text` (`id`, `lang_id`, `section`, `key`, `text`) VALUES ('87', '1', 'core', 'core_country_name', 'Guadeloupe');
INSERT INTO `contrexx_core_text` (`id`, `lang_id`, `section`, `key`, `text`) VALUES ('88', '1', 'core', 'core_country_name', 'Guam');
INSERT INTO `contrexx_core_text` (`id`, `lang_id`, `section`, `key`, `text`) VALUES ('89', '1', 'core', 'core_country_name', 'Guatemala');
INSERT INTO `contrexx_core_text` (`id`, `lang_id`, `section`, `key`, `text`) VALUES ('90', '1', 'core', 'core_country_name', 'Guinea');
INSERT INTO `contrexx_core_text` (`id`, `lang_id`, `section`, `key`, `text`) VALUES ('91', '1', 'core', 'core_country_name', 'Guinea-bissau');
INSERT INTO `contrexx_core_text` (`id`, `lang_id`, `section`, `key`, `text`) VALUES ('92', '1', 'core', 'core_country_name', 'Guyana');
INSERT INTO `contrexx_core_text` (`id`, `lang_id`, `section`, `key`, `text`) VALUES ('93', '1', 'core', 'core_country_name', 'Haiti');
INSERT INTO `contrexx_core_text` (`id`, `lang_id`, `section`, `key`, `text`) VALUES ('94', '1', 'core', 'core_country_name', 'Heard and Mc Donald Islands');
INSERT INTO `contrexx_core_text` (`id`, `lang_id`, `section`, `key`, `text`) VALUES ('95', '1', 'core', 'core_country_name', 'Honduras');
INSERT INTO `contrexx_core_text` (`id`, `lang_id`, `section`, `key`, `text`) VALUES ('96', '1', 'core', 'core_country_name', 'Hong Kong');
INSERT INTO `contrexx_core_text` (`id`, `lang_id`, `section`, `key`, `text`) VALUES ('97', '1', 'core', 'core_country_name', 'Hungary');
INSERT INTO `contrexx_core_text` (`id`, `lang_id`, `section`, `key`, `text`) VALUES ('98', '1', 'core', 'core_country_name', 'Iceland');
INSERT INTO `contrexx_core_text` (`id`, `lang_id`, `section`, `key`, `text`) VALUES ('99', '1', 'core', 'core_country_name', 'India');
INSERT INTO `contrexx_core_text` (`id`, `lang_id`, `section`, `key`, `text`) VALUES ('100', '1', 'core', 'core_country_name', 'Indonesia');
INSERT INTO `contrexx_core_text` (`id`, `lang_id`, `section`, `key`, `text`) VALUES ('101', '1', 'core', 'core_country_name', 'Iran (Islamic Republic of)');
INSERT INTO `contrexx_core_text` (`id`, `lang_id`, `section`, `key`, `text`) VALUES ('102', '1', 'core', 'core_country_name', 'Iraq');
INSERT INTO `contrexx_core_text` (`id`, `lang_id`, `section`, `key`, `text`) VALUES ('103', '1', 'core', 'core_country_name', 'Ireland');
INSERT INTO `contrexx_core_text` (`id`, `lang_id`, `section`, `key`, `text`) VALUES ('104', '1', 'core', 'core_country_name', 'Israel');
INSERT INTO `contrexx_core_text` (`id`, `lang_id`, `section`, `key`, `text`) VALUES ('105', '1', 'core', 'core_country_name', 'Italy');
INSERT INTO `contrexx_core_text` (`id`, `lang_id`, `section`, `key`, `text`) VALUES ('106', '1', 'core', 'core_country_name', 'Jamaica');
INSERT INTO `contrexx_core_text` (`id`, `lang_id`, `section`, `key`, `text`) VALUES ('107', '1', 'core', 'core_country_name', 'Japan');
INSERT INTO `contrexx_core_text` (`id`, `lang_id`, `section`, `key`, `text`) VALUES ('108', '1', 'core', 'core_country_name', 'Jordan');
INSERT INTO `contrexx_core_text` (`id`, `lang_id`, `section`, `key`, `text`) VALUES ('109', '1', 'core', 'core_country_name', 'Kazakhstan');
INSERT INTO `contrexx_core_text` (`id`, `lang_id`, `section`, `key`, `text`) VALUES ('110', '1', 'core', 'core_country_name', 'Kenya');
INSERT INTO `contrexx_core_text` (`id`, `lang_id`, `section`, `key`, `text`) VALUES ('111', '1', 'core', 'core_country_name', 'Kiribati');
INSERT INTO `contrexx_core_text` (`id`, `lang_id`, `section`, `key`, `text`) VALUES ('112', '1', 'core', 'core_country_name', 'Korea, Democratic People\'s Republic of');
INSERT INTO `contrexx_core_text` (`id`, `lang_id`, `section`, `key`, `text`) VALUES ('113', '1', 'core', 'core_country_name', 'Korea, Republic of');
INSERT INTO `contrexx_core_text` (`id`, `lang_id`, `section`, `key`, `text`) VALUES ('114', '1', 'core', 'core_country_name', 'Kuwait');
INSERT INTO `contrexx_core_text` (`id`, `lang_id`, `section`, `key`, `text`) VALUES ('115', '1', 'core', 'core_country_name', 'Kyrgyzstan');
INSERT INTO `contrexx_core_text` (`id`, `lang_id`, `section`, `key`, `text`) VALUES ('116', '1', 'core', 'core_country_name', 'Lao People\'s Democratic Republic');
INSERT INTO `contrexx_core_text` (`id`, `lang_id`, `section`, `key`, `text`) VALUES ('117', '1', 'core', 'core_country_name', 'Latvia');
INSERT INTO `contrexx_core_text` (`id`, `lang_id`, `section`, `key`, `text`) VALUES ('118', '1', 'core', 'core_country_name', 'Lebanon');
INSERT INTO `contrexx_core_text` (`id`, `lang_id`, `section`, `key`, `text`) VALUES ('119', '1', 'core', 'core_country_name', 'Lesotho');
INSERT INTO `contrexx_core_text` (`id`, `lang_id`, `section`, `key`, `text`) VALUES ('120', '1', 'core', 'core_country_name', 'Liberia');
INSERT INTO `contrexx_core_text` (`id`, `lang_id`, `section`, `key`, `text`) VALUES ('121', '1', 'core', 'core_country_name', 'Libyan Arab Jamahiriya');
INSERT INTO `contrexx_core_text` (`id`, `lang_id`, `section`, `key`, `text`) VALUES ('122', '1', 'core', 'core_country_name', 'Liechtenstein');
INSERT INTO `contrexx_core_text` (`id`, `lang_id`, `section`, `key`, `text`) VALUES ('123', '1', 'core', 'core_country_name', 'Lithuania');
INSERT INTO `contrexx_core_text` (`id`, `lang_id`, `section`, `key`, `text`) VALUES ('124', '1', 'core', 'core_country_name', 'Luxembourg');
INSERT INTO `contrexx_core_text` (`id`, `lang_id`, `section`, `key`, `text`) VALUES ('125', '1', 'core', 'core_country_name', 'Macau');
INSERT INTO `contrexx_core_text` (`id`, `lang_id`, `section`, `key`, `text`) VALUES ('126', '1', 'core', 'core_country_name', 'Macedonia, The Former Yugoslav Republic of');
INSERT INTO `contrexx_core_text` (`id`, `lang_id`, `section`, `key`, `text`) VALUES ('127', '1', 'core', 'core_country_name', 'Madagascar');
INSERT INTO `contrexx_core_text` (`id`, `lang_id`, `section`, `key`, `text`) VALUES ('128', '1', 'core', 'core_country_name', 'Malawi');
INSERT INTO `contrexx_core_text` (`id`, `lang_id`, `section`, `key`, `text`) VALUES ('129', '1', 'core', 'core_country_name', 'Malaysia');
INSERT INTO `contrexx_core_text` (`id`, `lang_id`, `section`, `key`, `text`) VALUES ('130', '1', 'core', 'core_country_name', 'Maldives');
INSERT INTO `contrexx_core_text` (`id`, `lang_id`, `section`, `key`, `text`) VALUES ('131', '1', 'core', 'core_country_name', 'Mali');
INSERT INTO `contrexx_core_text` (`id`, `lang_id`, `section`, `key`, `text`) VALUES ('132', '1', 'core', 'core_country_name', 'Malta');
INSERT INTO `contrexx_core_text` (`id`, `lang_id`, `section`, `key`, `text`) VALUES ('133', '1', 'core', 'core_country_name', 'Marshall Islands');
INSERT INTO `contrexx_core_text` (`id`, `lang_id`, `section`, `key`, `text`) VALUES ('134', '1', 'core', 'core_country_name', 'Martinique');
INSERT INTO `contrexx_core_text` (`id`, `lang_id`, `section`, `key`, `text`) VALUES ('135', '1', 'core', 'core_country_name', 'Mauritania');
INSERT INTO `contrexx_core_text` (`id`, `lang_id`, `section`, `key`, `text`) VALUES ('136', '1', 'core', 'core_country_name', 'Mauritius');
INSERT INTO `contrexx_core_text` (`id`, `lang_id`, `section`, `key`, `text`) VALUES ('137', '1', 'core', 'core_country_name', 'Mayotte');
INSERT INTO `contrexx_core_text` (`id`, `lang_id`, `section`, `key`, `text`) VALUES ('138', '1', 'core', 'core_country_name', 'Mexico');
INSERT INTO `contrexx_core_text` (`id`, `lang_id`, `section`, `key`, `text`) VALUES ('139', '1', 'core', 'core_country_name', 'Micronesia, Federated States of');
INSERT INTO `contrexx_core_text` (`id`, `lang_id`, `section`, `key`, `text`) VALUES ('140', '1', 'core', 'core_country_name', 'Moldova, Republic of');
INSERT INTO `contrexx_core_text` (`id`, `lang_id`, `section`, `key`, `text`) VALUES ('141', '1', 'core', 'core_country_name', 'Monaco');
INSERT INTO `contrexx_core_text` (`id`, `lang_id`, `section`, `key`, `text`) VALUES ('142', '1', 'core', 'core_country_name', 'Mongolia');
INSERT INTO `contrexx_core_text` (`id`, `lang_id`, `section`, `key`, `text`) VALUES ('143', '1', 'core', 'core_country_name', 'Montserrat');
INSERT INTO `contrexx_core_text` (`id`, `lang_id`, `section`, `key`, `text`) VALUES ('144', '1', 'core', 'core_country_name', 'Morocco');
INSERT INTO `contrexx_core_text` (`id`, `lang_id`, `section`, `key`, `text`) VALUES ('145', '1', 'core', 'core_country_name', 'Mozambique');
INSERT INTO `contrexx_core_text` (`id`, `lang_id`, `section`, `key`, `text`) VALUES ('146', '1', 'core', 'core_country_name', 'Myanmar');
INSERT INTO `contrexx_core_text` (`id`, `lang_id`, `section`, `key`, `text`) VALUES ('147', '1', 'core', 'core_country_name', 'Namibia');
INSERT INTO `contrexx_core_text` (`id`, `lang_id`, `section`, `key`, `text`) VALUES ('148', '1', 'core', 'core_country_name', 'Nauru');
INSERT INTO `contrexx_core_text` (`id`, `lang_id`, `section`, `key`, `text`) VALUES ('149', '1', 'core', 'core_country_name', 'Nepal');
INSERT INTO `contrexx_core_text` (`id`, `lang_id`, `section`, `key`, `text`) VALUES ('150', '1', 'core', 'core_country_name', 'Netherlands');
INSERT INTO `contrexx_core_text` (`id`, `lang_id`, `section`, `key`, `text`) VALUES ('151', '1', 'core', 'core_country_name', 'Netherlands Antilles');
INSERT INTO `contrexx_core_text` (`id`, `lang_id`, `section`, `key`, `text`) VALUES ('152', '1', 'core', 'core_country_name', 'New Caledonia');
INSERT INTO `contrexx_core_text` (`id`, `lang_id`, `section`, `key`, `text`) VALUES ('153', '1', 'core', 'core_country_name', 'New Zealand');
INSERT INTO `contrexx_core_text` (`id`, `lang_id`, `section`, `key`, `text`) VALUES ('154', '1', 'core', 'core_country_name', 'Nicaragua');
INSERT INTO `contrexx_core_text` (`id`, `lang_id`, `section`, `key`, `text`) VALUES ('155', '1', 'core', 'core_country_name', 'Niger');
INSERT INTO `contrexx_core_text` (`id`, `lang_id`, `section`, `key`, `text`) VALUES ('156', '1', 'core', 'core_country_name', 'Nigeria');
INSERT INTO `contrexx_core_text` (`id`, `lang_id`, `section`, `key`, `text`) VALUES ('157', '1', 'core', 'core_country_name', 'Niue');
INSERT INTO `contrexx_core_text` (`id`, `lang_id`, `section`, `key`, `text`) VALUES ('158', '1', 'core', 'core_country_name', 'Norfolk Island');
INSERT INTO `contrexx_core_text` (`id`, `lang_id`, `section`, `key`, `text`) VALUES ('159', '1', 'core', 'core_country_name', 'Northern Mariana Islands');
INSERT INTO `contrexx_core_text` (`id`, `lang_id`, `section`, `key`, `text`) VALUES ('160', '1', 'core', 'core_country_name', 'Norway');
INSERT INTO `contrexx_core_text` (`id`, `lang_id`, `section`, `key`, `text`) VALUES ('161', '1', 'core', 'core_country_name', 'Oman');
INSERT INTO `contrexx_core_text` (`id`, `lang_id`, `section`, `key`, `text`) VALUES ('162', '1', 'core', 'core_country_name', 'Pakistan');
INSERT INTO `contrexx_core_text` (`id`, `lang_id`, `section`, `key`, `text`) VALUES ('163', '1', 'core', 'core_country_name', 'Palau');
INSERT INTO `contrexx_core_text` (`id`, `lang_id`, `section`, `key`, `text`) VALUES ('164', '1', 'core', 'core_country_name', 'Panama');
INSERT INTO `contrexx_core_text` (`id`, `lang_id`, `section`, `key`, `text`) VALUES ('165', '1', 'core', 'core_country_name', 'Papua New Guinea');
INSERT INTO `contrexx_core_text` (`id`, `lang_id`, `section`, `key`, `text`) VALUES ('166', '1', 'core', 'core_country_name', 'Paraguay');
INSERT INTO `contrexx_core_text` (`id`, `lang_id`, `section`, `key`, `text`) VALUES ('167', '1', 'core', 'core_country_name', 'Peru');
INSERT INTO `contrexx_core_text` (`id`, `lang_id`, `section`, `key`, `text`) VALUES ('168', '1', 'core', 'core_country_name', 'Philippines');
INSERT INTO `contrexx_core_text` (`id`, `lang_id`, `section`, `key`, `text`) VALUES ('169', '1', 'core', 'core_country_name', 'Pitcairn');
INSERT INTO `contrexx_core_text` (`id`, `lang_id`, `section`, `key`, `text`) VALUES ('170', '1', 'core', 'core_country_name', 'Poland');
INSERT INTO `contrexx_core_text` (`id`, `lang_id`, `section`, `key`, `text`) VALUES ('171', '1', 'core', 'core_country_name', 'Portugal');
INSERT INTO `contrexx_core_text` (`id`, `lang_id`, `section`, `key`, `text`) VALUES ('172', '1', 'core', 'core_country_name', 'Puerto Rico');
INSERT INTO `contrexx_core_text` (`id`, `lang_id`, `section`, `key`, `text`) VALUES ('173', '1', 'core', 'core_country_name', 'Qatar');
INSERT INTO `contrexx_core_text` (`id`, `lang_id`, `section`, `key`, `text`) VALUES ('174', '1', 'core', 'core_country_name', 'Reunion');
INSERT INTO `contrexx_core_text` (`id`, `lang_id`, `section`, `key`, `text`) VALUES ('175', '1', 'core', 'core_country_name', 'Romania');
INSERT INTO `contrexx_core_text` (`id`, `lang_id`, `section`, `key`, `text`) VALUES ('176', '1', 'core', 'core_country_name', 'Russian Federation');
INSERT INTO `contrexx_core_text` (`id`, `lang_id`, `section`, `key`, `text`) VALUES ('177', '1', 'core', 'core_country_name', 'Rwanda');
INSERT INTO `contrexx_core_text` (`id`, `lang_id`, `section`, `key`, `text`) VALUES ('178', '1', 'core', 'core_country_name', 'Saint Kitts and Nevis');
INSERT INTO `contrexx_core_text` (`id`, `lang_id`, `section`, `key`, `text`) VALUES ('179', '1', 'core', 'core_country_name', 'Saint Lucia');
INSERT INTO `contrexx_core_text` (`id`, `lang_id`, `section`, `key`, `text`) VALUES ('180', '1', 'core', 'core_country_name', 'Saint Vincent and the Grenadines');
INSERT INTO `contrexx_core_text` (`id`, `lang_id`, `section`, `key`, `text`) VALUES ('181', '1', 'core', 'core_country_name', 'Samoa');
INSERT INTO `contrexx_core_text` (`id`, `lang_id`, `section`, `key`, `text`) VALUES ('182', '1', 'core', 'core_country_name', 'San Marino');
INSERT INTO `contrexx_core_text` (`id`, `lang_id`, `section`, `key`, `text`) VALUES ('183', '1', 'core', 'core_country_name', 'Sao Tome and Principe');
INSERT INTO `contrexx_core_text` (`id`, `lang_id`, `section`, `key`, `text`) VALUES ('184', '1', 'core', 'core_country_name', 'Saudi Arabia');
INSERT INTO `contrexx_core_text` (`id`, `lang_id`, `section`, `key`, `text`) VALUES ('185', '1', 'core', 'core_country_name', 'Senegal');
INSERT INTO `contrexx_core_text` (`id`, `lang_id`, `section`, `key`, `text`) VALUES ('186', '1', 'core', 'core_country_name', 'Seychelles');
INSERT INTO `contrexx_core_text` (`id`, `lang_id`, `section`, `key`, `text`) VALUES ('187', '1', 'core', 'core_country_name', 'Sierra Leone');
INSERT INTO `contrexx_core_text` (`id`, `lang_id`, `section`, `key`, `text`) VALUES ('188', '1', 'core', 'core_country_name', 'Singapore');
INSERT INTO `contrexx_core_text` (`id`, `lang_id`, `section`, `key`, `text`) VALUES ('189', '1', 'core', 'core_country_name', 'Slovakia (Slovak Republic)');
INSERT INTO `contrexx_core_text` (`id`, `lang_id`, `section`, `key`, `text`) VALUES ('190', '1', 'core', 'core_country_name', 'Slovenia');
INSERT INTO `contrexx_core_text` (`id`, `lang_id`, `section`, `key`, `text`) VALUES ('191', '1', 'core', 'core_country_name', 'Solomon Islands');
INSERT INTO `contrexx_core_text` (`id`, `lang_id`, `section`, `key`, `text`) VALUES ('192', '1', 'core', 'core_country_name', 'Somalia');
INSERT INTO `contrexx_core_text` (`id`, `lang_id`, `section`, `key`, `text`) VALUES ('193', '1', 'core', 'core_country_name', 'South Africa');
INSERT INTO `contrexx_core_text` (`id`, `lang_id`, `section`, `key`, `text`) VALUES ('194', '1', 'core', 'core_country_name', 'South Georgia and the South Sandwich Islands');
INSERT INTO `contrexx_core_text` (`id`, `lang_id`, `section`, `key`, `text`) VALUES ('195', '1', 'core', 'core_country_name', 'Spain');
INSERT INTO `contrexx_core_text` (`id`, `lang_id`, `section`, `key`, `text`) VALUES ('196', '1', 'core', 'core_country_name', 'Sri Lanka');
INSERT INTO `contrexx_core_text` (`id`, `lang_id`, `section`, `key`, `text`) VALUES ('197', '1', 'core', 'core_country_name', 'St. Helena');
INSERT INTO `contrexx_core_text` (`id`, `lang_id`, `section`, `key`, `text`) VALUES ('198', '1', 'core', 'core_country_name', 'St. Pierre and Miquelon');
INSERT INTO `contrexx_core_text` (`id`, `lang_id`, `section`, `key`, `text`) VALUES ('199', '1', 'core', 'core_country_name', 'Sudan');
INSERT INTO `contrexx_core_text` (`id`, `lang_id`, `section`, `key`, `text`) VALUES ('200', '1', 'core', 'core_country_name', 'Suriname');
INSERT INTO `contrexx_core_text` (`id`, `lang_id`, `section`, `key`, `text`) VALUES ('201', '1', 'core', 'core_country_name', 'Svalbard and Jan Mayen Islands');
INSERT INTO `contrexx_core_text` (`id`, `lang_id`, `section`, `key`, `text`) VALUES ('202', '1', 'core', 'core_country_name', 'Swaziland');
INSERT INTO `contrexx_core_text` (`id`, `lang_id`, `section`, `key`, `text`) VALUES ('203', '1', 'core', 'core_country_name', 'Sweden');
INSERT INTO `contrexx_core_text` (`id`, `lang_id`, `section`, `key`, `text`) VALUES ('204', '1', 'core', 'core_country_name', 'Schweiz');
INSERT INTO `contrexx_core_text` (`id`, `lang_id`, `section`, `key`, `text`) VALUES ('205', '1', 'core', 'core_country_name', 'Syrian Arab Republic');
INSERT INTO `contrexx_core_text` (`id`, `lang_id`, `section`, `key`, `text`) VALUES ('206', '1', 'core', 'core_country_name', 'Taiwan');
INSERT INTO `contrexx_core_text` (`id`, `lang_id`, `section`, `key`, `text`) VALUES ('207', '1', 'core', 'core_country_name', 'Tajikistan');
INSERT INTO `contrexx_core_text` (`id`, `lang_id`, `section`, `key`, `text`) VALUES ('208', '1', 'core', 'core_country_name', 'Tanzania, United Republic of');
INSERT INTO `contrexx_core_text` (`id`, `lang_id`, `section`, `key`, `text`) VALUES ('209', '1', 'core', 'core_country_name', 'Thailand');
INSERT INTO `contrexx_core_text` (`id`, `lang_id`, `section`, `key`, `text`) VALUES ('210', '1', 'core', 'core_country_name', 'Togo');
INSERT INTO `contrexx_core_text` (`id`, `lang_id`, `section`, `key`, `text`) VALUES ('211', '1', 'core', 'core_country_name', 'Tokelau');
INSERT INTO `contrexx_core_text` (`id`, `lang_id`, `section`, `key`, `text`) VALUES ('212', '1', 'core', 'core_country_name', 'Tonga');
INSERT INTO `contrexx_core_text` (`id`, `lang_id`, `section`, `key`, `text`) VALUES ('213', '1', 'core', 'core_country_name', 'Trinidad and Tobago');
INSERT INTO `contrexx_core_text` (`id`, `lang_id`, `section`, `key`, `text`) VALUES ('214', '1', 'core', 'core_country_name', 'Tunisia');
INSERT INTO `contrexx_core_text` (`id`, `lang_id`, `section`, `key`, `text`) VALUES ('215', '1', 'core', 'core_country_name', 'Turkey');
INSERT INTO `contrexx_core_text` (`id`, `lang_id`, `section`, `key`, `text`) VALUES ('216', '1', 'core', 'core_country_name', 'Turkmenistan');
INSERT INTO `contrexx_core_text` (`id`, `lang_id`, `section`, `key`, `text`) VALUES ('217', '1', 'core', 'core_country_name', 'Turks and Caicos Islands');
INSERT INTO `contrexx_core_text` (`id`, `lang_id`, `section`, `key`, `text`) VALUES ('218', '1', 'core', 'core_country_name', 'Tuvalu');
INSERT INTO `contrexx_core_text` (`id`, `lang_id`, `section`, `key`, `text`) VALUES ('219', '1', 'core', 'core_country_name', 'Uganda');
INSERT INTO `contrexx_core_text` (`id`, `lang_id`, `section`, `key`, `text`) VALUES ('220', '1', 'core', 'core_country_name', 'Ukraine');
INSERT INTO `contrexx_core_text` (`id`, `lang_id`, `section`, `key`, `text`) VALUES ('221', '1', 'core', 'core_country_name', 'United Arab Emirates');
INSERT INTO `contrexx_core_text` (`id`, `lang_id`, `section`, `key`, `text`) VALUES ('222', '1', 'core', 'core_country_name', 'United Kingdom');
INSERT INTO `contrexx_core_text` (`id`, `lang_id`, `section`, `key`, `text`) VALUES ('223', '1', 'core', 'core_country_name', 'United States');
INSERT INTO `contrexx_core_text` (`id`, `lang_id`, `section`, `key`, `text`) VALUES ('224', '1', 'core', 'core_country_name', 'United States Minor Outlying Islands');
INSERT INTO `contrexx_core_text` (`id`, `lang_id`, `section`, `key`, `text`) VALUES ('225', '1', 'core', 'core_country_name', 'Uruguay');
INSERT INTO `contrexx_core_text` (`id`, `lang_id`, `section`, `key`, `text`) VALUES ('226', '1', 'core', 'core_country_name', 'Uzbekistan');
INSERT INTO `contrexx_core_text` (`id`, `lang_id`, `section`, `key`, `text`) VALUES ('227', '1', 'core', 'core_country_name', 'Vanuatu');
INSERT INTO `contrexx_core_text` (`id`, `lang_id`, `section`, `key`, `text`) VALUES ('228', '1', 'core', 'core_country_name', 'Vatican City State (Holy See)');
INSERT INTO `contrexx_core_text` (`id`, `lang_id`, `section`, `key`, `text`) VALUES ('229', '1', 'core', 'core_country_name', 'Venezuela');
INSERT INTO `contrexx_core_text` (`id`, `lang_id`, `section`, `key`, `text`) VALUES ('230', '1', 'core', 'core_country_name', 'Viet Nam');
INSERT INTO `contrexx_core_text` (`id`, `lang_id`, `section`, `key`, `text`) VALUES ('231', '1', 'core', 'core_country_name', 'Virgin Islands (British)');
INSERT INTO `contrexx_core_text` (`id`, `lang_id`, `section`, `key`, `text`) VALUES ('232', '1', 'core', 'core_country_name', 'Virgin Islands (U.S.)');
INSERT INTO `contrexx_core_text` (`id`, `lang_id`, `section`, `key`, `text`) VALUES ('233', '1', 'core', 'core_country_name', 'Wallis and Futuna Islands');
INSERT INTO `contrexx_core_text` (`id`, `lang_id`, `section`, `key`, `text`) VALUES ('234', '1', 'core', 'core_country_name', 'Western Sahara');
INSERT INTO `contrexx_core_text` (`id`, `lang_id`, `section`, `key`, `text`) VALUES ('235', '1', 'core', 'core_country_name', 'Yemen');
INSERT INTO `contrexx_core_text` (`id`, `lang_id`, `section`, `key`, `text`) VALUES ('236', '1', 'core', 'core_country_name', 'Yugoslavia');
INSERT INTO `contrexx_core_text` (`id`, `lang_id`, `section`, `key`, `text`) VALUES ('237', '1', 'core', 'core_country_name', 'Zaire');
INSERT INTO `contrexx_core_text` (`id`, `lang_id`, `section`, `key`, `text`) VALUES ('238', '1', 'core', 'core_country_name', 'Zambia');
INSERT INTO `contrexx_core_text` (`id`, `lang_id`, `section`, `key`, `text`) VALUES ('239', '1', 'core', 'core_country_name', 'Zimbabwe');
INSERT INTO `contrexx_core_text` (`id`, `lang_id`, `section`, `key`, `text`) VALUES ('4', '2', 'Shop', 'category_name', 'Lorem ipsum1');
INSERT INTO `contrexx_core_text` (`id`, `lang_id`, `section`, `key`, `text`) VALUES ('4', '2', 'Shop', 'category_description', 'lorem ipsum lorem ipsum lorem ipsum lorem ipsum');
INSERT INTO `contrexx_core_text` (`id`, `lang_id`, `section`, `key`, `text`) VALUES ('5', '2', 'Shop', 'category_name', 'Lorem ipsum2');
INSERT INTO `contrexx_core_text` (`id`, `lang_id`, `section`, `key`, `text`) VALUES ('5', '2', 'Shop', 'category_description', 'lorem ipsum lorem ipsum lorem ipsum lorem ipsum');
INSERT INTO `contrexx_core_text` (`id`, `lang_id`, `section`, `key`, `text`) VALUES ('6', '2', 'Shop', 'category_name', 'Lorem ipsum3');
INSERT INTO `contrexx_core_text` (`id`, `lang_id`, `section`, `key`, `text`) VALUES ('6', '2', 'Shop', 'category_description', 'lorem ipsum lorem ipsum lorem ipsum lorem ipsum');
INSERT INTO `contrexx_core_text` (`id`, `lang_id`, `section`, `key`, `text`) VALUES ('12', '1', 'Shop', 'product_short', 'Als eines der ersten Smartphones besitzt das HTC One X einen Quad-Core-Prozessor &ndash; d.h. die Leistung verteilt sich auf 4 Rechenkerne. Dies macht das HTC One X extrem schnell und leistungsf&auml;hig.');
INSERT INTO `contrexx_core_text` (`id`, `lang_id`, `section`, `key`, `text`) VALUES ('12', '1', 'Shop', 'product_long', '<table border=\"0\">\r\n	<tbody>\r\n		<tr>\r\n			<td style=\"width: 120px;\">\r\n				<strong>Gr&ouml;&szlig;e:</strong></td>\r\n			<td>\r\n				134,36 x 69,9 x 8,9 mm</td>\r\n		</tr>\r\n		<tr>\r\n			<td>\r\n				<strong>Gewicht:</strong></td>\r\n			<td>\r\n				130 g mit Akku</td>\r\n		</tr>\r\n		<tr>\r\n			<td>\r\n				<strong>Display:</strong></td>\r\n			<td>\r\n				HD 720P Touchscreen</td>\r\n		</tr>\r\n		<tr>\r\n			<td>\r\n				<strong>Bildschirm:</strong></td>\r\n			<td>\r\n				4,7&ldquo; (1280 x 720 Aufl&ouml;sung)</td>\r\n		</tr>\r\n	</tbody>\r\n</table>');
INSERT INTO `contrexx_core_text` (`id`, `lang_id`, `section`, `key`, `text`) VALUES ('12', '1', 'Shop', 'product_keys', 'HTC, HTC One X');
INSERT INTO `contrexx_core_text` (`id`, `lang_id`, `section`, `key`, `text`) VALUES ('12', '1', 'Shop', 'product_code', '');
INSERT INTO `contrexx_core_text` (`id`, `lang_id`, `section`, `key`, `text`) VALUES ('10', '1', 'Shop', 'category_description', 'Alle Versionen des Contrexx Content Management Systems zur Verwaltung Ihrer Website.');
INSERT INTO `contrexx_core_text` (`id`, `lang_id`, `section`, `key`, `text`) VALUES ('12', '1', 'Shop', 'product_name', 'HTC One X');
INSERT INTO `contrexx_core_text` (`id`, `lang_id`, `section`, `key`, `text`) VALUES ('10', '1', 'Shop', 'category_name', 'Contrexx CMS Software');
INSERT INTO `contrexx_core_text` (`id`, `lang_id`, `section`, `key`, `text`) VALUES ('9', '1', 'Shop', 'category_name', 'Mobile Phones');
INSERT INTO `contrexx_core_text` (`id`, `lang_id`, `section`, `key`, `text`) VALUES ('9', '1', 'Shop', 'category_description', 'Mobile Phones von über 10 Marken wie Apple, HTC & Samsung.');
INSERT INTO `contrexx_core_text` (`id`, `lang_id`, `section`, `key`, `text`) VALUES ('8', '2', 'Shop', 'category_name', 'Iphone');
INSERT INTO `contrexx_core_text` (`id`, `lang_id`, `section`, `key`, `text`) VALUES ('8', '2', 'Shop', 'category_description', 'lorem ipsum lorem ipsum lorem ipsum lorem ipsum');
INSERT INTO `contrexx_core_text` (`id`, `lang_id`, `section`, `key`, `text`) VALUES ('13', '1', 'Shop', 'product_code', '');
INSERT INTO `contrexx_core_text` (`id`, `lang_id`, `section`, `key`, `text`) VALUES ('13', '1', 'Shop', 'product_uri', 'http://www.contrexx.com');
INSERT INTO `contrexx_core_text` (`id`, `lang_id`, `section`, `key`, `text`) VALUES ('13', '1', 'Shop', 'product_keys', 'Contrexx CMS');
INSERT INTO `contrexx_core_text` (`id`, `lang_id`, `section`, `key`, `text`) VALUES ('13', '1', 'Shop', 'product_long', 'Mit dem Contrexx CMS stehen Ihnen &uuml;ber 20 Anwendungen zur Verf&uuml;gung, beispielsweise ein kompletter Online Shop, ein umfangreiches Newsletter-Modul und eine mehrsprachige Website.');
INSERT INTO `contrexx_core_text` (`id`, `lang_id`, `section`, `key`, `text`) VALUES ('13', '1', 'Shop', 'product_short', 'Contrexx&reg; CMS f&uuml;r die schnelle Verwaltung Ihrer Website.');
INSERT INTO `contrexx_core_text` (`id`, `lang_id`, `section`, `key`, `text`) VALUES ('7', '2', 'Shop', 'category_name', 'Samsung');
INSERT INTO `contrexx_core_text` (`id`, `lang_id`, `section`, `key`, `text`) VALUES ('7', '2', 'Shop', 'category_description', 'lorem ipsum lorem ipsum lorem ipsum lorem ipsum');
INSERT INTO `contrexx_core_text` (`id`, `lang_id`, `section`, `key`, `text`) VALUES ('1', '2', 'Shop', 'manufacturer_name', 'Samsung');
INSERT INTO `contrexx_core_text` (`id`, `lang_id`, `section`, `key`, `text`) VALUES ('1', '2', 'Shop', 'manufacturer_uri', 'http://www.samsung.com');
INSERT INTO `contrexx_core_text` (`id`, `lang_id`, `section`, `key`, `text`) VALUES ('2', '2', 'Shop', 'manufacturer_name', 'Apple, Inc.');
INSERT INTO `contrexx_core_text` (`id`, `lang_id`, `section`, `key`, `text`) VALUES ('2', '2', 'Shop', 'manufacturer_uri', 'http://www.apple.com/');
INSERT INTO `contrexx_core_text` (`id`, `lang_id`, `section`, `key`, `text`) VALUES ('4', '1', 'Shop', 'manufacturer_name', 'Contrexx');
INSERT INTO `contrexx_core_text` (`id`, `lang_id`, `section`, `key`, `text`) VALUES ('4', '1', 'Shop', 'manufacturer_uri', 'http://www.contrexx.com');
INSERT INTO `contrexx_core_text` (`id`, `lang_id`, `section`, `key`, `text`) VALUES ('11', '1', 'Shop', 'category_description', 'Zum Erwerben von Mitgliedschaften bei verschiedenen Vereienen und Organisationen.');
INSERT INTO `contrexx_core_text` (`id`, `lang_id`, `section`, `key`, `text`) VALUES ('14', '1', 'Shop', 'product_name', 'Mitglied von der MaxMuster-Foundation');
INSERT INTO `contrexx_core_text` (`id`, `lang_id`, `section`, `key`, `text`) VALUES ('14', '1', 'Shop', 'product_short', 'Unterst&uuml;tzen Sie die MaxMuster-Foundation und werden Sie noch heute Mitglied! Sie profitieren von MItgliederrabatten an verschiedenen Anl&auml;ssen.');
INSERT INTO `contrexx_core_text` (`id`, `lang_id`, `section`, `key`, `text`) VALUES ('14', '1', 'Shop', 'product_long', 'Die Foundation hilft Schulen und Ausbildungsinstitutionen seit 10 Jahren sich technisch weiterzuentwickeln und den Lernenden so verbesserte Ausbildungsm&ouml;glichkeiten zu bieten. Durch eine Mitgliedschaft erhalten Sie Rabatte an verschiedenen Firmenanl&auml;ssen der MaxMuster AG.');
INSERT INTO `contrexx_core_text` (`id`, `lang_id`, `section`, `key`, `text`) VALUES ('14', '1', 'Shop', 'product_keys', '');
INSERT INTO `contrexx_core_text` (`id`, `lang_id`, `section`, `key`, `text`) VALUES ('14', '1', 'Shop', 'product_code', '');
INSERT INTO `contrexx_core_text` (`id`, `lang_id`, `section`, `key`, `text`) VALUES ('14', '1', 'Shop', 'product_uri', '');
INSERT INTO `contrexx_core_text` (`id`, `lang_id`, `section`, `key`, `text`) VALUES ('5', '1', 'Shop', 'manufacturer_name', 'MaxMuster AG');
INSERT INTO `contrexx_core_text` (`id`, `lang_id`, `section`, `key`, `text`) VALUES ('5', '1', 'Shop', 'manufacturer_uri', '');
INSERT INTO `contrexx_core_text` (`id`, `lang_id`, `section`, `key`, `text`) VALUES ('2', '1', 'Shop', 'core_mail_template_message_html', '[CUSTOMER_SALUTATION]<br />\r\n<br />\r\nIhre Bestellung wurde ausgef&uuml;hrt. Sie werden in den n&auml;chsten Tagen ihre Lieferung erhalten.<br />\r\n<br />\r\nHerzlichen Dank f&uuml;r das Vertrauen.<br />\r\nWir w&uuml;rden uns freuen, wenn Sie uns weiterempfehlen und w&uuml;nschen Ihnen noch einen sch&ouml;nen Tag.<br />\r\n<br />\r\nMit freundlichen Gr&uuml;ssen<br />\r\nIhr [SHOP_COMPANY] Online Shop Team<br />\r\n<br />\r\n[SHOP_HOMEPAGE]');
INSERT INTO `contrexx_core_text` (`id`, `lang_id`, `section`, `key`, `text`) VALUES ('4', '1', 'Shop', 'currency_name', 'Euro');
INSERT INTO `contrexx_core_text` (`id`, `lang_id`, `section`, `key`, `text`) VALUES ('5', '1', 'Shop', 'currency_name', 'United States Dollars');
INSERT INTO `contrexx_core_text` (`id`, `lang_id`, `section`, `key`, `text`) VALUES ('12', '1', 'Crm', 'core_mail_template_name', 'Benachrichtigung über Benutzerkonto');
INSERT INTO `contrexx_core_text` (`id`, `lang_id`, `section`, `key`, `text`) VALUES ('12', '1', 'Crm', 'core_mail_template_from', 'info@example.com');
INSERT INTO `contrexx_core_text` (`id`, `lang_id`, `section`, `key`, `text`) VALUES ('12', '1', 'Crm', 'core_mail_template_sender', 'Ihr Firmenname');
INSERT INTO `contrexx_core_text` (`id`, `lang_id`, `section`, `key`, `text`) VALUES ('12', '1', 'Crm', 'core_mail_template_reply', 'info@example.com');
INSERT INTO `contrexx_core_text` (`id`, `lang_id`, `section`, `key`, `text`) VALUES ('12', '1', 'Crm', 'core_mail_template_to', '[CRM_CONTACT_EMAIL]');
INSERT INTO `contrexx_core_text` (`id`, `lang_id`, `section`, `key`, `text`) VALUES ('12', '1', 'Crm', 'core_mail_template_cc', '');
INSERT INTO `contrexx_core_text` (`id`, `lang_id`, `section`, `key`, `text`) VALUES ('12', '1', 'Crm', 'core_mail_template_bcc', '');
INSERT INTO `contrexx_core_text` (`id`, `lang_id`, `section`, `key`, `text`) VALUES ('12', '1', 'Crm', 'core_mail_template_subject', 'Ihr persönlischer Zugang');
INSERT INTO `contrexx_core_text` (`id`, `lang_id`, `section`, `key`, `text`) VALUES ('12', '1', 'Crm', 'core_mail_template_message', 'Guten Tag,\r\n\r\nNachfolgend erhalten Sie Ihre persönlichen Zugangsdaten zur Website http://www.example.com/\r\n\r\nBenutzername: [CRM_CONTACT_USERNAME]\r\nKennwort: [CRM_CONTACT_PASSWORD]');
INSERT INTO `contrexx_core_text` (`id`, `lang_id`, `section`, `key`, `text`) VALUES ('12', '1', 'Crm', 'core_mail_template_message_html', '<div>Guten Tag,<br />\r\n<br />\r\nNachfolgend erhalten Sie Ihre pers&ouml;nlichen Zugangsdaten zur Website <a href=\"http://www.example.com/\">http://www.example.com/</a><br />\r\n<br />\r\nBenutzername: [CRM_CONTACT_USERNAME]<br />\r\nKennwort: [CRM_CONTACT_PASSWORD]</div>');
INSERT INTO `contrexx_core_text` (`id`, `lang_id`, `section`, `key`, `text`) VALUES ('13', '1', 'Crm', 'core_mail_template_bcc', '');
INSERT INTO `contrexx_core_text` (`id`, `lang_id`, `section`, `key`, `text`) VALUES ('13', '1', 'Crm', 'core_mail_template_cc', '');
INSERT INTO `contrexx_core_text` (`id`, `lang_id`, `section`, `key`, `text`) VALUES ('13', '1', 'Crm', 'core_mail_template_from', 'info@example.com');
INSERT INTO `contrexx_core_text` (`id`, `lang_id`, `section`, `key`, `text`) VALUES ('13', '1', 'Crm', 'core_mail_template_message', 'Der Mitarbeiter [CRM_TASK_CREATED_USER] hat eine neue Aufgabe erstellt und Ihnen zugewiesen: [CRM_TASK_URL]\r\n\r\nBeschreibung: [CRM_TASK_DESCRIPTION_TEXT_VERSION]\r\n\r\nFällig am: [CRM_TASK_DUE_DATE]\r\n');
INSERT INTO `contrexx_core_text` (`id`, `lang_id`, `section`, `key`, `text`) VALUES ('13', '1', 'Crm', 'core_mail_template_message_html', '<div style=\"padding:0px; margin:0px; font-family:Tahoma, sans-serif; font-size:14px; width:620px; color: #333;\">\r\n<div style=\"padding: 0px 20px; border:1px solid #e0e0e0; margin-bottom: 10px; width:618px;\">\r\n<h1 style=\"background-color: #e0e0e0;color: #3d4a6b;font-size: 18px;font-weight: normal;padding: 15px 20px;margin-top: 0 !important;margin-bottom: 0 !important;margin-left: -20px !important;margin-right: -20px !important;-webkit-margin-before: 0 !important;-webkit-margin-after: 0 !important;-webkit-margin-start: -20px !important;-webkit-margin-end: -20px !important;\">Neue Aufgabe wurde Ihnen zugewiesen</h1>\r\n\r\n<p style=\"margin-top: 20px;word-wrap: break-word !important;\">Der Mitarbeiter [CRM_TASK_CREATED_USER] hat eine neue Aufgabe erstellt und Ihnen zugewiesen: [CRM_TASK_LINK]</p>\r\n\r\n<p style=\"margin-top: 20px;word-wrap: break-word !important;\">Beschreibung: [CRM_TASK_DESCRIPTION_HTML_VERSION]<br />\r\nF&auml;llig am: [CRM_TASK_DUE_DATE]</p>\r\n</div>\r\n</div>');
INSERT INTO `contrexx_core_text` (`id`, `lang_id`, `section`, `key`, `text`) VALUES ('13', '1', 'Crm', 'core_mail_template_name', 'Neue Aufgabe');
INSERT INTO `contrexx_core_text` (`id`, `lang_id`, `section`, `key`, `text`) VALUES ('13', '1', 'Crm', 'core_mail_template_reply', 'info@example.com');
INSERT INTO `contrexx_core_text` (`id`, `lang_id`, `section`, `key`, `text`) VALUES ('13', '1', 'Crm', 'core_mail_template_sender', 'Ihr Firmenname');
INSERT INTO `contrexx_core_text` (`id`, `lang_id`, `section`, `key`, `text`) VALUES ('13', '1', 'Crm', 'core_mail_template_subject', 'Neue Aufgabe : [CRM_TASK_NAME]');
INSERT INTO `contrexx_core_text` (`id`, `lang_id`, `section`, `key`, `text`) VALUES ('13', '1', 'Crm', 'core_mail_template_to', '[CRM_ASSIGNED_USER_EMAIL]');
INSERT INTO `contrexx_core_text` (`id`, `lang_id`, `section`, `key`, `text`) VALUES ('15', '1', 'MultiSite', 'core_mail_template_message_html', '<html>\r\n<head>\r\n	<title></title>\r\n</head>\r\n<body style=\"cursor: auto;\">\r\n<style type=\"text/css\">*, html, body, table {\r\n                padding: 0;\r\n                margin: 0;\r\n                font-size: 14px;\r\n                font-family: arial;\r\n                line-height: 1.5;\r\n                color: #000000;\r\n            }\r\n            body {\r\n                background-color: #fff;\r\n            }\r\n            a {\r\n                color: #0071bc;\r\n                text-decoration: none;\r\n            }\r\n</style>\r\n<table bgcolor=\"#fff\" border=\"0\" cellpadding=\"0\" cellspacing=\"0\" width=\"100%\">\r\n	<tbody>\r\n		<tr>\r\n			<td bgcolor=\"#0071bc\" style=\"height:75px;\">\r\n			<div align=\"center\">\r\n			<table border=\"0\" cellpadding=\"0\" cellspacing=\"0\" width=\"596\">\r\n				<tbody>\r\n					<tr>\r\n						<td align=\"left\" style=\"padding-top: 15px; padding-bottom: 12px;\"><img alt=\"logo\" src=\"https://media.cloudrexx.com/1.0.0/cloudrexx_logo_145x25.png\" /></td>\r\n						<td align=\"right\" style=\"padding-top: 12px; padding-bottom: 12px;\"><span style=\"color:#fff; font-size: 18px;  font-family: arial;\">Ihre Cloudrexx Website</span></td>\r\n					</tr>\r\n				</tbody>\r\n			</table>\r\n			</div>\r\n			</td>\r\n		</tr>\r\n		<tr>\r\n			<td>&nbsp;</td>\r\n		</tr>\r\n		<tr>\r\n			<td>\r\n			<div align=\"center\">\r\n			<table border=\"0\" cellpadding=\"0\" cellspacing=\"0\" width=\"480\">\r\n				<tbody>\r\n					<tr>\r\n						<td style=\"padding-bottom: 7px;\">\r\n						<h1 style=\" font-size: 25px; font-family: arial;\">Willkommen bei Cloudrexx!</h1>\r\n						</td>\r\n					</tr>\r\n					<tr>\r\n						<td style=\"padding-bottom: 13px;  font-family: arial; font-size:14px\"><br />\r\n						Herzlichen Dank f&uuml;r Ihre Anmeldung bei Cloudrexx. Dieses Mail beinhaltet wichtige Informationen und die Zugangsdaten zu Ihrem pers&ouml;nlichen Cloudrexx Konto.<br />\r\n						&nbsp;\r\n						<h2 style=\"font-size: 19px;\">Zugangsdaten</h2>\r\n						[[WEBSITE_PASSWORD_INTERACTIVE]Um sich einzuloggen, setzen Sie <a href=\"[WEBSITE_PASSWORD_URL]\">hier Ihr Cloudrexx-Passwort</a>. Sobald Sie Ihr Passwort gesetzt haben, k&ouml;nnen Sie sich &uuml;ber <a href=\"https://[[WEBSITE_DOMAIN]]/cadmin/\">die Administration der Website</a> einloggen.<br />\r\n						<br />\r\n						<strong>Administration:</strong><br />\r\n						Url:&nbsp;<a href=\"https://[[WEBSITE_DOMAIN]]/cadmin/\">https://[[WEBSITE_DOMAIN]]/cadmin/</a><br />\r\n						E-Mail-Adresse: [[WEBSITE_MAIL]]<br />\r\n						[WEBSITE_PASSWORD_INTERACTIVE]] [[WEBSITE_PASSWORD_AUTO]Um sich einzuloggen, &ouml;ffnen Sie <a href=\"https://[[WEBSITE_DOMAIN]]/cadmin/\">die Administration der Website</a> und w&auml;hlen Sie sich mit den nachfolgend aufgef&uuml;hrten Zugangsdaten ein.<br />\r\n						<strong>Administration:</strong><br />\r\n						Url:&nbsp;<a href=\"https://[[WEBSITE_DOMAIN]]/cadmin/\">https://[[WEBSITE_DOMAIN]]/cadmin/</a><br />\r\n						E-Mail-Adresse: [[WEBSITE_MAIL]]<br />\r\n						Kennwort: [WEBSITE_PASSWORD]<br />\r\n						[WEBSITE_PASSWORD_AUTO]]<br />\r\n						<strong>Ihre Contrexx Website:</strong><br />\r\n						<a href=\"https://[[WEBSITE_DOMAIN]]\">https://[[WEBSITE_DOMAIN]]</a><br />\r\n						[[WEBSITE_FTP]<strong>FTP:</strong><br />\r\n						Server: ftps://[[WEBSITE_DOMAIN]] (Zugriff nur via FTPS m&ouml;glich)<br />\r\n						Benutzer: [WEBSITE_FTP_USER]<br />\r\n						Kennwort: [WEBSITE_FTP_PASSWORD]<br />\r\n						[WEBSITE_FTP]]\r\n						<h2 style=\"font-size: 19px;\">Erste Schritte &amp; Tipps und Tricks</h2>\r\n						Loggen Sie sich mit Ihren Zugangsdaten in die Cloudrexx-Administrationsoberfl&auml;che ein.<br />\r\n						&nbsp;\r\n						<h2 style=\"font-size: 19px;\">Schneller und flexibler</h2>\r\n						<span style=\"line-height: 21px;\">In Cloudrexx steckt die langj&auml;hrige Erfahrung der Macher der Website Management L&ouml;sung Contrexx. Jetzt ist die beliebte L&ouml;sung bereit f&uuml;r die Cloud. Starten Sie Ihr Webprojekt in wenigen Klicks und profitieren von vielen Vorteilen. <a href=\"https://www.cloudrexx.com/de/Features\">&Uuml;berzeugen Sie sich von den unz&auml;hligen Features</a>.</span><br />\r\n						&nbsp;\r\n						<h2 style=\"font-size: 19px;\">Support</h2>\r\n						<span style=\"line-height: 21px;\">Haben Sie noch Fragen? Antworten Sie einfach auf diese E-Mail oder melden Sie sich unter </span><a href=\"mailto:support@cloudrexx.com\" style=\"line-height: 21px;\">support@cloudrexx.com</a><span style=\"line-height: 21px;\">. Wir sind gerne f&uuml;r Sie da.<br />\r\n						<br />\r\n						Freundliche Gr&uuml;sse<br />\r\n						Ihr Cloudrexx-Team</span><br />\r\n						&nbsp;</td>\r\n					</tr>\r\n				</tbody>\r\n			</table>\r\n			</div>\r\n			</td>\r\n		</tr>\r\n		<tr>\r\n			<td style=\"border-top: 1px solid #B9B9B9\">\r\n			<div align=\"center\">\r\n			<table cellspacing=\"0\" width=\"596\">\r\n				<tbody>\r\n					<tr>\r\n						<td align=\"left\" style=\"font-family: arial; color: #939fa2; font-size: 11px; padding-top: 14px;\" width=\"50%\">&copy; 2014 Comvation AG</td>\r\n						<td align=\"right\" style=\"padding-top: 12px;\" width=\"33%\">&nbsp;</td>\r\n						<td align=\"right\" style=\"padding-top: 12px;\"><a href=\"https://www.cloudrexx.com/\" style=\"font-family: arial; color: #0071bc; font-size: 11px;\">www.cloudrexx.com</a></td>\r\n					</tr>\r\n				</tbody>\r\n			</table>\r\n			</div>\r\n			</td>\r\n		</tr>\r\n	</tbody>\r\n</table>\r\n</body>\r\n</html>\r\n');
INSERT INTO `contrexx_core_text` (`id`, `lang_id`, `section`, `key`, `text`) VALUES ('14', '1', 'Crm', 'core_mail_template_bcc', '');
INSERT INTO `contrexx_core_text` (`id`, `lang_id`, `section`, `key`, `text`) VALUES ('14', '1', 'Crm', 'core_mail_template_cc', '');
INSERT INTO `contrexx_core_text` (`id`, `lang_id`, `section`, `key`, `text`) VALUES ('14', '1', 'Crm', 'core_mail_template_from', 'info@example.com');
INSERT INTO `contrexx_core_text` (`id`, `lang_id`, `section`, `key`, `text`) VALUES ('14', '1', 'Crm', 'core_mail_template_message', 'Im CRM wurde ein neuer Kontakt erfasst: [CRM_CONTACT_DETAILS_URL]');
INSERT INTO `contrexx_core_text` (`id`, `lang_id`, `section`, `key`, `text`) VALUES ('14', '1', 'Crm', 'core_mail_template_message_html', '<div style=\"padding:0px; margin:0px; font-family:Tahoma, sans-serif; font-size:14px; width:620px; color: #333;\">\r\n<div style=\"padding: 0px 20px; border:1px solid #e0e0e0; margin-bottom: 10px; width:618px;\">\r\n<h1 style=\"background-color: #e0e0e0;color: #3d4a6b;font-size: 18px;font-weight: normal;padding: 15px 20px;margin-top: 0 !important;margin-bottom: 0 !important;margin-left: -20px !important;margin-right: -20px !important;-webkit-margin-before: 0 !important;-webkit-margin-after: 0 !important;-webkit-margin-start: -20px !important;-webkit-margin-end: -20px !important;\">Neuer Kontakt im CRM</h1>\r\n\r\n<p style=\"margin-top: 20px;word-wrap: break-word !important;\">Neuer Kontakt: [CRM_CONTACT_DETAILS_LINK].</p>\r\n</div>\r\n</div>\r\n');
INSERT INTO `contrexx_core_text` (`id`, `lang_id`, `section`, `key`, `text`) VALUES ('14', '1', 'Crm', 'core_mail_template_name', 'Benachrichtigung an Mitarbeiter über neue Kontakte');
INSERT INTO `contrexx_core_text` (`id`, `lang_id`, `section`, `key`, `text`) VALUES ('14', '1', 'Crm', 'core_mail_template_reply', 'info@example.com');
INSERT INTO `contrexx_core_text` (`id`, `lang_id`, `section`, `key`, `text`) VALUES ('14', '1', 'Crm', 'core_mail_template_sender', 'Ihr Firmenname');
INSERT INTO `contrexx_core_text` (`id`, `lang_id`, `section`, `key`, `text`) VALUES ('14', '1', 'Crm', 'core_mail_template_subject', 'Neuer Kontakt erfasst');
INSERT INTO `contrexx_core_text` (`id`, `lang_id`, `section`, `key`, `text`) VALUES ('14', '1', 'Crm', 'core_mail_template_to', '[CRM_ASSIGNED_USER_EMAIL]');
INSERT INTO `contrexx_core_text` (`id`, `lang_id`, `section`, `key`, `text`) VALUES ('15', '1', 'MultiSite', 'core_mail_template_from', 'info@cloudrexx.com');
INSERT INTO `contrexx_core_text` (`id`, `lang_id`, `section`, `key`, `text`) VALUES ('15', '1', 'MultiSite', 'core_mail_template_sender', 'Cloudrexx');
INSERT INTO `contrexx_core_text` (`id`, `lang_id`, `section`, `key`, `text`) VALUES ('15', '1', 'MultiSite', 'core_mail_template_reply', '');
INSERT INTO `contrexx_core_text` (`id`, `lang_id`, `section`, `key`, `text`) VALUES ('15', '1', 'MultiSite', 'core_mail_template_to', '');
INSERT INTO `contrexx_core_text` (`id`, `lang_id`, `section`, `key`, `text`) VALUES ('15', '1', 'MultiSite', 'core_mail_template_cc', '');
INSERT INTO `contrexx_core_text` (`id`, `lang_id`, `section`, `key`, `text`) VALUES ('15', '1', 'MultiSite', 'core_mail_template_bcc', '');
INSERT INTO `contrexx_core_text` (`id`, `lang_id`, `section`, `key`, `text`) VALUES ('15', '1', 'MultiSite', 'core_mail_template_subject', 'Willkommen bei Cloudrexx!');
INSERT INTO `contrexx_core_text` (`id`, `lang_id`, `section`, `key`, `text`) VALUES ('15', '1', 'MultiSite', 'core_mail_template_message', 'Willkommen bei Cloudrexx!\r\n\r\nHerzlichen Dank für Ihre Anmeldung bei Cloudrexx. Dieses Mail beinhaltet wichtige Informationen und die Zugangsdaten zu Ihrem persönlichen Cloudrexx Konto.\r\n\r\n\r\nZugangsdaten\r\n--------------------------------------\r\n[[WEBSITE_PASSWORD_INTERACTIVE]Um sich einzuloggen, setzen Sie unter der folgenden Url Ihr Cloudrexx-Passwort:\r\n[WEBSITE_PASSWORD_URL]\r\n\r\nSobald Sie Ihr Passwort gesetzt haben, können Sie sich über die folgende Url bei der Administration der Website einloggen.\r\n\r\nAdministration: \r\nUrl: https://[[WEBSITE_DOMAIN]]/cadmin\r\nE-Mail-Adresse: [[WEBSITE_MAIL]][WEBSITE_PASSWORD_INTERACTIVE]][[WEBSITE_PASSWORD_AUTO]Um Ihre Website zu Verwalten, können Sie sich über die folgende Url bei der Administration der Website einloggen. Verwenden Sie dabei die nachfolgend aufgeführten Zugangsdaten ein.\r\n\r\nAdministration: \r\nUrl: https://[[WEBSITE_DOMAIN]]/cadmin\r\nE-Mail-Adresse: [[WEBSITE_MAIL]]\r\nKennwort: [WEBSITE_PASSWORD]\r\n\r\nIhre Contrexx Website:\r\nhttps://[[WEBSITE_DOMAIN]]\r\n\r\n\r\nErste Schritte & Tipps und Tricks\r\n--------------------------------------\r\nLoggen Sie sich mit Ihren Zugangsdaten in die Cloudrexx-Administrationsoberfläche ein.\r\n\r\n\r\nSchneller und flexibler\r\n--------------------------------------\r\nIn Cloudrexx steckt die langjährige Erfahrung der Macher der Website Management Lösung Contrexx. Jetzt ist die beliebte Lösung bereit für die Cloud. Starten Sie Ihr Webprojekt in wenigen Klicks und profitieren von vielen Vorteilen. Überzeugen Sie sich von den unzähligen Features auf der folgenden Website:\r\nhttps://www.cloudrexx.com/de/Features\r\n\r\n\r\nSupport\r\n--------------------------------------\r\nHaben Sie noch Fragen? Antworten Sie einfach auf diese E-Mail oder melden Sie sich unter support@cloudrexx.com. Wir sind gerne für Sie da.\r\n\r\n\r\nFreundliche Grüsse\r\nIhr Cloudrexx-Team');
INSERT INTO `contrexx_core_text` (`id`, `lang_id`, `section`, `key`, `text`) VALUES ('15', '1', 'MultiSite', 'core_mail_template_name', 'Anmeldebestätigung');
INSERT INTO `contrexx_core_text` (`id`, `lang_id`, `section`, `key`, `text`) VALUES ('18', '1', 'Shop', 'payment_name', 'IBAN/BIC (Paymill)');
INSERT INTO `contrexx_core_text` (`id`, `lang_id`, `section`, `key`, `text`) VALUES ('16', '2', 'Shop', 'payment_name', 'paymill');
INSERT INTO `contrexx_core_text` (`id`, `lang_id`, `section`, `key`, `text`) VALUES ('17', '1', 'Shop', 'payment_name', 'ELV (Paymill)');
INSERT INTO `contrexx_core_text` (`id`, `lang_id`, `section`, `key`, `text`) VALUES ('16', '1', 'Shop', 'payment_name', 'Kreditkarte (Paymill)');
INSERT INTO `contrexx_core_text` (`id`, `lang_id`, `section`, `key`, `text`) VALUES ('16', '1', 'MultiSite', 'core_mail_template_from', 'info@cloudrexx.com');
INSERT INTO `contrexx_core_text` (`id`, `lang_id`, `section`, `key`, `text`) VALUES ('16', '1', 'MultiSite', 'core_mail_template_name', 'Benachrichtigung über neue Website');
INSERT INTO `contrexx_core_text` (`id`, `lang_id`, `section`, `key`, `text`) VALUES ('16', '1', 'MultiSite', 'core_mail_template_sender', 'Cloudrexx');
INSERT INTO `contrexx_core_text` (`id`, `lang_id`, `section`, `key`, `text`) VALUES ('16', '1', 'MultiSite', 'core_mail_template_reply', '');
INSERT INTO `contrexx_core_text` (`id`, `lang_id`, `section`, `key`, `text`) VALUES ('16', '1', 'MultiSite', 'core_mail_template_to', '');
INSERT INTO `contrexx_core_text` (`id`, `lang_id`, `section`, `key`, `text`) VALUES ('16', '1', 'MultiSite', 'core_mail_template_cc', '');
INSERT INTO `contrexx_core_text` (`id`, `lang_id`, `section`, `key`, `text`) VALUES ('16', '1', 'MultiSite', 'core_mail_template_bcc', '');
INSERT INTO `contrexx_core_text` (`id`, `lang_id`, `section`, `key`, `text`) VALUES ('16', '1', 'MultiSite', 'core_mail_template_subject', 'Neue Cloudrexx Website erstellt');
INSERT INTO `contrexx_core_text` (`id`, `lang_id`, `section`, `key`, `text`) VALUES ('16', '1', 'MultiSite', 'core_mail_template_message', 'Auf [[MULTISITE_DOMAIN]] wurde eine neue Website erstellt:\r\n\r\n--------------------------------------\r\n WEBSITE\r\n--------------------------------------\r\nName: [[WEBSITE_NAME]]\r\nUrl:  [[WEBSITE_URL]]\r\n\r\n--------------------------------------\r\n KUNDE\r\n--------------------------------------\r\nName: [[CUSTOMER_NAME]]\r\nE-Mail: [[CUSTOMER_EMAIL]]\r\n\r\n--------------------------------------\r\n ABO\r\n--------------------------------------\r\nAbo: [[SUBSCRIPTION_NAME]]\r\n\r\n\r\n--\r\nDiese Nachricht wurde automatisch generiert.');
INSERT INTO `contrexx_core_text` (`id`, `lang_id`, `section`, `key`, `text`) VALUES ('17', '1', 'MultiSite', 'core_mail_template_message', 'The creation of a new Website ([[WEBSITE_NAME]]) failed with the following error message:\r\n\r\n[[ERROR]]\r\n\r\n\r\nContact Email: [[CUSTOMER_EMAIL]]\r\n\r\n\r\n###############\r\n# DEBUG LOG ###\r\n###############\r\n[[DBG_LOG]]');
INSERT INTO `contrexx_core_text` (`id`, `lang_id`, `section`, `key`, `text`) VALUES ('17', '1', 'MultiSite', 'core_mail_template_name', 'Website Creation Failed');
INSERT INTO `contrexx_core_text` (`id`, `lang_id`, `section`, `key`, `text`) VALUES ('17', '1', 'MultiSite', 'core_mail_template_from', 'info@cloudrexx.com');
INSERT INTO `contrexx_core_text` (`id`, `lang_id`, `section`, `key`, `text`) VALUES ('17', '1', 'MultiSite', 'core_mail_template_sender', 'Cloudrexx');
INSERT INTO `contrexx_core_text` (`id`, `lang_id`, `section`, `key`, `text`) VALUES ('17', '1', 'MultiSite', 'core_mail_template_reply', '');
INSERT INTO `contrexx_core_text` (`id`, `lang_id`, `section`, `key`, `text`) VALUES ('17', '1', 'MultiSite', 'core_mail_template_to', '');
INSERT INTO `contrexx_core_text` (`id`, `lang_id`, `section`, `key`, `text`) VALUES ('17', '1', 'MultiSite', 'core_mail_template_cc', '');
INSERT INTO `contrexx_core_text` (`id`, `lang_id`, `section`, `key`, `text`) VALUES ('17', '1', 'MultiSite', 'core_mail_template_bcc', '');
INSERT INTO `contrexx_core_text` (`id`, `lang_id`, `section`, `key`, `text`) VALUES ('17', '1', 'MultiSite', 'core_mail_template_subject', 'Website Creation Failed');
INSERT INTO `contrexx_core_text` (`id`, `lang_id`, `section`, `key`, `text`) VALUES ('16', '1', 'MultiSite', 'core_mail_template_message_html', '<html>\r\n<head>\r\n	<title></title>\r\n</head>\r\n<body>&nbsp;</body>\r\n</html>\r\n');

INSERT INTO `contrexx_languages` (`id`, `lang`, `name`, `charset`, `themesid`, `print_themes_id`, `pdf_themes_id`, `app_themes_id`, `frontend`, `backend`, `is_default`, `mobile_themes_id`) VALUES (1, 'de', 'Deutsch', 'UTF-8', 1, 2, 3, 5, 1, 1, 'true', 1);
INSERT INTO `contrexx_languages` (`id`, `lang`, `name`, `charset`, `themesid`, `print_themes_id`, `pdf_themes_id`, `app_themes_id`, `frontend`, `backend`, `is_default`, `mobile_themes_id`) VALUES (2, 'en', 'English', 'UTF-8', 1, 2, 3, 5, 1, 1, 'false', 1);
INSERT INTO `contrexx_languages` (`id`, `lang`, `name`, `charset`, `themesid`, `print_themes_id`, `pdf_themes_id`, `app_themes_id`, `frontend`, `backend`, `is_default`, `mobile_themes_id`) VALUES (3, 'fr', 'French', 'UTF-8', 1, 2, 3, 5, 0, 0, 'false', 1);
INSERT INTO `contrexx_languages` (`id`, `lang`, `name`, `charset`, `themesid`, `print_themes_id`, `pdf_themes_id`, `app_themes_id`, `frontend`, `backend`, `is_default`, `mobile_themes_id`) VALUES (4, 'it', 'Italian', 'UTF-8', 1, 2, 3, 5, 0, 0, 'false', 1);
INSERT INTO `contrexx_languages` (`id`, `lang`, `name`, `charset`, `themesid`, `print_themes_id`, `pdf_themes_id`, `app_themes_id`, `frontend`, `backend`, `is_default`, `mobile_themes_id`) VALUES (5, 'dk', 'Danish', 'UTF-8', 1, 2, 3, 5, 0, 0, 'false', 1);
INSERT INTO `contrexx_languages` (`id`, `lang`, `name`, `charset`, `themesid`, `print_themes_id`, `pdf_themes_id`, `app_themes_id`, `frontend`, `backend`, `is_default`, `mobile_themes_id`) VALUES (6, 'ru', 'Russian', 'UTF-8', 1, 2, 3, 5, 0, 0, 'false', 1);

INSERT INTO `contrexx_lib_country` (`id`, `name`, `iso_code_2`, `iso_code_3`) VALUES ('1', 'Afghanistan', 'AF', 'AFG');
INSERT INTO `contrexx_lib_country` (`id`, `name`, `iso_code_2`, `iso_code_3`) VALUES ('2', 'Albania', 'AL', 'ALB');
INSERT INTO `contrexx_lib_country` (`id`, `name`, `iso_code_2`, `iso_code_3`) VALUES ('3', 'Algeria', 'DZ', 'DZA');
INSERT INTO `contrexx_lib_country` (`id`, `name`, `iso_code_2`, `iso_code_3`) VALUES ('4', 'American Samoa', 'AS', 'ASM');
INSERT INTO `contrexx_lib_country` (`id`, `name`, `iso_code_2`, `iso_code_3`) VALUES ('5', 'Andorra', 'AD', 'AND');
INSERT INTO `contrexx_lib_country` (`id`, `name`, `iso_code_2`, `iso_code_3`) VALUES ('6', 'Angola', 'AO', 'AGO');
INSERT INTO `contrexx_lib_country` (`id`, `name`, `iso_code_2`, `iso_code_3`) VALUES ('7', 'Anguilla', 'AI', 'AIA');
INSERT INTO `contrexx_lib_country` (`id`, `name`, `iso_code_2`, `iso_code_3`) VALUES ('8', 'Antarctica', 'AQ', 'ATA');
INSERT INTO `contrexx_lib_country` (`id`, `name`, `iso_code_2`, `iso_code_3`) VALUES ('9', 'Antigua and Barbuda', 'AG', 'ATG');
INSERT INTO `contrexx_lib_country` (`id`, `name`, `iso_code_2`, `iso_code_3`) VALUES ('10', 'Argentina', 'AR', 'ARG');
INSERT INTO `contrexx_lib_country` (`id`, `name`, `iso_code_2`, `iso_code_3`) VALUES ('11', 'Armenia', 'AM', 'ARM');
INSERT INTO `contrexx_lib_country` (`id`, `name`, `iso_code_2`, `iso_code_3`) VALUES ('12', 'Aruba', 'AW', 'ABW');
INSERT INTO `contrexx_lib_country` (`id`, `name`, `iso_code_2`, `iso_code_3`) VALUES ('13', 'Australia', 'AU', 'AUS');
INSERT INTO `contrexx_lib_country` (`id`, `name`, `iso_code_2`, `iso_code_3`) VALUES ('14', 'Austria', 'AT', 'AUT');
INSERT INTO `contrexx_lib_country` (`id`, `name`, `iso_code_2`, `iso_code_3`) VALUES ('15', 'Azerbaijan', 'AZ', 'AZE');
INSERT INTO `contrexx_lib_country` (`id`, `name`, `iso_code_2`, `iso_code_3`) VALUES ('16', 'Bahamas', 'BS', 'BHS');
INSERT INTO `contrexx_lib_country` (`id`, `name`, `iso_code_2`, `iso_code_3`) VALUES ('17', 'Bahrain', 'BH', 'BHR');
INSERT INTO `contrexx_lib_country` (`id`, `name`, `iso_code_2`, `iso_code_3`) VALUES ('18', 'Bangladesh', 'BD', 'BGD');
INSERT INTO `contrexx_lib_country` (`id`, `name`, `iso_code_2`, `iso_code_3`) VALUES ('19', 'Barbados', 'BB', 'BRB');
INSERT INTO `contrexx_lib_country` (`id`, `name`, `iso_code_2`, `iso_code_3`) VALUES ('20', 'Belarus', 'BY', 'BLR');
INSERT INTO `contrexx_lib_country` (`id`, `name`, `iso_code_2`, `iso_code_3`) VALUES ('21', 'Belgium', 'BE', 'BEL');
INSERT INTO `contrexx_lib_country` (`id`, `name`, `iso_code_2`, `iso_code_3`) VALUES ('22', 'Belize', 'BZ', 'BLZ');
INSERT INTO `contrexx_lib_country` (`id`, `name`, `iso_code_2`, `iso_code_3`) VALUES ('23', 'Benin', 'BJ', 'BEN');
INSERT INTO `contrexx_lib_country` (`id`, `name`, `iso_code_2`, `iso_code_3`) VALUES ('24', 'Bermuda', 'BM', 'BMU');
INSERT INTO `contrexx_lib_country` (`id`, `name`, `iso_code_2`, `iso_code_3`) VALUES ('25', 'Bhutan', 'BT', 'BTN');
INSERT INTO `contrexx_lib_country` (`id`, `name`, `iso_code_2`, `iso_code_3`) VALUES ('26', 'Bolivia', 'BO', 'BOL');
INSERT INTO `contrexx_lib_country` (`id`, `name`, `iso_code_2`, `iso_code_3`) VALUES ('27', 'Bosnia and Herzegowina', 'BA', 'BIH');
INSERT INTO `contrexx_lib_country` (`id`, `name`, `iso_code_2`, `iso_code_3`) VALUES ('28', 'Botswana', 'BW', 'BWA');
INSERT INTO `contrexx_lib_country` (`id`, `name`, `iso_code_2`, `iso_code_3`) VALUES ('29', 'Bouvet Island', 'BV', 'BVT');
INSERT INTO `contrexx_lib_country` (`id`, `name`, `iso_code_2`, `iso_code_3`) VALUES ('30', 'Brazil', 'BR', 'BRA');
INSERT INTO `contrexx_lib_country` (`id`, `name`, `iso_code_2`, `iso_code_3`) VALUES ('31', 'British Indian Ocean Territory', 'IO', 'IOT');
INSERT INTO `contrexx_lib_country` (`id`, `name`, `iso_code_2`, `iso_code_3`) VALUES ('32', 'Brunei Darussalam', 'BN', 'BRN');
INSERT INTO `contrexx_lib_country` (`id`, `name`, `iso_code_2`, `iso_code_3`) VALUES ('33', 'Bulgaria', 'BG', 'BGR');
INSERT INTO `contrexx_lib_country` (`id`, `name`, `iso_code_2`, `iso_code_3`) VALUES ('34', 'Burkina Faso', 'BF', 'BFA');
INSERT INTO `contrexx_lib_country` (`id`, `name`, `iso_code_2`, `iso_code_3`) VALUES ('35', 'Burundi', 'BI', 'BDI');
INSERT INTO `contrexx_lib_country` (`id`, `name`, `iso_code_2`, `iso_code_3`) VALUES ('36', 'Cambodia', 'KH', 'KHM');
INSERT INTO `contrexx_lib_country` (`id`, `name`, `iso_code_2`, `iso_code_3`) VALUES ('37', 'Cameroon', 'CM', 'CMR');
INSERT INTO `contrexx_lib_country` (`id`, `name`, `iso_code_2`, `iso_code_3`) VALUES ('38', 'Canada', 'CA', 'CAN');
INSERT INTO `contrexx_lib_country` (`id`, `name`, `iso_code_2`, `iso_code_3`) VALUES ('39', 'Cape Verde', 'CV', 'CPV');
INSERT INTO `contrexx_lib_country` (`id`, `name`, `iso_code_2`, `iso_code_3`) VALUES ('40', 'Cayman Islands', 'KY', 'CYM');
INSERT INTO `contrexx_lib_country` (`id`, `name`, `iso_code_2`, `iso_code_3`) VALUES ('41', 'Central African Republic', 'CF', 'CAF');
INSERT INTO `contrexx_lib_country` (`id`, `name`, `iso_code_2`, `iso_code_3`) VALUES ('42', 'Chad', 'TD', 'TCD');
INSERT INTO `contrexx_lib_country` (`id`, `name`, `iso_code_2`, `iso_code_3`) VALUES ('43', 'Chile', 'CL', 'CHL');
INSERT INTO `contrexx_lib_country` (`id`, `name`, `iso_code_2`, `iso_code_3`) VALUES ('44', 'China', 'CN', 'CHN');
INSERT INTO `contrexx_lib_country` (`id`, `name`, `iso_code_2`, `iso_code_3`) VALUES ('45', 'Christmas Island', 'CX', 'CXR');
INSERT INTO `contrexx_lib_country` (`id`, `name`, `iso_code_2`, `iso_code_3`) VALUES ('46', 'Cocos (Keeling) Islands', 'CC', 'CCK');
INSERT INTO `contrexx_lib_country` (`id`, `name`, `iso_code_2`, `iso_code_3`) VALUES ('47', 'Colombia', 'CO', 'COL');
INSERT INTO `contrexx_lib_country` (`id`, `name`, `iso_code_2`, `iso_code_3`) VALUES ('48', 'Comoros', 'KM', 'COM');
INSERT INTO `contrexx_lib_country` (`id`, `name`, `iso_code_2`, `iso_code_3`) VALUES ('49', 'Congo', 'CG', 'COG');
INSERT INTO `contrexx_lib_country` (`id`, `name`, `iso_code_2`, `iso_code_3`) VALUES ('50', 'Cook Islands', 'CK', 'COK');
INSERT INTO `contrexx_lib_country` (`id`, `name`, `iso_code_2`, `iso_code_3`) VALUES ('51', 'Costa Rica', 'CR', 'CRI');
INSERT INTO `contrexx_lib_country` (`id`, `name`, `iso_code_2`, `iso_code_3`) VALUES ('52', 'Cote D\'Ivoire', 'CI', 'CIV');
INSERT INTO `contrexx_lib_country` (`id`, `name`, `iso_code_2`, `iso_code_3`) VALUES ('53', 'Croatia', 'HR', 'HRV');
INSERT INTO `contrexx_lib_country` (`id`, `name`, `iso_code_2`, `iso_code_3`) VALUES ('54', 'Cuba', 'CU', 'CUB');
INSERT INTO `contrexx_lib_country` (`id`, `name`, `iso_code_2`, `iso_code_3`) VALUES ('55', 'Cyprus', 'CY', 'CYP');
INSERT INTO `contrexx_lib_country` (`id`, `name`, `iso_code_2`, `iso_code_3`) VALUES ('56', 'Czech Republic', 'CZ', 'CZE');
INSERT INTO `contrexx_lib_country` (`id`, `name`, `iso_code_2`, `iso_code_3`) VALUES ('57', 'Denmark', 'DK', 'DNK');
INSERT INTO `contrexx_lib_country` (`id`, `name`, `iso_code_2`, `iso_code_3`) VALUES ('58', 'Djibouti', 'DJ', 'DJI');
INSERT INTO `contrexx_lib_country` (`id`, `name`, `iso_code_2`, `iso_code_3`) VALUES ('59', 'Dominica', 'DM', 'DMA');
INSERT INTO `contrexx_lib_country` (`id`, `name`, `iso_code_2`, `iso_code_3`) VALUES ('60', 'Dominican Republic', 'DO', 'DOM');
INSERT INTO `contrexx_lib_country` (`id`, `name`, `iso_code_2`, `iso_code_3`) VALUES ('61', 'East Timor', 'TP', 'TMP');
INSERT INTO `contrexx_lib_country` (`id`, `name`, `iso_code_2`, `iso_code_3`) VALUES ('62', 'Ecuador', 'EC', 'ECU');
INSERT INTO `contrexx_lib_country` (`id`, `name`, `iso_code_2`, `iso_code_3`) VALUES ('63', 'Egypt', 'EG', 'EGY');
INSERT INTO `contrexx_lib_country` (`id`, `name`, `iso_code_2`, `iso_code_3`) VALUES ('64', 'El Salvador', 'SV', 'SLV');
INSERT INTO `contrexx_lib_country` (`id`, `name`, `iso_code_2`, `iso_code_3`) VALUES ('65', 'Equatorial Guinea', 'GQ', 'GNQ');
INSERT INTO `contrexx_lib_country` (`id`, `name`, `iso_code_2`, `iso_code_3`) VALUES ('66', 'Eritrea', 'ER', 'ERI');
INSERT INTO `contrexx_lib_country` (`id`, `name`, `iso_code_2`, `iso_code_3`) VALUES ('67', 'Estonia', 'EE', 'EST');
INSERT INTO `contrexx_lib_country` (`id`, `name`, `iso_code_2`, `iso_code_3`) VALUES ('68', 'Ethiopia', 'ET', 'ETH');
INSERT INTO `contrexx_lib_country` (`id`, `name`, `iso_code_2`, `iso_code_3`) VALUES ('69', 'Falkland Islands (Malvinas)', 'FK', 'FLK');
INSERT INTO `contrexx_lib_country` (`id`, `name`, `iso_code_2`, `iso_code_3`) VALUES ('70', 'Faroe Islands', 'FO', 'FRO');
INSERT INTO `contrexx_lib_country` (`id`, `name`, `iso_code_2`, `iso_code_3`) VALUES ('71', 'Fiji', 'FJ', 'FJI');
INSERT INTO `contrexx_lib_country` (`id`, `name`, `iso_code_2`, `iso_code_3`) VALUES ('72', 'Finland', 'FI', 'FIN');
INSERT INTO `contrexx_lib_country` (`id`, `name`, `iso_code_2`, `iso_code_3`) VALUES ('73', 'France', 'FR', 'FRA');
INSERT INTO `contrexx_lib_country` (`id`, `name`, `iso_code_2`, `iso_code_3`) VALUES ('74', 'France, Metropolitan', 'FX', 'FXX');
INSERT INTO `contrexx_lib_country` (`id`, `name`, `iso_code_2`, `iso_code_3`) VALUES ('75', 'French Guiana', 'GF', 'GUF');
INSERT INTO `contrexx_lib_country` (`id`, `name`, `iso_code_2`, `iso_code_3`) VALUES ('76', 'French Polynesia', 'PF', 'PYF');
INSERT INTO `contrexx_lib_country` (`id`, `name`, `iso_code_2`, `iso_code_3`) VALUES ('77', 'French Southern Territories', 'TF', 'ATF');
INSERT INTO `contrexx_lib_country` (`id`, `name`, `iso_code_2`, `iso_code_3`) VALUES ('78', 'Gabon', 'GA', 'GAB');
INSERT INTO `contrexx_lib_country` (`id`, `name`, `iso_code_2`, `iso_code_3`) VALUES ('79', 'Gambia', 'GM', 'GMB');
INSERT INTO `contrexx_lib_country` (`id`, `name`, `iso_code_2`, `iso_code_3`) VALUES ('80', 'Georgia', 'GE', 'GEO');
INSERT INTO `contrexx_lib_country` (`id`, `name`, `iso_code_2`, `iso_code_3`) VALUES ('81', 'Germany', 'DE', 'DEU');
INSERT INTO `contrexx_lib_country` (`id`, `name`, `iso_code_2`, `iso_code_3`) VALUES ('82', 'Ghana', 'GH', 'GHA');
INSERT INTO `contrexx_lib_country` (`id`, `name`, `iso_code_2`, `iso_code_3`) VALUES ('83', 'Gibraltar', 'GI', 'GIB');
INSERT INTO `contrexx_lib_country` (`id`, `name`, `iso_code_2`, `iso_code_3`) VALUES ('84', 'Greece', 'GR', 'GRC');
INSERT INTO `contrexx_lib_country` (`id`, `name`, `iso_code_2`, `iso_code_3`) VALUES ('85', 'Greenland', 'GL', 'GRL');
INSERT INTO `contrexx_lib_country` (`id`, `name`, `iso_code_2`, `iso_code_3`) VALUES ('86', 'Grenada', 'GD', 'GRD');
INSERT INTO `contrexx_lib_country` (`id`, `name`, `iso_code_2`, `iso_code_3`) VALUES ('87', 'Guadeloupe', 'GP', 'GLP');
INSERT INTO `contrexx_lib_country` (`id`, `name`, `iso_code_2`, `iso_code_3`) VALUES ('88', 'Guam', 'GU', 'GUM');
INSERT INTO `contrexx_lib_country` (`id`, `name`, `iso_code_2`, `iso_code_3`) VALUES ('89', 'Guatemala', 'GT', 'GTM');
INSERT INTO `contrexx_lib_country` (`id`, `name`, `iso_code_2`, `iso_code_3`) VALUES ('90', 'Guinea', 'GN', 'GIN');
INSERT INTO `contrexx_lib_country` (`id`, `name`, `iso_code_2`, `iso_code_3`) VALUES ('91', 'Guinea-bissau', 'GW', 'GNB');
INSERT INTO `contrexx_lib_country` (`id`, `name`, `iso_code_2`, `iso_code_3`) VALUES ('92', 'Guyana', 'GY', 'GUY');
INSERT INTO `contrexx_lib_country` (`id`, `name`, `iso_code_2`, `iso_code_3`) VALUES ('93', 'Haiti', 'HT', 'HTI');
INSERT INTO `contrexx_lib_country` (`id`, `name`, `iso_code_2`, `iso_code_3`) VALUES ('94', 'Heard and Mc Donald Islands', 'HM', 'HMD');
INSERT INTO `contrexx_lib_country` (`id`, `name`, `iso_code_2`, `iso_code_3`) VALUES ('95', 'Honduras', 'HN', 'HND');
INSERT INTO `contrexx_lib_country` (`id`, `name`, `iso_code_2`, `iso_code_3`) VALUES ('96', 'Hong Kong', 'HK', 'HKG');
INSERT INTO `contrexx_lib_country` (`id`, `name`, `iso_code_2`, `iso_code_3`) VALUES ('97', 'Hungary', 'HU', 'HUN');
INSERT INTO `contrexx_lib_country` (`id`, `name`, `iso_code_2`, `iso_code_3`) VALUES ('98', 'Iceland', 'IS', 'ISL');
INSERT INTO `contrexx_lib_country` (`id`, `name`, `iso_code_2`, `iso_code_3`) VALUES ('99', 'India', 'IN', 'IND');
INSERT INTO `contrexx_lib_country` (`id`, `name`, `iso_code_2`, `iso_code_3`) VALUES ('100', 'Indonesia', 'ID', 'IDN');
INSERT INTO `contrexx_lib_country` (`id`, `name`, `iso_code_2`, `iso_code_3`) VALUES ('101', 'Iran (Islamic Republic of)', 'IR', 'IRN');
INSERT INTO `contrexx_lib_country` (`id`, `name`, `iso_code_2`, `iso_code_3`) VALUES ('102', 'Iraq', 'IQ', 'IRQ');
INSERT INTO `contrexx_lib_country` (`id`, `name`, `iso_code_2`, `iso_code_3`) VALUES ('103', 'Ireland', 'IE', 'IRL');
INSERT INTO `contrexx_lib_country` (`id`, `name`, `iso_code_2`, `iso_code_3`) VALUES ('104', 'Israel', 'IL', 'ISR');
INSERT INTO `contrexx_lib_country` (`id`, `name`, `iso_code_2`, `iso_code_3`) VALUES ('105', 'Italy', 'IT', 'ITA');
INSERT INTO `contrexx_lib_country` (`id`, `name`, `iso_code_2`, `iso_code_3`) VALUES ('106', 'Jamaica', 'JM', 'JAM');
INSERT INTO `contrexx_lib_country` (`id`, `name`, `iso_code_2`, `iso_code_3`) VALUES ('107', 'Japan', 'JP', 'JPN');
INSERT INTO `contrexx_lib_country` (`id`, `name`, `iso_code_2`, `iso_code_3`) VALUES ('108', 'Jordan', 'JO', 'JOR');
INSERT INTO `contrexx_lib_country` (`id`, `name`, `iso_code_2`, `iso_code_3`) VALUES ('109', 'Kazakhstan', 'KZ', 'KAZ');
INSERT INTO `contrexx_lib_country` (`id`, `name`, `iso_code_2`, `iso_code_3`) VALUES ('110', 'Kenya', 'KE', 'KEN');
INSERT INTO `contrexx_lib_country` (`id`, `name`, `iso_code_2`, `iso_code_3`) VALUES ('111', 'Kiribati', 'KI', 'KIR');
INSERT INTO `contrexx_lib_country` (`id`, `name`, `iso_code_2`, `iso_code_3`) VALUES ('112', 'Korea, Democratic People\'s Republic of', 'KP', 'PRK');
INSERT INTO `contrexx_lib_country` (`id`, `name`, `iso_code_2`, `iso_code_3`) VALUES ('113', 'Korea, Republic of', 'KR', 'KOR');
INSERT INTO `contrexx_lib_country` (`id`, `name`, `iso_code_2`, `iso_code_3`) VALUES ('114', 'Kuwait', 'KW', 'KWT');
INSERT INTO `contrexx_lib_country` (`id`, `name`, `iso_code_2`, `iso_code_3`) VALUES ('115', 'Kyrgyzstan', 'KG', 'KGZ');
INSERT INTO `contrexx_lib_country` (`id`, `name`, `iso_code_2`, `iso_code_3`) VALUES ('116', 'Lao People\'s Democratic Republic', 'LA', 'LAO');
INSERT INTO `contrexx_lib_country` (`id`, `name`, `iso_code_2`, `iso_code_3`) VALUES ('117', 'Latvia', 'LV', 'LVA');
INSERT INTO `contrexx_lib_country` (`id`, `name`, `iso_code_2`, `iso_code_3`) VALUES ('118', 'Lebanon', 'LB', 'LBN');
INSERT INTO `contrexx_lib_country` (`id`, `name`, `iso_code_2`, `iso_code_3`) VALUES ('119', 'Lesotho', 'LS', 'LSO');
INSERT INTO `contrexx_lib_country` (`id`, `name`, `iso_code_2`, `iso_code_3`) VALUES ('120', 'Liberia', 'LR', 'LBR');
INSERT INTO `contrexx_lib_country` (`id`, `name`, `iso_code_2`, `iso_code_3`) VALUES ('121', 'Libyan Arab Jamahiriya', 'LY', 'LBY');
INSERT INTO `contrexx_lib_country` (`id`, `name`, `iso_code_2`, `iso_code_3`) VALUES ('122', 'Liechtenstein', 'LI', 'LIE');
INSERT INTO `contrexx_lib_country` (`id`, `name`, `iso_code_2`, `iso_code_3`) VALUES ('123', 'Lithuania', 'LT', 'LTU');
INSERT INTO `contrexx_lib_country` (`id`, `name`, `iso_code_2`, `iso_code_3`) VALUES ('124', 'Luxembourg', 'LU', 'LUX');
INSERT INTO `contrexx_lib_country` (`id`, `name`, `iso_code_2`, `iso_code_3`) VALUES ('125', 'Macau', 'MO', 'MAC');
INSERT INTO `contrexx_lib_country` (`id`, `name`, `iso_code_2`, `iso_code_3`) VALUES ('126', 'Macedonia, The Former Yugoslav Republic of', 'MK', 'MKD');
INSERT INTO `contrexx_lib_country` (`id`, `name`, `iso_code_2`, `iso_code_3`) VALUES ('127', 'Madagascar', 'MG', 'MDG');
INSERT INTO `contrexx_lib_country` (`id`, `name`, `iso_code_2`, `iso_code_3`) VALUES ('128', 'Malawi', 'MW', 'MWI');
INSERT INTO `contrexx_lib_country` (`id`, `name`, `iso_code_2`, `iso_code_3`) VALUES ('129', 'Malaysia', 'MY', 'MYS');
INSERT INTO `contrexx_lib_country` (`id`, `name`, `iso_code_2`, `iso_code_3`) VALUES ('130', 'Maldives', 'MV', 'MDV');
INSERT INTO `contrexx_lib_country` (`id`, `name`, `iso_code_2`, `iso_code_3`) VALUES ('131', 'Mali', 'ML', 'MLI');
INSERT INTO `contrexx_lib_country` (`id`, `name`, `iso_code_2`, `iso_code_3`) VALUES ('132', 'Malta', 'MT', 'MLT');
INSERT INTO `contrexx_lib_country` (`id`, `name`, `iso_code_2`, `iso_code_3`) VALUES ('133', 'Marshall Islands', 'MH', 'MHL');
INSERT INTO `contrexx_lib_country` (`id`, `name`, `iso_code_2`, `iso_code_3`) VALUES ('134', 'Martinique', 'MQ', 'MTQ');
INSERT INTO `contrexx_lib_country` (`id`, `name`, `iso_code_2`, `iso_code_3`) VALUES ('135', 'Mauritania', 'MR', 'MRT');
INSERT INTO `contrexx_lib_country` (`id`, `name`, `iso_code_2`, `iso_code_3`) VALUES ('136', 'Mauritius', 'MU', 'MUS');
INSERT INTO `contrexx_lib_country` (`id`, `name`, `iso_code_2`, `iso_code_3`) VALUES ('137', 'Mayotte', 'YT', 'MYT');
INSERT INTO `contrexx_lib_country` (`id`, `name`, `iso_code_2`, `iso_code_3`) VALUES ('138', 'Mexico', 'MX', 'MEX');
INSERT INTO `contrexx_lib_country` (`id`, `name`, `iso_code_2`, `iso_code_3`) VALUES ('139', 'Micronesia, Federated States of', 'FM', 'FSM');
INSERT INTO `contrexx_lib_country` (`id`, `name`, `iso_code_2`, `iso_code_3`) VALUES ('140', 'Moldova, Republic of', 'MD', 'MDA');
INSERT INTO `contrexx_lib_country` (`id`, `name`, `iso_code_2`, `iso_code_3`) VALUES ('141', 'Monaco', 'MC', 'MCO');
INSERT INTO `contrexx_lib_country` (`id`, `name`, `iso_code_2`, `iso_code_3`) VALUES ('142', 'Mongolia', 'MN', 'MNG');
INSERT INTO `contrexx_lib_country` (`id`, `name`, `iso_code_2`, `iso_code_3`) VALUES ('143', 'Montserrat', 'MS', 'MSR');
INSERT INTO `contrexx_lib_country` (`id`, `name`, `iso_code_2`, `iso_code_3`) VALUES ('144', 'Morocco', 'MA', 'MAR');
INSERT INTO `contrexx_lib_country` (`id`, `name`, `iso_code_2`, `iso_code_3`) VALUES ('145', 'Mozambique', 'MZ', 'MOZ');
INSERT INTO `contrexx_lib_country` (`id`, `name`, `iso_code_2`, `iso_code_3`) VALUES ('146', 'Myanmar', 'MM', 'MMR');
INSERT INTO `contrexx_lib_country` (`id`, `name`, `iso_code_2`, `iso_code_3`) VALUES ('147', 'Namibia', 'NA', 'NAM');
INSERT INTO `contrexx_lib_country` (`id`, `name`, `iso_code_2`, `iso_code_3`) VALUES ('148', 'Nauru', 'NR', 'NRU');
INSERT INTO `contrexx_lib_country` (`id`, `name`, `iso_code_2`, `iso_code_3`) VALUES ('149', 'Nepal', 'NP', 'NPL');
INSERT INTO `contrexx_lib_country` (`id`, `name`, `iso_code_2`, `iso_code_3`) VALUES ('150', 'Netherlands', 'NL', 'NLD');
INSERT INTO `contrexx_lib_country` (`id`, `name`, `iso_code_2`, `iso_code_3`) VALUES ('151', 'Netherlands Antilles', 'AN', 'ANT');
INSERT INTO `contrexx_lib_country` (`id`, `name`, `iso_code_2`, `iso_code_3`) VALUES ('152', 'New Caledonia', 'NC', 'NCL');
INSERT INTO `contrexx_lib_country` (`id`, `name`, `iso_code_2`, `iso_code_3`) VALUES ('153', 'New Zealand', 'NZ', 'NZL');
INSERT INTO `contrexx_lib_country` (`id`, `name`, `iso_code_2`, `iso_code_3`) VALUES ('154', 'Nicaragua', 'NI', 'NIC');
INSERT INTO `contrexx_lib_country` (`id`, `name`, `iso_code_2`, `iso_code_3`) VALUES ('155', 'Niger', 'NE', 'NER');
INSERT INTO `contrexx_lib_country` (`id`, `name`, `iso_code_2`, `iso_code_3`) VALUES ('156', 'Nigeria', 'NG', 'NGA');
INSERT INTO `contrexx_lib_country` (`id`, `name`, `iso_code_2`, `iso_code_3`) VALUES ('157', 'Niue', 'NU', 'NIU');
INSERT INTO `contrexx_lib_country` (`id`, `name`, `iso_code_2`, `iso_code_3`) VALUES ('158', 'Norfolk Island', 'NF', 'NFK');
INSERT INTO `contrexx_lib_country` (`id`, `name`, `iso_code_2`, `iso_code_3`) VALUES ('159', 'Northern Mariana Islands', 'MP', 'MNP');
INSERT INTO `contrexx_lib_country` (`id`, `name`, `iso_code_2`, `iso_code_3`) VALUES ('160', 'Norway', 'NO', 'NOR');
INSERT INTO `contrexx_lib_country` (`id`, `name`, `iso_code_2`, `iso_code_3`) VALUES ('161', 'Oman', 'OM', 'OMN');
INSERT INTO `contrexx_lib_country` (`id`, `name`, `iso_code_2`, `iso_code_3`) VALUES ('162', 'Pakistan', 'PK', 'PAK');
INSERT INTO `contrexx_lib_country` (`id`, `name`, `iso_code_2`, `iso_code_3`) VALUES ('163', 'Palau', 'PW', 'PLW');
INSERT INTO `contrexx_lib_country` (`id`, `name`, `iso_code_2`, `iso_code_3`) VALUES ('164', 'Panama', 'PA', 'PAN');
INSERT INTO `contrexx_lib_country` (`id`, `name`, `iso_code_2`, `iso_code_3`) VALUES ('165', 'Papua New Guinea', 'PG', 'PNG');
INSERT INTO `contrexx_lib_country` (`id`, `name`, `iso_code_2`, `iso_code_3`) VALUES ('166', 'Paraguay', 'PY', 'PRY');
INSERT INTO `contrexx_lib_country` (`id`, `name`, `iso_code_2`, `iso_code_3`) VALUES ('167', 'Peru', 'PE', 'PER');
INSERT INTO `contrexx_lib_country` (`id`, `name`, `iso_code_2`, `iso_code_3`) VALUES ('168', 'Philippines', 'PH', 'PHL');
INSERT INTO `contrexx_lib_country` (`id`, `name`, `iso_code_2`, `iso_code_3`) VALUES ('169', 'Pitcairn', 'PN', 'PCN');
INSERT INTO `contrexx_lib_country` (`id`, `name`, `iso_code_2`, `iso_code_3`) VALUES ('170', 'Poland', 'PL', 'POL');
INSERT INTO `contrexx_lib_country` (`id`, `name`, `iso_code_2`, `iso_code_3`) VALUES ('171', 'Portugal', 'PT', 'PRT');
INSERT INTO `contrexx_lib_country` (`id`, `name`, `iso_code_2`, `iso_code_3`) VALUES ('172', 'Puerto Rico', 'PR', 'PRI');
INSERT INTO `contrexx_lib_country` (`id`, `name`, `iso_code_2`, `iso_code_3`) VALUES ('173', 'Qatar', 'QA', 'QAT');
INSERT INTO `contrexx_lib_country` (`id`, `name`, `iso_code_2`, `iso_code_3`) VALUES ('174', 'Reunion', 'RE', 'REU');
INSERT INTO `contrexx_lib_country` (`id`, `name`, `iso_code_2`, `iso_code_3`) VALUES ('175', 'Romania', 'RO', 'ROM');
INSERT INTO `contrexx_lib_country` (`id`, `name`, `iso_code_2`, `iso_code_3`) VALUES ('176', 'Russian Federation', 'RU', 'RUS');
INSERT INTO `contrexx_lib_country` (`id`, `name`, `iso_code_2`, `iso_code_3`) VALUES ('177', 'Rwanda', 'RW', 'RWA');
INSERT INTO `contrexx_lib_country` (`id`, `name`, `iso_code_2`, `iso_code_3`) VALUES ('178', 'Saint Kitts and Nevis', 'KN', 'KNA');
INSERT INTO `contrexx_lib_country` (`id`, `name`, `iso_code_2`, `iso_code_3`) VALUES ('179', 'Saint Lucia', 'LC', 'LCA');
INSERT INTO `contrexx_lib_country` (`id`, `name`, `iso_code_2`, `iso_code_3`) VALUES ('180', 'Saint Vincent and the Grenadines', 'VC', 'VCT');
INSERT INTO `contrexx_lib_country` (`id`, `name`, `iso_code_2`, `iso_code_3`) VALUES ('181', 'Samoa', 'WS', 'WSM');
INSERT INTO `contrexx_lib_country` (`id`, `name`, `iso_code_2`, `iso_code_3`) VALUES ('182', 'San Marino', 'SM', 'SMR');
INSERT INTO `contrexx_lib_country` (`id`, `name`, `iso_code_2`, `iso_code_3`) VALUES ('183', 'Sao Tome and Principe', 'ST', 'STP');
INSERT INTO `contrexx_lib_country` (`id`, `name`, `iso_code_2`, `iso_code_3`) VALUES ('184', 'Saudi Arabia', 'SA', 'SAU');
INSERT INTO `contrexx_lib_country` (`id`, `name`, `iso_code_2`, `iso_code_3`) VALUES ('185', 'Senegal', 'SN', 'SEN');
INSERT INTO `contrexx_lib_country` (`id`, `name`, `iso_code_2`, `iso_code_3`) VALUES ('186', 'Seychelles', 'SC', 'SYC');
INSERT INTO `contrexx_lib_country` (`id`, `name`, `iso_code_2`, `iso_code_3`) VALUES ('187', 'Sierra Leone', 'SL', 'SLE');
INSERT INTO `contrexx_lib_country` (`id`, `name`, `iso_code_2`, `iso_code_3`) VALUES ('188', 'Singapore', 'SG', 'SGP');
INSERT INTO `contrexx_lib_country` (`id`, `name`, `iso_code_2`, `iso_code_3`) VALUES ('189', 'Slovakia (Slovak Republic)', 'SK', 'SVK');
INSERT INTO `contrexx_lib_country` (`id`, `name`, `iso_code_2`, `iso_code_3`) VALUES ('190', 'Slovenia', 'SI', 'SVN');
INSERT INTO `contrexx_lib_country` (`id`, `name`, `iso_code_2`, `iso_code_3`) VALUES ('191', 'Solomon Islands', 'SB', 'SLB');
INSERT INTO `contrexx_lib_country` (`id`, `name`, `iso_code_2`, `iso_code_3`) VALUES ('192', 'Somalia', 'SO', 'SOM');
INSERT INTO `contrexx_lib_country` (`id`, `name`, `iso_code_2`, `iso_code_3`) VALUES ('193', 'South Africa', 'ZA', 'ZAF');
INSERT INTO `contrexx_lib_country` (`id`, `name`, `iso_code_2`, `iso_code_3`) VALUES ('194', 'South Georgia and the South Sandwich Islands', 'GS', 'SGS');
INSERT INTO `contrexx_lib_country` (`id`, `name`, `iso_code_2`, `iso_code_3`) VALUES ('195', 'Spain', 'ES', 'ESP');
INSERT INTO `contrexx_lib_country` (`id`, `name`, `iso_code_2`, `iso_code_3`) VALUES ('196', 'Sri Lanka', 'LK', 'LKA');
INSERT INTO `contrexx_lib_country` (`id`, `name`, `iso_code_2`, `iso_code_3`) VALUES ('197', 'St. Helena', 'SH', 'SHN');
INSERT INTO `contrexx_lib_country` (`id`, `name`, `iso_code_2`, `iso_code_3`) VALUES ('198', 'St. Pierre and Miquelon', 'PM', 'SPM');
INSERT INTO `contrexx_lib_country` (`id`, `name`, `iso_code_2`, `iso_code_3`) VALUES ('199', 'Sudan', 'SD', 'SDN');
INSERT INTO `contrexx_lib_country` (`id`, `name`, `iso_code_2`, `iso_code_3`) VALUES ('200', 'Suriname', 'SR', 'SUR');
INSERT INTO `contrexx_lib_country` (`id`, `name`, `iso_code_2`, `iso_code_3`) VALUES ('201', 'Svalbard and Jan Mayen Islands', 'SJ', 'SJM');
INSERT INTO `contrexx_lib_country` (`id`, `name`, `iso_code_2`, `iso_code_3`) VALUES ('202', 'Swaziland', 'SZ', 'SWZ');
INSERT INTO `contrexx_lib_country` (`id`, `name`, `iso_code_2`, `iso_code_3`) VALUES ('203', 'Sweden', 'SE', 'SWE');
INSERT INTO `contrexx_lib_country` (`id`, `name`, `iso_code_2`, `iso_code_3`) VALUES ('204', 'Switzerland', 'CH', 'CHE');
INSERT INTO `contrexx_lib_country` (`id`, `name`, `iso_code_2`, `iso_code_3`) VALUES ('205', 'Syrian Arab Republic', 'SY', 'SYR');
INSERT INTO `contrexx_lib_country` (`id`, `name`, `iso_code_2`, `iso_code_3`) VALUES ('206', 'Taiwan', 'TW', 'TWN');
INSERT INTO `contrexx_lib_country` (`id`, `name`, `iso_code_2`, `iso_code_3`) VALUES ('207', 'Tajikistan', 'TJ', 'TJK');
INSERT INTO `contrexx_lib_country` (`id`, `name`, `iso_code_2`, `iso_code_3`) VALUES ('208', 'Tanzania, United Republic of', 'TZ', 'TZA');
INSERT INTO `contrexx_lib_country` (`id`, `name`, `iso_code_2`, `iso_code_3`) VALUES ('209', 'Thailand', 'TH', 'THA');
INSERT INTO `contrexx_lib_country` (`id`, `name`, `iso_code_2`, `iso_code_3`) VALUES ('210', 'Togo', 'TG', 'TGO');
INSERT INTO `contrexx_lib_country` (`id`, `name`, `iso_code_2`, `iso_code_3`) VALUES ('211', 'Tokelau', 'TK', 'TKL');
INSERT INTO `contrexx_lib_country` (`id`, `name`, `iso_code_2`, `iso_code_3`) VALUES ('212', 'Tonga', 'TO', 'TON');
INSERT INTO `contrexx_lib_country` (`id`, `name`, `iso_code_2`, `iso_code_3`) VALUES ('213', 'Trinidad and Tobago', 'TT', 'TTO');
INSERT INTO `contrexx_lib_country` (`id`, `name`, `iso_code_2`, `iso_code_3`) VALUES ('214', 'Tunisia', 'TN', 'TUN');
INSERT INTO `contrexx_lib_country` (`id`, `name`, `iso_code_2`, `iso_code_3`) VALUES ('215', 'Turkey', 'TR', 'TUR');
INSERT INTO `contrexx_lib_country` (`id`, `name`, `iso_code_2`, `iso_code_3`) VALUES ('216', 'Turkmenistan', 'TM', 'TKM');
INSERT INTO `contrexx_lib_country` (`id`, `name`, `iso_code_2`, `iso_code_3`) VALUES ('217', 'Turks and Caicos Islands', 'TC', 'TCA');
INSERT INTO `contrexx_lib_country` (`id`, `name`, `iso_code_2`, `iso_code_3`) VALUES ('218', 'Tuvalu', 'TV', 'TUV');
INSERT INTO `contrexx_lib_country` (`id`, `name`, `iso_code_2`, `iso_code_3`) VALUES ('219', 'Uganda', 'UG', 'UGA');
INSERT INTO `contrexx_lib_country` (`id`, `name`, `iso_code_2`, `iso_code_3`) VALUES ('220', 'Ukraine', 'UA', 'UKR');
INSERT INTO `contrexx_lib_country` (`id`, `name`, `iso_code_2`, `iso_code_3`) VALUES ('221', 'United Arab Emirates', 'AE', 'ARE');
INSERT INTO `contrexx_lib_country` (`id`, `name`, `iso_code_2`, `iso_code_3`) VALUES ('222', 'United Kingdom', 'GB', 'GBR');
INSERT INTO `contrexx_lib_country` (`id`, `name`, `iso_code_2`, `iso_code_3`) VALUES ('223', 'United States', 'US', 'USA');
INSERT INTO `contrexx_lib_country` (`id`, `name`, `iso_code_2`, `iso_code_3`) VALUES ('224', 'United States Minor Outlying Islands', 'UM', 'UMI');
INSERT INTO `contrexx_lib_country` (`id`, `name`, `iso_code_2`, `iso_code_3`) VALUES ('225', 'Uruguay', 'UY', 'URY');
INSERT INTO `contrexx_lib_country` (`id`, `name`, `iso_code_2`, `iso_code_3`) VALUES ('226', 'Uzbekistan', 'UZ', 'UZB');
INSERT INTO `contrexx_lib_country` (`id`, `name`, `iso_code_2`, `iso_code_3`) VALUES ('227', 'Vanuatu', 'VU', 'VUT');
INSERT INTO `contrexx_lib_country` (`id`, `name`, `iso_code_2`, `iso_code_3`) VALUES ('228', 'Vatican City State (Holy See)', 'VA', 'VAT');
INSERT INTO `contrexx_lib_country` (`id`, `name`, `iso_code_2`, `iso_code_3`) VALUES ('229', 'Venezuela', 'VE', 'VEN');
INSERT INTO `contrexx_lib_country` (`id`, `name`, `iso_code_2`, `iso_code_3`) VALUES ('230', 'Viet Nam', 'VN', 'VNM');
INSERT INTO `contrexx_lib_country` (`id`, `name`, `iso_code_2`, `iso_code_3`) VALUES ('231', 'Virgin Islands (British)', 'VG', 'VGB');
INSERT INTO `contrexx_lib_country` (`id`, `name`, `iso_code_2`, `iso_code_3`) VALUES ('232', 'Virgin Islands (U.S.)', 'VI', 'VIR');
INSERT INTO `contrexx_lib_country` (`id`, `name`, `iso_code_2`, `iso_code_3`) VALUES ('233', 'Wallis and Futuna Islands', 'WF', 'WLF');
INSERT INTO `contrexx_lib_country` (`id`, `name`, `iso_code_2`, `iso_code_3`) VALUES ('234', 'Western Sahara', 'EH', 'ESH');
INSERT INTO `contrexx_lib_country` (`id`, `name`, `iso_code_2`, `iso_code_3`) VALUES ('235', 'Yemen', 'YE', 'YEM');
INSERT INTO `contrexx_lib_country` (`id`, `name`, `iso_code_2`, `iso_code_3`) VALUES ('236', 'Yugoslavia', 'YU', 'YUG');
INSERT INTO `contrexx_lib_country` (`id`, `name`, `iso_code_2`, `iso_code_3`) VALUES ('237', 'Zaire', 'ZR', 'ZAR');
INSERT INTO `contrexx_lib_country` (`id`, `name`, `iso_code_2`, `iso_code_3`) VALUES ('238', 'Zambia', 'ZM', 'ZMB');
INSERT INTO `contrexx_lib_country` (`id`, `name`, `iso_code_2`, `iso_code_3`) VALUES ('239', 'Zimbabwe', 'ZW', 'ZWE');

INSERT INTO `contrexx_modules` (`id`, `name`, `distributor`, `description_variable`, `status`, `is_required`, `is_active`, `is_core`) VALUES (0, '', 'Comvation AG', '', 'n', 0, 0, 1);
INSERT INTO `contrexx_modules` (`id`, `name`, `distributor`, `description_variable`, `status`, `is_required`, `is_active`, `is_core`) VALUES (1, 'core', 'Comvation AG', 'TXT_CORE_MODULE_DESCRIPTION', 'n', 1, 1, 1);
INSERT INTO `contrexx_modules` (`id`, `name`, `distributor`, `description_variable`, `status`, `is_required`, `is_active`, `is_core`) VALUES (2, 'Stats', 'Comvation AG', 'TXT_STATS_MODULE_DESCRIPTION', 'n', 0, 1, 1);
INSERT INTO `contrexx_modules` (`id`, `name`, `distributor`, `description_variable`, `status`, `is_required`, `is_active`, `is_core`) VALUES (3, 'Gallery', 'Comvation AG', 'TXT_GALLERY_MODULE_DESCRIPTION', 'y', 0, 1, 0);
INSERT INTO `contrexx_modules` (`id`, `name`, `distributor`, `description_variable`, `status`, `is_required`, `is_active`, `is_core`) VALUES (4, 'Newsletter', 'Comvation AG', 'TXT_NEWSLETTER_MODULE_DESCRIPTION', 'y', 0, 1, 0);
INSERT INTO `contrexx_modules` (`id`, `name`, `distributor`, `description_variable`, `status`, `is_required`, `is_active`, `is_core`) VALUES (5, 'Search', 'Comvation AG', 'TXT_SEARCH_MODULE_DESCRIPTION', 'y', 0, 1, 1);
INSERT INTO `contrexx_modules` (`id`, `name`, `distributor`, `description_variable`, `status`, `is_required`, `is_active`, `is_core`) VALUES (6, 'Contact', 'Comvation AG', 'TXT_CONTACT_MODULE_DESCRIPTION', 'y', 1, 1, 1);
INSERT INTO `contrexx_modules` (`id`, `name`, `distributor`, `description_variable`, `status`, `is_required`, `is_active`, `is_core`) VALUES (7, 'Block', 'Comvation AG', 'TXT_BLOCK_MODULE_DESCRIPTION', 'n', 0, 1, 0);
INSERT INTO `contrexx_modules` (`id`, `name`, `distributor`, `description_variable`, `status`, `is_required`, `is_active`, `is_core`) VALUES (8, 'News', 'Comvation AG', 'TXT_NEWS_MODULE_DESCRIPTION', 'y', 1, 1, 1);
INSERT INTO `contrexx_modules` (`id`, `name`, `distributor`, `description_variable`, `status`, `is_required`, `is_active`, `is_core`) VALUES (9, 'Media1', 'Comvation AG', 'TXT_MEDIA_MODULE_DESCRIPTION', 'y', 0, 1, 1);
INSERT INTO `contrexx_modules` (`id`, `name`, `distributor`, `description_variable`, `status`, `is_required`, `is_active`, `is_core`) VALUES (10, 'GuestBook', 'Comvation AG', 'TXT_GUESTBOOK_MODULE_DESCRIPTION', 'y', 0, 1, 0);
INSERT INTO `contrexx_modules` (`id`, `name`, `distributor`, `description_variable`, `status`, `is_required`, `is_active`, `is_core`) VALUES (11, 'Sitemap', 'Comvation AG', 'TXT_SITEMAP_MODULE_DESCRIPTION', 'y', 0, 1, 1);
INSERT INTO `contrexx_modules` (`id`, `name`, `distributor`, `description_variable`, `status`, `is_required`, `is_active`, `is_core`) VALUES (12, 'Directory', 'Comvation AG', 'TXT_LINKS_MODULE_DESCRIPTION', 'y', 0, 1, 0);
INSERT INTO `contrexx_modules` (`id`, `name`, `distributor`, `description_variable`, `status`, `is_required`, `is_active`, `is_core`) VALUES (13, 'Ids', 'Comvation AG', 'TXT_IDS_MODULE_DESCRIPTION', 'y', 1, 1, 1);
INSERT INTO `contrexx_modules` (`id`, `name`, `distributor`, `description_variable`, `status`, `is_required`, `is_active`, `is_core`) VALUES (14, 'Error', 'Comvation AG', 'TXT_ERROR_MODULE_DESCRIPTION', 'y', 1, 1, 1);
INSERT INTO `contrexx_modules` (`id`, `name`, `distributor`, `description_variable`, `status`, `is_required`, `is_active`, `is_core`) VALUES (15, 'Home', 'Comvation AG', 'TXT_HOME_MODULE_DESCRIPTION', 'y', 1, 1, 1);
INSERT INTO `contrexx_modules` (`id`, `name`, `distributor`, `description_variable`, `status`, `is_required`, `is_active`, `is_core`) VALUES (16, 'Shop', 'Comvation AG', 'TXT_SHOP_MODULE_DESCRIPTION', 'y', 0, 1, 0);
INSERT INTO `contrexx_modules` (`id`, `name`, `distributor`, `description_variable`, `status`, `is_required`, `is_active`, `is_core`) VALUES (17, 'Voting', 'Comvation AG', 'TXT_VOTING_MODULE_DESCRIPTION', 'y', 0, 1, 0);
INSERT INTO `contrexx_modules` (`id`, `name`, `distributor`, `description_variable`, `status`, `is_required`, `is_active`, `is_core`) VALUES (18, 'Login', 'Comvation AG', 'TXT_LOGIN_MODULE_DESCRIPTION', 'y', 1, 1, 1);
INSERT INTO `contrexx_modules` (`id`, `name`, `distributor`, `description_variable`, `status`, `is_required`, `is_active`, `is_core`) VALUES (19, 'DocSys', 'Comvation AG', 'TXT_DOC_SYS_MODULE_DESCRIPTION', 'y', 0, 1, 0);
INSERT INTO `contrexx_modules` (`id`, `name`, `distributor`, `description_variable`, `status`, `is_required`, `is_active`, `is_core`) VALUES (20, 'Forum', 'Comvation AG', 'TXT_FORUM_MODULE_DESCRIPTION', 'y', 0, 1, 0);
INSERT INTO `contrexx_modules` (`id`, `name`, `distributor`, `description_variable`, `status`, `is_required`, `is_active`, `is_core`) VALUES (21, 'Calendar', 'Comvation AG', 'TXT_CALENDAR_MODULE_DESCRIPTION', 'y', 0, 1, 0);
INSERT INTO `contrexx_modules` (`id`, `name`, `distributor`, `description_variable`, `status`, `is_required`, `is_active`, `is_core`) VALUES (22, 'Feed', 'Comvation AG', 'TXT_FEED_MODULE_DESCRIPTION', 'y', 0, 1, 0);
INSERT INTO `contrexx_modules` (`id`, `name`, `distributor`, `description_variable`, `status`, `is_required`, `is_active`, `is_core`) VALUES (23, 'Access', 'Comvation AG', 'TXT_COMMUNITY_MODULE_DESCRIPTION', 'y', 0, 1, 1);
INSERT INTO `contrexx_modules` (`id`, `name`, `distributor`, `description_variable`, `status`, `is_required`, `is_active`, `is_core`) VALUES (24, 'Media2', 'Comvation AG', 'TXT_MEDIA_MODULE_DESCRIPTION', 'y', 0, 1, 1);
INSERT INTO `contrexx_modules` (`id`, `name`, `distributor`, `description_variable`, `status`, `is_required`, `is_active`, `is_core`) VALUES (25, 'Media3', 'Comvation AG', 'TXT_MEDIA_MODULE_DESCRIPTION', 'y', 0, 1, 1);
INSERT INTO `contrexx_modules` (`id`, `name`, `distributor`, `description_variable`, `status`, `is_required`, `is_active`, `is_core`) VALUES (26, 'FileBrowser', 'Comvation AG', 'TXT_FILEBROWSER_DESCRIPTION', 'n', 1, 1, 1);
INSERT INTO `contrexx_modules` (`id`, `name`, `distributor`, `description_variable`, `status`, `is_required`, `is_active`, `is_core`) VALUES (27, 'Recommend', 'Comvation AG', 'TXT_RECOMMEND_MODULE_DESCRIPTION', 'y', 0, 1, 0);
INSERT INTO `contrexx_modules` (`id`, `name`, `distributor`, `description_variable`, `status`, `is_required`, `is_active`, `is_core`) VALUES (30, 'Livecam', 'Comvation AG', 'TXT_LIVECAM_MODULE_DESCRIPTION', 'y', 0, 1, 0);
INSERT INTO `contrexx_modules` (`id`, `name`, `distributor`, `description_variable`, `status`, `is_required`, `is_active`, `is_core`) VALUES (31, 'MemberDir', 'Comvation AG', 'TXT_MEMBERDIR_MODULE_DESCRIPTION', 'y', 0, 1, 0);
INSERT INTO `contrexx_modules` (`id`, `name`, `distributor`, `description_variable`, `status`, `is_required`, `is_active`, `is_core`) VALUES (32, 'NetTools', 'Comvation AG', 'TXT_NETTOOLS_MODULE_DESCRIPTION', 'n', 0, 1, 1);
INSERT INTO `contrexx_modules` (`id`, `name`, `distributor`, `description_variable`, `status`, `is_required`, `is_active`, `is_core`) VALUES (33, 'Market', 'Comvation AG', 'TXT_MARKET_MODULE_DESCRIPTION', 'y', 0, 1, 0);
INSERT INTO `contrexx_modules` (`id`, `name`, `distributor`, `description_variable`, `status`, `is_required`, `is_active`, `is_core`) VALUES (35, 'Podcast', 'Comvation AG', 'TXT_PODCAST_MODULE_DESCRIPTION', 'y', 0, 1, 0);
INSERT INTO `contrexx_modules` (`id`, `name`, `distributor`, `description_variable`, `status`, `is_required`, `is_active`, `is_core`) VALUES (37, 'immo', 'Comvation AG', 'TXT_IMMO_MODULE_DESCRIPTION', 'n', 0, 1, 0);
INSERT INTO `contrexx_modules` (`id`, `name`, `distributor`, `description_variable`, `status`, `is_required`, `is_active`, `is_core`) VALUES (38, 'Egov', 'Comvation AG', 'TXT_EGOVERNMENT_MODULE_DESCRIPTION', 'y', 0, 1, 0);
INSERT INTO `contrexx_modules` (`id`, `name`, `distributor`, `description_variable`, `status`, `is_required`, `is_active`, `is_core`) VALUES (39, 'Media4', 'Comvation AG', 'TXT_MEDIA_MODULE_DESCRIPTION', 'y', 0, 1, 1);
INSERT INTO `contrexx_modules` (`id`, `name`, `distributor`, `description_variable`, `status`, `is_required`, `is_active`, `is_core`) VALUES (41, 'Alias', 'Comvation AG', 'TXT_ALIAS_MODULE_DESCRIPTION', 'n', 0, 1, 1);
INSERT INTO `contrexx_modules` (`id`, `name`, `distributor`, `description_variable`, `status`, `is_required`, `is_active`, `is_core`) VALUES (44, 'Imprint', 'Comvation AG', 'TXT_IMPRINT_MODULE_DESCRIPTION', 'y', 1, 1, 1);
INSERT INTO `contrexx_modules` (`id`, `name`, `distributor`, `description_variable`, `status`, `is_required`, `is_active`, `is_core`) VALUES (45, 'Agb', 'Comvation AG', 'TXT_AGB_MODULE_DESCRIPTION', 'y', 1, 1, 1);
INSERT INTO `contrexx_modules` (`id`, `name`, `distributor`, `description_variable`, `status`, `is_required`, `is_active`, `is_core`) VALUES (46, 'Privacy', 'Comvation AG', 'TXT_PRIVACY_MODULE_DESCRIPTION', 'y', 1, 1, 1);
INSERT INTO `contrexx_modules` (`id`, `name`, `distributor`, `description_variable`, `status`, `is_required`, `is_active`, `is_core`) VALUES (47, 'Blog', 'Comvation AG', 'TXT_BLOG_MODULE_DESCRIPTION', 'n', 0, 1, 0);
INSERT INTO `contrexx_modules` (`id`, `name`, `distributor`, `description_variable`, `status`, `is_required`, `is_active`, `is_core`) VALUES (48, 'Data', 'Comvation AG', 'TXT_DATA_MODULE_DESCRIPTION', 'y', 0, 1, 0);
INSERT INTO `contrexx_modules` (`id`, `name`, `distributor`, `description_variable`, `status`, `is_required`, `is_active`, `is_core`) VALUES (49, 'Ecard', 'Comvation AG', 'TXT_ECARD_MODULE_DESCRIPTION', 'y', 0, 1, 0);
INSERT INTO `contrexx_modules` (`id`, `name`, `distributor`, `description_variable`, `status`, `is_required`, `is_active`, `is_core`) VALUES (52, 'Upload', 'Comvation AG', 'TXT_FILEUPLOADER_MODULE_DESCRIPTION', 'n', 0, 1, 1);
INSERT INTO `contrexx_modules` (`id`, `name`, `distributor`, `description_variable`, `status`, `is_required`, `is_active`, `is_core`) VALUES (53, 'Downloads', 'Comvation AG', 'TXT_DOWNLOADS_MODULE_DESCRIPTION', 'y', 0, 1, 0);
INSERT INTO `contrexx_modules` (`id`, `name`, `distributor`, `description_variable`, `status`, `is_required`, `is_active`, `is_core`) VALUES (54, 'U2u', 'Comvation AG', 'TXT_U2U_MODULE_DESCRIPTION', 'y', 0, 1, 0);
INSERT INTO `contrexx_modules` (`id`, `name`, `distributor`, `description_variable`, `status`, `is_required`, `is_active`, `is_core`) VALUES (56, 'Knowledge', 'Comvation AG', 'TXT_KNOWLEDGE_MODULE_DESCRIPTION', 'y', 0, 1, 0);
INSERT INTO `contrexx_modules` (`id`, `name`, `distributor`, `description_variable`, `status`, `is_required`, `is_active`, `is_core`) VALUES (57, 'Jobs', 'Comvation AG', 'TXT_JOBS_MODULE_DESCRIPTION', 'y', 0, 1, 0);
INSERT INTO `contrexx_modules` (`id`, `name`, `distributor`, `description_variable`, `status`, `is_required`, `is_active`, `is_core`) VALUES (60, 'MediaDir', 'Comvation AG', 'TXT_MEDIADIR_MODULE_DESCRIPTION', 'y', 0, 1, 0);
INSERT INTO `contrexx_modules` (`id`, `name`, `distributor`, `description_variable`, `status`, `is_required`, `is_active`, `is_core`) VALUES (61, 'Captcha', 'Comvation AG', 'Catpcha Module', 'n', 1, 1, 1);
INSERT INTO `contrexx_modules` (`id`, `name`, `distributor`, `description_variable`, `status`, `is_required`, `is_active`, `is_core`) VALUES (62, 'Checkout', 'Comvation AG', 'TXT_CHECKOUT_MODULE_DESCRIPTION', 'n', 0, 1, 0);
INSERT INTO `contrexx_modules` (`id`, `name`, `distributor`, `description_variable`, `status`, `is_required`, `is_active`, `is_core`) VALUES (63, 'JsonData', 'Comvation AG', 'Json Adapter', 'n', 1, 1, 1);
INSERT INTO `contrexx_modules` (`id`, `name`, `distributor`, `description_variable`, `status`, `is_required`, `is_active`, `is_core`) VALUES (64, 'language', 'Comvation AG', 'TXT_LANGUAGE_SETTINGS', 'n', 1, 1, 1);
INSERT INTO `contrexx_modules` (`id`, `name`, `distributor`, `description_variable`, `status`, `is_required`, `is_active`, `is_core`) VALUES (65, 'fulllanguage', 'Comvation AG', 'TXT_LANGUAGE_SETTINGS', 'n', 1, 1, 1);
INSERT INTO `contrexx_modules` (`id`, `name`, `distributor`, `description_variable`, `status`, `is_required`, `is_active`, `is_core`) VALUES (66, 'License', 'Comvation AG', 'TXT_LICENSE', 'n', 1, 1, 1);
INSERT INTO `contrexx_modules` (`id`, `name`, `distributor`, `description_variable`, `status`, `is_required`, `is_active`, `is_core`) VALUES (67, 'logout', 'Comvation AG', 'TXT_LOGIN_MODULE_DESCRIPTION', 'n', 1, 1, 1);
INSERT INTO `contrexx_modules` (`id`, `name`, `distributor`, `description_variable`, `status`, `is_required`, `is_active`, `is_core`) VALUES (68, 'FileSharing', 'Comvation AG', 'TXT_FILESHARING_MODULE_DESCRIPTION', 'y', 0, 1, 0);
INSERT INTO `contrexx_modules` (`id`, `name`, `distributor`, `description_variable`, `status`, `is_required`, `is_active`, `is_core`) VALUES (82, 'Survey', 'Comvation AG', 'TXT_SURVEY_MODULE_DESCRIPTION', 'n', 0, 1, 0);
INSERT INTO `contrexx_modules` (`id`, `name`, `distributor`, `description_variable`, `status`, `is_required`, `is_active`, `is_core`) VALUES (69, 'Crm', 'Comvation AG', 'TXT_CRM_MODULE_DESCRIPTION', 'n', 1, 1, 0);
INSERT INTO `contrexx_modules` (`id`, `name`, `distributor`, `description_variable`, `status`, `is_required`, `is_active`, `is_core`) VALUES (70, 'Workbench', 'Comvation AG', 'TXT_MODULE_WORKBENCH', 'n', 0, 1, 1);
INSERT INTO `contrexx_modules` (`id`, `name`, `distributor`, `description_variable`, `status`, `is_required`, `is_active`, `is_core`) VALUES (71, 'FrontendEditing', 'Comvation AG', 'TXT_MODULE_FRONTEND_EDITING', 'n', 1, 1, 1);
INSERT INTO `contrexx_modules` (`id`, `name`, `distributor`, `description_variable`, `status`, `is_required`, `is_active`, `is_core`) VALUES (901, 'Uploader', 'Comvation AG', 'TXT_CORE_MODULE_UPLOADER_DESCRIPTION', 'n', 0, 1, 1);
INSERT INTO `contrexx_modules` (`id`, `name`, `distributor`, `description_variable`, `status`, `is_required`, `is_active`, `is_core`) VALUES (903, 'MediaBrowser', 'Comvation AG', 'TXT_CORE_MODULE_MEDIABROWSER_DESCRIPTION', 'n', 0, 1, 1);
INSERT INTO `contrexx_modules` (`id`, `name`, `distributor`, `description_variable`, `status`, `is_required`, `is_active`, `is_core`) VALUES (73, 'DatabaseManager', 'Comvation AG', 'TXT_DATABASEMANAGER_MODULE_DESCRIPTION', 'n', 0, 1, 1);
INSERT INTO `contrexx_modules` (`id`, `name`, `distributor`, `description_variable`, `status`, `is_required`, `is_active`, `is_core`) VALUES (74, 'SystemInfo', 'Comvation AG', 'TXT_SYSTEMINFO_MODULE_DESCRIPTION', 'n', 0, 1, 1);
INSERT INTO `contrexx_modules` (`id`, `name`, `distributor`, `description_variable`, `status`, `is_required`, `is_active`, `is_core`) VALUES (77, 'LanguageManager', 'Comvation AG', 'TXT_LANGUAGEMANAGER_MODULE_DESCRIPTION', 'n', 0, 1, 1);
INSERT INTO `contrexx_modules` (`id`, `name`, `distributor`, `description_variable`, `status`, `is_required`, `is_active`, `is_core`) VALUES (75, 'ViewManager', 'Comvation AG', 'TXT_VIEWMANAGER_MODULE_DESCRIPTION', 'n', 0, 1, 1);
INSERT INTO `contrexx_modules` (`id`, `name`, `distributor`, `description_variable`, `status`, `is_required`, `is_active`, `is_core`) VALUES (76, 'ComponentManager', 'Comvation AG', 'TXT_COMPONENTMANAGER_MODULE_DESCRIPTION', 'n', 0, 1, 1);
INSERT INTO `contrexx_modules` (`id`, `name`, `distributor`, `description_variable`, `status`, `is_required`, `is_active`, `is_core`) VALUES (79, 'SystemLog', 'Comvation AG', 'TXT_SYSTEMLOG_MODULE_DESCRIPTION', 'n', 0, 1, 1);
INSERT INTO `contrexx_modules` (`id`, `name`, `distributor`, `description_variable`, `status`, `is_required`, `is_active`, `is_core`) VALUES (78, 'ContentWorkflow', 'Comvation AG', 'TXT_CONTENTWORKFLOW_MODULE_DESCRIPTION', 'n', 0, 1, 1);
INSERT INTO `contrexx_modules` (`id`, `name`, `distributor`, `description_variable`, `status`, `is_required`, `is_active`, `is_core`) VALUES (80, 'Config', 'Comvation AG', 'TXT_CONFIG_MODULE_DESCRIPTION', 'n', 0, 1, 1);
INSERT INTO `contrexx_modules` (`id`, `name`, `distributor`, `description_variable`, `status`, `is_required`, `is_active`, `is_core`) VALUES (83, 'Media', 'Comvation AG', 'TXT_MEDIA_MODULE_DESCRIPTION', 'n', 0, 1, 1);
INSERT INTO `contrexx_modules` (`id`, `name`, `distributor`, `description_variable`, `status`, `is_required`, `is_active`, `is_core`) VALUES (84, 'Security', 'Comvation AG', 'TXT_SECURITY_MODULE_DESCRIPTION', 'n', 0, 1, 1);
INSERT INTO `contrexx_modules` (`id`, `name`, `distributor`, `description_variable`, `status`, `is_required`, `is_active`, `is_core`) VALUES (72, 'ContentManager', 'Comvation AG', 'TXT_CONTENTMANAGER_MODULE_DESCRIPTION', 'n', 0, 1, 1);
INSERT INTO `contrexx_modules` (`id`, `name`, `distributor`, `description_variable`, `status`, `is_required`, `is_active`, `is_core`) VALUES (81, 'Cache', 'Comvation AG', '', 'n', 0, 1, 1);
INSERT INTO `contrexx_modules` (`id`, `name`, `distributor`, `description_variable`, `status`, `is_required`, `is_active`, `is_core`) VALUES (85, 'Csrf', 'Comvation AG', ' TXT_CSRF_MODULE_DESCRIPTION', 'n', 0, 1, 1);
INSERT INTO `contrexx_modules` (`id`, `name`, `distributor`, `description_variable`, `status`, `is_required`, `is_active`, `is_core`) VALUES (86, 'Session', 'Comvation AG', 'TXT_SESSION_MODULE_DESCRIPTION', 'n', 0, 1, 1);
INSERT INTO `contrexx_modules` (`id`, `name`, `distributor`, `description_variable`, `status`, `is_required`, `is_active`, `is_core`) VALUES (88, 'JavaScript', 'Comvation AG', 'TXT_JAVASCRIPT_MODULE_DESCRIPTION', 'n', 0, 1, 1);
INSERT INTO `contrexx_modules` (`id`, `name`, `distributor`, `description_variable`, `status`, `is_required`, `is_active`, `is_core`) VALUES (87, 'Message', 'Comvation AG', 'TXT_MESSAGE_MODULE_DESCRIPTION', 'n', 0, 1, 1);
INSERT INTO `contrexx_modules` (`id`, `name`, `distributor`, `description_variable`, `status`, `is_required`, `is_active`, `is_core`) VALUES (89, 'MultiSite', 'Comvation AG', 'TXT_MULTISITE_MODULE_DESCRIPTION', 'n', 0, 1, 1);
INSERT INTO `contrexx_modules` (`id`, `name`, `distributor`, `description_variable`, `status`, `is_required`, `is_active`, `is_core`) VALUES (90, 'Net', 'Comvation AG', 'TXT_NET_MODULE_DESCRIPTION', 'n', 1, 1, 1);
INSERT INTO `contrexx_modules` (`id`, `name`, `distributor`, `description_variable`, `status`, `is_required`, `is_active`, `is_core`) VALUES (92, 'Shell', 'Comvation AG', 'TXT_CORE_SHELL_DESCRIPTION', 'n', 0, 1, 1);
INSERT INTO `contrexx_modules` (`id`, `name`, `distributor`, `description_variable`, `status`, `is_required`, `is_active`, `is_core`) VALUES (93, 'Order', 'Comvation AG', 'TXT_MODULE_ORDER_DESCRIPTION', 'n', 0, 1, 0);
INSERT INTO `contrexx_modules` (`id`, `name`, `distributor`, `description_variable`, `status`, `is_required`, `is_active`, `is_core`) VALUES (94, 'Pim', 'Comvation AG', 'TXT_MODULE_PIM_DESCRIPTION', 'n', 0, 1, 0);
INSERT INTO `contrexx_modules` (`id`, `name`, `distributor`, `description_variable`, `status`, `is_required`, `is_active`, `is_core`) VALUES (95, 'LinkManager', 'Comvation AG', 'TXT_MODULE_LINKMANAGER_DESCRIPTION', 'n', 0, 1, 1);
INSERT INTO `contrexx_modules` (`id`, `name`, `distributor`, `description_variable`, `status`, `is_required`, `is_active`, `is_core`) VALUES (96, 'CacheManager', 'Comvation AG', '', 'n', 0, 1, 1);
INSERT INTO `contrexx_modules` (`id`, `name`, `distributor`, `description_variable`, `status`, `is_required`, `is_active`, `is_core`) VALUES (97, 'LicenseManager', 'Comvation AG', 'TXT_LICENSE', 'n', 1, 1, 1);
INSERT INTO `contrexx_modules` (`id`, `name`, `distributor`, `description_variable`, `status`, `is_required`, `is_active`, `is_core`) VALUES (98, 'Test', 'Comvation AG', 'TXT_TEST_MODULE_DESCRIPTION', 'n', 0, 1, 1);
INSERT INTO `contrexx_modules` (`id`, `name`, `distributor`, `description_variable`, `status`, `is_required`, `is_active`, `is_core`) VALUES (99, 'Routing', 'Comvation AG', 'TXT_ROUTING_MODULE_DESCRIPTION', 'n', 0, 1, 1);

INSERT INTO `contrexx_module_block_blocks` (`id`, `start`, `end`, `name`, `random`, `random_2`, `random_3`, `random_4`, `global`, `category`, `direct`, `active`, `order`, `cat`, `wysiwyg_editor`) VALUES ('32', '0', '0', 'Kontaktieren Sie uns', '0', '0', '0', '0', '2', '0', '0', '1', '3', '3', '1');
INSERT INTO `contrexx_module_block_blocks` (`id`, `start`, `end`, `name`, `random`, `random_2`, `random_3`, `random_4`, `global`, `category`, `direct`, `active`, `order`, `cat`, `wysiwyg_editor`) VALUES ('30', '0', '0', 'Slide 2', '0', '0', '0', '0', '0', '0', '0', '1', '2', '2', '1');
INSERT INTO `contrexx_module_block_blocks` (`id`, `start`, `end`, `name`, `random`, `random_2`, `random_3`, `random_4`, `global`, `category`, `direct`, `active`, `order`, `cat`, `wysiwyg_editor`) VALUES ('29', '0', '0', 'Slide 1', '0', '0', '0', '0', '0', '0', '0', '1', '1', '2', '1');

INSERT INTO `contrexx_module_block_categories` (`id`, `parent`, `name`, `seperator`, `order`, `status`) VALUES ('3', '0', 'Sidebar', '', '1', '1');
INSERT INTO `contrexx_module_block_categories` (`id`, `parent`, `name`, `seperator`, `order`, `status`) VALUES ('2', '0', 'Startseite', '', '1', '1');

INSERT INTO `contrexx_module_block_rel_lang_content` (`block_id`, `lang_id`, `content`, `active`) VALUES ('29', '1', '<img alt=\"Slider 1\" height=\"500\" src=\"images/content/slideshow/slide_1.jpg\" width=\"1200\" />\r\n<h1>Be<span style=\"color: #0A85C8;\">Successful.</span></h1>\r\n', '1');
INSERT INTO `contrexx_module_block_rel_lang_content` (`block_id`, `lang_id`, `content`, `active`) VALUES ('30', '1', '<img alt=\"Slider 2\" height=\"500\" src=\"images/content/slideshow/slide_2.jpg\" width=\"1200\" />\r\n<h1>Make<span style=\"color: #0A85C8;\">Solutions.</span></h1>\r\n', '1');
INSERT INTO `contrexx_module_block_rel_lang_content` (`block_id`, `lang_id`, `content`, `active`) VALUES ('32', '1', '<div class=\"sidebar-block contact-us\">\r\n    <img alt=\"Kontaktieren Sie uns\" src=\"images/content/sidebar/kontaktieren_sie_uns.jpg\" /><br />\r\n    <a href=\"index.php?section=contact&amp;cmd=10\">Kontaktieren Sie uns</a>\r\n</div>\r\n', '1');
INSERT INTO `contrexx_module_block_rel_lang_content` (`block_id`, `lang_id`, `content`, `active`) VALUES ('32', '2', '<div class=\"sidebar-block contact-us\">\r\n    <img alt=\"Kontaktieren Sie uns\" src=\"images/content/sidebar/kontaktieren_sie_uns.jpg\" /><br />\r\n    <a href=\"index.php?section=contact&amp;cmd=10\">Kontaktieren Sie uns</a>\r\n</div>', '1');
INSERT INTO `contrexx_module_block_rel_lang_content` (`block_id`, `lang_id`, `content`, `active`) VALUES ('29', '2', '<img alt=\"Slider 1\" height=\"500\" src=\"images/content/slideshow/slide_1.jpg\" width=\"1200\" />\r\n<h1>Be<font color=\"#0A85C8\">Smart.</font></h1>', '1');
INSERT INTO `contrexx_module_block_rel_lang_content` (`block_id`, `lang_id`, `content`, `active`) VALUES ('30', '2', '<img alt=\"Slider 2\" height=\"500\" src=\"images/content/slideshow/slide_2.jpg\" width=\"1200\" />\r\n<h1>Be<font color=\"#0A85C8\">Sucessful.</font></h1>', '1');

INSERT INTO `contrexx_module_block_rel_pages`(`block_id`, `page_id`) VALUES('32', '25');
INSERT INTO `contrexx_module_block_rel_pages`(`block_id`, `page_id`) VALUES('32', '26');

INSERT INTO `contrexx_module_block_settings` (`id`, `name`, `value`) VALUES ('1', 'blockGlobalSeperator', '<br /><br />');

INSERT INTO `contrexx_module_blog_categories` (`category_id`, `lang_id`, `is_active`, `name`) VALUES ('1', '1', '1', 'Allgemein');
INSERT INTO `contrexx_module_blog_categories` (`category_id`, `lang_id`, `is_active`, `name`) VALUES ('1', '2', '1', 'General');
INSERT INTO `contrexx_module_blog_categories` (`category_id`, `lang_id`, `is_active`, `name`) VALUES ('1', '3', '1', 'General');
INSERT INTO `contrexx_module_blog_categories` (`category_id`, `lang_id`, `is_active`, `name`) VALUES ('1', '4', '1', 'General');
INSERT INTO `contrexx_module_blog_categories` (`category_id`, `lang_id`, `is_active`, `name`) VALUES ('1', '5', '1', 'General');
INSERT INTO `contrexx_module_blog_categories` (`category_id`, `lang_id`, `is_active`, `name`) VALUES ('1', '6', '1', 'General');

INSERT INTO `contrexx_module_blog_messages` (`message_id`, `user_id`, `time_created`, `time_edited`, `hits`) VALUES ('5', '1', '1338990215', '1345209958', '13');
INSERT INTO `contrexx_module_blog_messages` (`message_id`, `user_id`, `time_created`, `time_edited`, `hits`) VALUES ('6', '1', '1339076909', '1345210026', '110');

INSERT INTO `contrexx_module_blog_messages_lang` (`message_id`, `lang_id`, `is_active`, `subject`, `content`, `tags`, `image`) VALUES ('5', '3', '1', '', '', '', '');
INSERT INTO `contrexx_module_blog_messages_lang` (`message_id`, `lang_id`, `is_active`, `subject`, `content`, `tags`, `image`) VALUES ('5', '2', '1', 'Are you utilizing your company software layer?', 'Lorem ipsum dolor sit amet, consectetuer adipiscing elit, sed diam nonummy nibh euismod tincidunt ut laoreet dolore magna aliquam erat volutpat. Ut wisi enim ad minim veniam, quis nostrud exerci tation ullamcorper suscipit lobortis nisl ut aliquip ex ea commodo consequat. Duis autem vel eum iriure dolor in hendrerit in vulputate velit esse molestie consequat.', 'blog', 'images/Blog/postimg2.jpg');
INSERT INTO `contrexx_module_blog_messages_lang` (`message_id`, `lang_id`, `is_active`, `subject`, `content`, `tags`, `image`) VALUES ('5', '1', '1', '', '', '', '');
INSERT INTO `contrexx_module_blog_messages_lang` (`message_id`, `lang_id`, `is_active`, `subject`, `content`, `tags`, `image`) VALUES ('6', '2', '1', 'How to break the Financial Inertia?', 'Lorem ipsum dolor sit amet, consectetuer adipiscing elit, sed diam nonummy nibh euismod tincidunt ut laoreet dolore magna aliquam erat volutpat. Ut wisi enim ad minim veniam, quis nostrud exerci tation ullamcorper suscipit lobortis nisl ut aliquip ex ea commodo consequat. Duis autem vel eum iriure dolor in hendrerit in vulputate velit esse molestie consequat.', 'blog', 'images/Blog/postimg1.jpg');
INSERT INTO `contrexx_module_blog_messages_lang` (`message_id`, `lang_id`, `is_active`, `subject`, `content`, `tags`, `image`) VALUES ('6', '3', '1', '', '', '', '');
INSERT INTO `contrexx_module_blog_messages_lang` (`message_id`, `lang_id`, `is_active`, `subject`, `content`, `tags`, `image`) VALUES ('6', '1', '1', '', '', '', '');

INSERT INTO `contrexx_module_blog_networks` (`network_id`, `name`, `url`, `url_link`, `icon`) VALUES ('1', 'Digg', 'http://www.digg.com', 'http://digg.com/submit?phase=2&url=[URL]&title=[SUBJECT]', 'images/blog/networks/digg.gif');
INSERT INTO `contrexx_module_blog_networks` (`network_id`, `name`, `url`, `url_link`, `icon`) VALUES ('2', 'del.icio.ous', 'http://del.icio.us', 'http://del.icio.us/post?url=[URL]&title=[SUBJECT]', 'images/blog/networks/delicious.gif');
INSERT INTO `contrexx_module_blog_networks` (`network_id`, `name`, `url`, `url_link`, `icon`) VALUES ('3', 'Mister Wong', 'http://www.mister-wong.de', 'http://www.mister-wong.de/index.php?action=addurl&bm_url=[URL]&bm_description=[SUBJECT]', 'images/blog/networks/wong.gif');
INSERT INTO `contrexx_module_blog_networks` (`network_id`, `name`, `url`, `url_link`, `icon`) VALUES ('4', 'Google Bookmarks', 'http://www.google.com/bookmarks/', 'http://www.google.com/bookmarks/mark?op=edit&output=popup&bkmk=[URL]&title=[SUBJECT]', 'images/blog/networks/google.gif');
INSERT INTO `contrexx_module_blog_networks` (`network_id`, `name`, `url`, `url_link`, `icon`) VALUES ('5', 'Furl', 'http://www.furl.net', 'http://furl.net/storeIt.jsp?t=[SUBJECT]&u=[URL]', 'images/blog/networks/furl.gif');
INSERT INTO `contrexx_module_blog_networks` (`network_id`, `name`, `url`, `url_link`, `icon`) VALUES ('6', 'reddit', 'http://www.reddit.com/', 'http://reddit.com/submit?url=[URL]&title=[SUBJECT]', 'images/blog/networks/reddit.gif');
INSERT INTO `contrexx_module_blog_networks` (`network_id`, `name`, `url`, `url_link`, `icon`) VALUES ('7', 'Yigg', 'http://www.yigg.de', 'http://yigg.de/neu?exturl=[URL]&exttitle=[SUBJECT]', 'images/blog/networks/yigg.gif');
INSERT INTO `contrexx_module_blog_networks` (`network_id`, `name`, `url`, `url_link`, `icon`) VALUES ('8', 'BlinkList', 'http://www.blinklist.com', 'http://www.blinklist.com/index.php?Action=Blink/addblink.php&Description=&Url=[URL]&Title=[SUBJECT]', 'images/blog/networks/blinklist.gif');
INSERT INTO `contrexx_module_blog_networks` (`network_id`, `name`, `url`, `url_link`, `icon`) VALUES ('9', 'Blogmarks', 'http://www.blogmarks.net', 'http://blogmarks.net/my/new.php?mini=1&simple=1&url=[URL]&title=[SUBJECT]', 'images/blog/networks/blogmarks.gif');
INSERT INTO `contrexx_module_blog_networks` (`network_id`, `name`, `url`, `url_link`, `icon`) VALUES ('12', 'Folkd', 'http://www.folkd.com', 'http://www.folkd.com/submit/page/[URL]', 'images/blog/networks/folkd.gif');
INSERT INTO `contrexx_module_blog_networks` (`network_id`, `name`, `url`, `url_link`, `icon`) VALUES ('13', 'Linkarena', 'http://www.linkarena.com', 'http://linkarena.com/bookmarks/addlink/?url=[URL]&title=[SUBJECT]&desc=&tags=', 'images/blog/networks/linkarena.gif');
INSERT INTO `contrexx_module_blog_networks` (`network_id`, `name`, `url`, `url_link`, `icon`) VALUES ('15', 'Newsvine', 'http://www.newsvine.com', 'http://www.newsvine.com/_wine/save?u=[URL]&h=[SUBJECT]', 'images/blog/networks/newsvine.gif');
INSERT INTO `contrexx_module_blog_networks` (`network_id`, `name`, `url`, `url_link`, `icon`) VALUES ('16', 'OneView', 'http://oneview.com', 'http://oneview.com/link/quickadd/?URL=[URL]&title=[SUBJECT]', 'images/blog/networks/oneview.gif');
INSERT INTO `contrexx_module_blog_networks` (`network_id`, `name`, `url`, `url_link`, `icon`) VALUES ('18', 'Squidoo', 'http://www.squidoo.com', 'http://www.squidoo.com/lensmaster/bookmark?[URL]', 'images/blog/networks/squidoo.gif');
INSERT INTO `contrexx_module_blog_networks` (`network_id`, `name`, `url`, `url_link`, `icon`) VALUES ('19', 'Stumble Upon', 'http://www.stumbleupon.com', 'http://www.stumbleupon.com/refer.php?url=[URL]&title=[SUBJECT]', 'images/blog/networks/stumbleupon.gif');
INSERT INTO `contrexx_module_blog_networks` (`network_id`, `name`, `url`, `url_link`, `icon`) VALUES ('20', 'Technorati', 'http://www.technorati.com', 'http://www.technorati.com/faves?add=[URL]', 'images/blog/networks/technorati.gif');
INSERT INTO `contrexx_module_blog_networks` (`network_id`, `name`, `url`, `url_link`, `icon`) VALUES ('21', 'Webnews', 'http://www.webnews.de', 'http://www.webnews.de/einstellen?url=[URL]&title=[SUBJECT]', 'images/blog/networks/webnews.gif');
INSERT INTO `contrexx_module_blog_networks` (`network_id`, `name`, `url`, `url_link`, `icon`) VALUES ('22', 'Yahoo My Web', 'http://myweb2.search.yahoo.com', 'http://myweb2.search.yahoo.com/myresults/bookmarklet?u=[URL]&t=[SUBJECT]', 'images/blog/networks/yahoo.gif');
INSERT INTO `contrexx_module_blog_networks` (`network_id`, `name`, `url`, `url_link`, `icon`) VALUES ('23', 'Facebook', 'http://facebook.com', 'https://www.facebook.com/sharer/sharer.php?u=[URL]', 'images/blog/networks/facebook.gif');
INSERT INTO `contrexx_module_blog_networks` (`network_id`, `name`, `url`, `url_link`, `icon`) VALUES ('24', 'Google +', 'http://plus.google.com', 'https://plus.google.com/share?url=[URL]', 'images/blog/networks/google_plus.gif');
INSERT INTO `contrexx_module_blog_networks` (`network_id`, `name`, `url`, `url_link`, `icon`) VALUES ('25', 'Twitter', 'http://twitter.com', 'http://twitter.com/intent/tweet?source=sharethiscom&text=[SUBJECT]&url=[URL]', 'images/blog/networks/twitter.gif');

INSERT INTO `contrexx_module_blog_networks_lang` (`network_id`, `lang_id`) VALUES ('1', '1');
INSERT INTO `contrexx_module_blog_networks_lang` (`network_id`, `lang_id`) VALUES ('1', '2');
INSERT INTO `contrexx_module_blog_networks_lang` (`network_id`, `lang_id`) VALUES ('1', '3');
INSERT INTO `contrexx_module_blog_networks_lang` (`network_id`, `lang_id`) VALUES ('2', '1');
INSERT INTO `contrexx_module_blog_networks_lang` (`network_id`, `lang_id`) VALUES ('2', '2');
INSERT INTO `contrexx_module_blog_networks_lang` (`network_id`, `lang_id`) VALUES ('2', '3');
INSERT INTO `contrexx_module_blog_networks_lang` (`network_id`, `lang_id`) VALUES ('3', '1');
INSERT INTO `contrexx_module_blog_networks_lang` (`network_id`, `lang_id`) VALUES ('3', '2');
INSERT INTO `contrexx_module_blog_networks_lang` (`network_id`, `lang_id`) VALUES ('3', '3');
INSERT INTO `contrexx_module_blog_networks_lang` (`network_id`, `lang_id`) VALUES ('4', '1');
INSERT INTO `contrexx_module_blog_networks_lang` (`network_id`, `lang_id`) VALUES ('4', '2');
INSERT INTO `contrexx_module_blog_networks_lang` (`network_id`, `lang_id`) VALUES ('4', '3');
INSERT INTO `contrexx_module_blog_networks_lang` (`network_id`, `lang_id`) VALUES ('5', '1');
INSERT INTO `contrexx_module_blog_networks_lang` (`network_id`, `lang_id`) VALUES ('5', '2');
INSERT INTO `contrexx_module_blog_networks_lang` (`network_id`, `lang_id`) VALUES ('5', '3');
INSERT INTO `contrexx_module_blog_networks_lang` (`network_id`, `lang_id`) VALUES ('6', '1');
INSERT INTO `contrexx_module_blog_networks_lang` (`network_id`, `lang_id`) VALUES ('6', '2');
INSERT INTO `contrexx_module_blog_networks_lang` (`network_id`, `lang_id`) VALUES ('6', '3');
INSERT INTO `contrexx_module_blog_networks_lang` (`network_id`, `lang_id`) VALUES ('7', '1');
INSERT INTO `contrexx_module_blog_networks_lang` (`network_id`, `lang_id`) VALUES ('7', '2');
INSERT INTO `contrexx_module_blog_networks_lang` (`network_id`, `lang_id`) VALUES ('7', '3');
INSERT INTO `contrexx_module_blog_networks_lang` (`network_id`, `lang_id`) VALUES ('8', '1');
INSERT INTO `contrexx_module_blog_networks_lang` (`network_id`, `lang_id`) VALUES ('8', '2');
INSERT INTO `contrexx_module_blog_networks_lang` (`network_id`, `lang_id`) VALUES ('8', '3');
INSERT INTO `contrexx_module_blog_networks_lang` (`network_id`, `lang_id`) VALUES ('9', '1');
INSERT INTO `contrexx_module_blog_networks_lang` (`network_id`, `lang_id`) VALUES ('9', '2');
INSERT INTO `contrexx_module_blog_networks_lang` (`network_id`, `lang_id`) VALUES ('9', '3');
INSERT INTO `contrexx_module_blog_networks_lang` (`network_id`, `lang_id`) VALUES ('12', '1');
INSERT INTO `contrexx_module_blog_networks_lang` (`network_id`, `lang_id`) VALUES ('12', '2');
INSERT INTO `contrexx_module_blog_networks_lang` (`network_id`, `lang_id`) VALUES ('12', '3');
INSERT INTO `contrexx_module_blog_networks_lang` (`network_id`, `lang_id`) VALUES ('13', '1');
INSERT INTO `contrexx_module_blog_networks_lang` (`network_id`, `lang_id`) VALUES ('13', '2');
INSERT INTO `contrexx_module_blog_networks_lang` (`network_id`, `lang_id`) VALUES ('13', '3');
INSERT INTO `contrexx_module_blog_networks_lang` (`network_id`, `lang_id`) VALUES ('15', '1');
INSERT INTO `contrexx_module_blog_networks_lang` (`network_id`, `lang_id`) VALUES ('15', '2');
INSERT INTO `contrexx_module_blog_networks_lang` (`network_id`, `lang_id`) VALUES ('15', '3');
INSERT INTO `contrexx_module_blog_networks_lang` (`network_id`, `lang_id`) VALUES ('16', '1');
INSERT INTO `contrexx_module_blog_networks_lang` (`network_id`, `lang_id`) VALUES ('16', '2');
INSERT INTO `contrexx_module_blog_networks_lang` (`network_id`, `lang_id`) VALUES ('18', '1');
INSERT INTO `contrexx_module_blog_networks_lang` (`network_id`, `lang_id`) VALUES ('18', '2');
INSERT INTO `contrexx_module_blog_networks_lang` (`network_id`, `lang_id`) VALUES ('18', '3');
INSERT INTO `contrexx_module_blog_networks_lang` (`network_id`, `lang_id`) VALUES ('19', '1');
INSERT INTO `contrexx_module_blog_networks_lang` (`network_id`, `lang_id`) VALUES ('19', '2');
INSERT INTO `contrexx_module_blog_networks_lang` (`network_id`, `lang_id`) VALUES ('19', '3');
INSERT INTO `contrexx_module_blog_networks_lang` (`network_id`, `lang_id`) VALUES ('20', '1');
INSERT INTO `contrexx_module_blog_networks_lang` (`network_id`, `lang_id`) VALUES ('20', '2');
INSERT INTO `contrexx_module_blog_networks_lang` (`network_id`, `lang_id`) VALUES ('20', '3');
INSERT INTO `contrexx_module_blog_networks_lang` (`network_id`, `lang_id`) VALUES ('21', '1');
INSERT INTO `contrexx_module_blog_networks_lang` (`network_id`, `lang_id`) VALUES ('21', '2');
INSERT INTO `contrexx_module_blog_networks_lang` (`network_id`, `lang_id`) VALUES ('21', '3');
INSERT INTO `contrexx_module_blog_networks_lang` (`network_id`, `lang_id`) VALUES ('22', '1');
INSERT INTO `contrexx_module_blog_networks_lang` (`network_id`, `lang_id`) VALUES ('22', '2');
INSERT INTO `contrexx_module_blog_networks_lang` (`network_id`, `lang_id`) VALUES ('22', '3');
INSERT INTO `contrexx_module_blog_networks_lang` (`network_id`, `lang_id`) VALUES ('23', '1');
INSERT INTO `contrexx_module_blog_networks_lang` (`network_id`, `lang_id`) VALUES ('23', '2');
INSERT INTO `contrexx_module_blog_networks_lang` (`network_id`, `lang_id`) VALUES ('24', '1');
INSERT INTO `contrexx_module_blog_networks_lang` (`network_id`, `lang_id`) VALUES ('24', '2');
INSERT INTO `contrexx_module_blog_networks_lang` (`network_id`, `lang_id`) VALUES ('25', '1');
INSERT INTO `contrexx_module_blog_networks_lang` (`network_id`, `lang_id`) VALUES ('25', '2');

INSERT INTO `contrexx_module_blog_settings` (`name`, `value`) VALUES ('blog_block_activated', '1');
INSERT INTO `contrexx_module_blog_settings` (`name`, `value`) VALUES ('blog_block_messages', '5');
INSERT INTO `contrexx_module_blog_settings` (`name`, `value`) VALUES ('blog_comments_activated', '1');
INSERT INTO `contrexx_module_blog_settings` (`name`, `value`) VALUES ('blog_comments_anonymous', '1');
INSERT INTO `contrexx_module_blog_settings` (`name`, `value`) VALUES ('blog_comments_autoactivate', '1');
INSERT INTO `contrexx_module_blog_settings` (`name`, `value`) VALUES ('blog_comments_editor', 'textarea');
INSERT INTO `contrexx_module_blog_settings` (`name`, `value`) VALUES ('blog_comments_notification', '1');
INSERT INTO `contrexx_module_blog_settings` (`name`, `value`) VALUES ('blog_comments_timeout', '30');
INSERT INTO `contrexx_module_blog_settings` (`name`, `value`) VALUES ('blog_general_introduction', '400');
INSERT INTO `contrexx_module_blog_settings` (`name`, `value`) VALUES ('blog_rss_activated', '1');
INSERT INTO `contrexx_module_blog_settings` (`name`, `value`) VALUES ('blog_rss_comments', '20');
INSERT INTO `contrexx_module_blog_settings` (`name`, `value`) VALUES ('blog_rss_messages', '5');
INSERT INTO `contrexx_module_blog_settings` (`name`, `value`) VALUES ('blog_tags_hitlist', '5');
INSERT INTO `contrexx_module_blog_settings` (`name`, `value`) VALUES ('blog_voting_activated', '1');

INSERT INTO `contrexx_module_calendar_category` (`id`, `pos`, `status`) VALUES ('46', NULL, '1');
INSERT INTO `contrexx_module_calendar_category` (`id`, `pos`, `status`) VALUES ('49', '1', '1');

INSERT INTO `contrexx_module_calendar_category_name` (`cat_id`, `lang_id`, `name`) VALUES ('46', '1', 'Veranstaltungen');
INSERT INTO `contrexx_module_calendar_category_name` (`cat_id`, `lang_id`, `name`) VALUES ('46', '2', 'Events');
INSERT INTO `contrexx_module_calendar_category_name` (`cat_id`, `lang_id`, `name`) VALUES ('49', '1', 'Weitere');
INSERT INTO `contrexx_module_calendar_category_name` (`cat_id`, `lang_id`, `name`) VALUES ('49', '2', 'Others');

INSERT INTO `contrexx_module_calendar_event` (`id`, `type`, `startdate`, `enddate`, `use_custom_date_display`, `showStartDateList`, `showEndDateList`, `showStartTimeList`, `showEndTimeList`, `showTimeTypeList`, `showStartDateDetail`, `showEndDateDetail`, `showStartTimeDetail`, `showEndTimeDetail`, `showTimeTypeDetail`, `google`, `access`, `priority`, `price`, `link`, `pic`, `attach`, `place_mediadir_id`, `catid`, `show_in`, `invited_groups`, `invited_mails`, `invitation_sent`, `invitation_email_template`, `registration`, `registration_form`, `registration_num`, `registration_notification`, `email_template`, `ticket_sales`, `num_seating`, `series_status`, `series_type`, `series_pattern_count`, `series_pattern_weekday`, `series_pattern_day`, `series_pattern_week`, `series_pattern_month`, `series_pattern_type`, `series_pattern_dourance_type`, `series_pattern_end`, `series_pattern_end_date`, `series_pattern_begin`, `series_pattern_exceptions`, `status`, `confirmed`, `author`, `all_day`, `location_type`, `place`, `place_id`, `place_street`, `place_zip`, `place_city`, `place_country`, `place_link`, `place_map`, `host_type`, `org_name`, `org_street`, `org_zip`, `org_city`, `org_country`, `org_link`, `org_email`, `host_mediadir_id`) VALUES ('88', '0', '2015-04-03 20:00:00', '2015-04-03 19:59:00', '0', '1', '1', '0', '0', '2', '1', '1', '1', '1', '2', '0', '0', '3', '0', '', 'images/content/contrexx_logo.gif', '', '0', '46', '1,2', NULL, NULL, '0', '0', '1', '1', '250', 'info@example.com', '14', '0', '', '0', '1', '0', '0', '0', '0', '0', '0', '0', '0', '0000-00-00 00:00:00', '0', '', '1', '1', '1', '1', '1', '', '0', NULL, NULL, NULL, NULL, '', '', '1', '', '', '', '', '', '', '', '0');
INSERT INTO `contrexx_module_calendar_event` (`id`, `type`, `startdate`, `enddate`, `use_custom_date_display`, `showStartDateList`, `showEndDateList`, `showStartTimeList`, `showEndTimeList`, `showTimeTypeList`, `showStartDateDetail`, `showEndDateDetail`, `showStartTimeDetail`, `showEndTimeDetail`, `showTimeTypeDetail`, `google`, `access`, `priority`, `price`, `link`, `pic`, `attach`, `place_mediadir_id`, `catid`, `show_in`, `invited_groups`, `invited_mails`, `invitation_sent`, `invitation_email_template`, `registration`, `registration_form`, `registration_num`, `registration_notification`, `email_template`, `ticket_sales`, `num_seating`, `series_status`, `series_type`, `series_pattern_count`, `series_pattern_weekday`, `series_pattern_day`, `series_pattern_week`, `series_pattern_month`, `series_pattern_type`, `series_pattern_dourance_type`, `series_pattern_end`, `series_pattern_end_date`, `series_pattern_begin`, `series_pattern_exceptions`, `status`, `confirmed`, `author`, `all_day`, `location_type`, `place`, `place_id`, `place_street`, `place_zip`, `place_city`, `place_country`, `place_link`, `place_map`, `host_type`, `org_name`, `org_street`, `org_zip`, `org_city`, `org_country`, `org_link`, `org_email`, `host_mediadir_id`) VALUES ('89', '0', '2013-08-11 13:00:00', '2013-08-11 13:30:00', '0', '1', '0', '0', '0', '0', '1', '1', '1', '1', '1', '0', '0', '3', '0', '', '', '', '0', '46', '1', NULL, NULL, '0', '0', '0', '1', NULL, NULL, '14', '0', '', '0', '1', '0', '0', '0', '0', '0', '0', '0', '0', '0000-00-00 00:00:00', '0', '', '1', '1', '1', '0', '1', '', '0', NULL, NULL, NULL, NULL, '', '', '1', '', '', '', '', '', '', '', '0');

INSERT INTO `contrexx_module_calendar_event_field` (`event_id`, `lang_id`, `title`, `description`, `redirect`) VALUES ('88', '2', 'Contrexx celebrates 10 years of success!', 'Contrexx celebrates 10 years of success! Since 10 years Contrexx is growing and growing an growing. We had a great time developing one of the most secure and easy-to-handle web content management systems. Now its time to celebrate this success and prepare for the next WCMS milestone.', '');
INSERT INTO `contrexx_module_calendar_event_field` (`event_id`, `lang_id`, `title`, `description`, `redirect`) VALUES ('88', '1', 'Contrexx Software feiert 10. Jubiläum', '<h2>Geschichte</h2>\r\nDas <strong>Contrexx&reg; Open Source Web Content Management System</strong> wurde von der Unternehmung <a class=\"out\" href=\"http://www.comvation.com/\" target=\"_blank\">COMVATION AG</a> aus der Schweiz in der serverseitigen Skriptsprache PHP geschrieben, ist plattformunabh&auml;ngig und ben&ouml;tigt eine MySQL-Datenbank. Das erste Release wurde am 4. April 2005 ver&ouml;ffentlicht.\r\n\r\n<h2>&Uuml;ber Contrexx&reg;</h2>\r\n\r\n<div id=\"fe_PreviewContent\">\r\n<p>Mit <a class=\"out\" href=\"http://www.contrexx.com/\" target=\"_blank\">Contrexx&reg; Web Content Management System (WCMS)</a> werden Webseiten f&uuml;r Intranet, Extranet und Internet schnell, benutzerfreundlich und sicher erstellt. Die <a class=\"out\" href=\"http://www.contrexx.com/de/products/Leistungsumfang\" target=\"_blank\">standardisierten Module</a> von Contrexx&reg; erlauben ein rasches Umsetzen von individuellen Bed&uuml;rfnissen, wenn n&ouml;tig mit professioneller Unterst&uuml;tzung.<br />\r\nDas webbasierte System ist f&uuml;r die Verwaltung von flexiblen Internet- und Intranet L&ouml;sungen optimiert. Der modulare Aufbau und das Workflow System erm&ouml;glicht eine 100% Individualisierung der Logik und des Designs und f&ouml;rdert ein konsistentes und stetig wachsendes Wissensnetzwerk.<br />\r\n<br />\r\nDie Downloadversion beinhaltet einen Webinstaller, sowie verschiedene Module wie ein Linkverzeichnis, Podcast, Onlineschalter, Adressverzeichnis, Sitemap, Bildergalerie, Newsletter, G&auml;stebuch, RSS Feed Verzeichnis, News System, Abstimmung, Online Shop, Bannerverwaltung, Blockmodul und die M&ouml;glichkeiten f&uuml;r passwortgesch&uuml;tzte Bereiche.</p>\r\n\r\n<h2>Professioneller und innovativer Vertrieb</h2>\r\nContrexx&reg; wird weltweit &uuml;ber ein Partnernetzwerk vertrieben. Die <a class=\"out\" href=\"http://www.contrexx.com/?section=mediadir&amp;cmd=40\" target=\"_blank\">Contrexx&reg; Solutions Partner</a> sind autorisierte Partner welche ausgewiesene Kompetenzen im den Bereichen WebDesign, Grafik oder Internetmarketing besitzen. Damit erhalten Sie als Kunde professionelle Unterst&uuml;tzung mit hohen Kompetenzen aus Ihrer N&auml;he.</div>\r\n', '');
INSERT INTO `contrexx_module_calendar_event_field` (`event_id`, `lang_id`, `title`, `description`, `redirect`) VALUES ('89', '1', 'Veranstaltung erstellen', 'Beschreiben Sie zuerst, worum es bei Ihrer Veranstaltung geht. Erg&auml;nzen Sie danach in den Tabs die weiteren Informationen.', '');

INSERT INTO `contrexx_module_calendar_mail` (`id`, `title`, `content_text`, `content_html`, `recipients`, `lang_id`, `action_id`, `is_default`, `status`) VALUES ('1', '[[URL]] - Einladung zu [[TITLE]]', 'Hallo [[FIRSTNAME]] [[LASTNAME]] \r\n\r\nSie wurden auf [[URL]] zum Event \\\"[[TITLE]]\\\" eingeladen.\r\nDetails: [[LINK_EVENT]]\r\n\r\nFolgen Sie dem unten stehenden Link um sich f&uuml;r diesen Event an- oder abzumelden.\r\nHinweis: Sollte der Link nicht funktionieren, kopieren Sie die komplette Adresse ohne Zeilenumbr&uuml;che in die Adresszeile Ihres Browsers und dr&uuml;cken Sie anschliessend \\\"Enter\\\".\r\n\r\n[[LINK_REGISTRATION]]\r\n\r\n\r\n--\r\nDiese Nachricht wurde automatisch generiert\r\n[[DATE]]', 'Hallo [[FIRSTNAME]] [[LASTNAME]]<br />\r\n<br />\r\nSie wurden auf <a href=\"http://[[URL]]\" title=\"[[URL]]\">[[URL]]</a> zum Event <a href=\"[[LINK_EVENT]]\" title=\"Event Details\">&quot;[[TITLE]]&quot;</a> eingeladen. <br />\r\nKlicken Sie <a href=\"[[LINK_REGISTRATION]]\" title=\"Anmeldung\">hier</a>, um sich an diesem Event an- oder abzumelden.<br />\r\n<br />\r\n<br />\r\n--<br />\r\n<em>Diese Nachricht wurde automatisch generiert</em><br />\r\n<em>[[DATE]]</em>', '', '1', '1', '1', '1');
INSERT INTO `contrexx_module_calendar_mail` (`id`, `title`, `content_text`, `content_html`, `recipients`, `lang_id`, `action_id`, `is_default`, `status`) VALUES ('15', '[[URL]] - Neue [[REGISTRATION_TYPE]] f&uuml;r [[TITLE]]', 'Hallo\r\n\r\nAuf [[URL]] wurde eine neue [[REGISTRATION_TYPE]] f&uuml;r den Termin \\\"[[TITLE]]\\\" eingetragen.\r\n\r\nInformationen zur [[REGISTRATION_TYPE]]\r\n[[REGISTRATION_DATA]]\r\n\r\n-- \r\nDiese Nachricht wurde automatisch generiert [[DATE]]', 'Hallo<br />\r\n<br />\r\nAuf [[URL]] wurde eine neue [[REGISTRATION_TYPE]] f&uuml;r den Termin &quot;[[TITLE]]&quot; eingetragen.<br />\r\n<br />\r\n<h2>Informationen zur [[REGISTRATION_TYPE]]</h2>\r\n[[REGISTRATION_DATA]] <br />\r\n<br />\r\n-- <br />\r\nDiese Nachricht wurde automatisch generiert [[DATE]]', '', '1', '3', '1', '1');
INSERT INTO `contrexx_module_calendar_mail` (`id`, `title`, `content_text`, `content_html`, `recipients`, `lang_id`, `action_id`, `is_default`, `status`) VALUES ('14', '[[URL]] - Erfolgreiche [[REGISTRATION_TYPE]]', 'Hallo [[FIRSTNAME]] [[LASTNAME]]\r\n\r\nIhre [[REGISTRATION_TYPE]] zum Event \\\"[[TITLE]]\\\" vom [[START_DATE]] wurde erfolgreich in unserem System eingetragen.\r\n\r\n\r\n--\r\nDiese Nachricht wurde automatisch generiert\r\n[[DATE]]', 'Hallo [[FIRSTNAME]] [[LASTNAME]]<br />\r\n<br />\r\nIhre [[REGISTRATION_TYPE]] zum Event <a title=\"[[TITLE]]\" href=\"[[LINK_EVENT]]\">[[TITLE]]</a> vom [[START_DATE]] wurde erfolgreich in unserem System eingetragen.<br />\r\n<br />\r\n--<br />\r\n<em>Diese Nachricht wurde automatisch generiert<br />\r\n[[DATE]]</em>', '', '1', '2', '1', '1');
INSERT INTO `contrexx_module_calendar_mail` (`id`, `title`, `content_text`, `content_html`, `recipients`, `lang_id`, `action_id`, `is_default`, `status`) VALUES ('16', '[[URL]] - Neuer Termin: [[TITLE]]', 'Hallo [[FIRSTNAME]] [[LASTNAME]] \r\n\r\nUnter [[URL]] finden Sie den neuen Event \\\"[[TITLE]]\\\".\r\nDetails: [[LINK_EVENT]]\r\n\r\n\r\n--\r\nDiese Nachricht wurde automatisch generiert\r\n[[DATE]]', 'Hallo [[FIRSTNAME]] [[LASTNAME]]<br />\r\n<br />\r\nUnter <a title=\"[[URL]]\" href=\"http://[[URL]]\">[[URL]]</a> finden Sie den neuen Event <a title=\"Event Details\" href=\"[[LINK_EVENT]]\">&quot;[[TITLE]]&quot;</a>. <br />\r\n<br />\r\n<br />\r\n--<br />\r\n<em>Diese Nachricht wurde automatisch generiert</em><br />\r\n<em>[[DATE]]</em>', '', '1', '4', '1', '1');

INSERT INTO `contrexx_module_calendar_mail_action` (`id`, `name`, `default_recipient`, `need_auth`) VALUES ('1', 'invitationTemplate', 'empty', '0');
INSERT INTO `contrexx_module_calendar_mail_action` (`id`, `name`, `default_recipient`, `need_auth`) VALUES ('2', 'confirmationRegistration', 'author', '0');
INSERT INTO `contrexx_module_calendar_mail_action` (`id`, `name`, `default_recipient`, `need_auth`) VALUES ('3', 'notificationRegistration', 'empty', '0');
INSERT INTO `contrexx_module_calendar_mail_action` (`id`, `name`, `default_recipient`, `need_auth`) VALUES ('4', 'notificationNewEntryFE', 'admin', '0');

INSERT INTO `contrexx_module_calendar_registration` (`id`, `event_id`, `date`, `host_name`, `ip_address`, `type`, `key`, `user_id`, `lang_id`, `export`, `payment_method`, `paid`) VALUES ('1', '55', '1333548000', '0', '0', '1', '478roF24hkH248854429F1', '1', '1', '1311860736', '0', '0');
INSERT INTO `contrexx_module_calendar_registration` (`id`, `event_id`, `date`, `host_name`, `ip_address`, `type`, `key`, `user_id`, `lang_id`, `export`, `payment_method`, `paid`) VALUES ('2', '55', '1333548000', '0', '0', '1', '3JJ5xq4f32A387K908XC0', '1', '1', '1311860736', '0', '0');

INSERT INTO `contrexx_module_calendar_registration_form` (`id`, `status`, `order`, `title`) VALUES ('1', '1', '99', 'Standardformular');

INSERT INTO `contrexx_module_calendar_registration_form_field` (`id`, `form`, `type`, `required`, `order`, `affiliation`) VALUES ('4', '1', 'lastname', '1', '3', 'form');
INSERT INTO `contrexx_module_calendar_registration_form_field` (`id`, `form`, `type`, `required`, `order`, `affiliation`) VALUES ('3', '1', 'firstname', '1', '2', 'form');
INSERT INTO `contrexx_module_calendar_registration_form_field` (`id`, `form`, `type`, `required`, `order`, `affiliation`) VALUES ('2', '1', 'inputtext', '0', '1', 'form');
INSERT INTO `contrexx_module_calendar_registration_form_field` (`id`, `form`, `type`, `required`, `order`, `affiliation`) VALUES ('1', '1', 'salutation', '1', '0', 'form');
INSERT INTO `contrexx_module_calendar_registration_form_field` (`id`, `form`, `type`, `required`, `order`, `affiliation`) VALUES ('5', '1', 'mail', '1', '4', 'form');
INSERT INTO `contrexx_module_calendar_registration_form_field` (`id`, `form`, `type`, `required`, `order`, `affiliation`) VALUES ('6', '1', 'textarea', '0', '5', 'form');

INSERT INTO `contrexx_module_calendar_registration_form_field_name` (`field_id`, `form_id`, `lang_id`, `name`, `default`) VALUES ('6', '1', '2', 'Message', '');
INSERT INTO `contrexx_module_calendar_registration_form_field_name` (`field_id`, `form_id`, `lang_id`, `name`, `default`) VALUES ('6', '1', '1', 'Bemerkung', '');
INSERT INTO `contrexx_module_calendar_registration_form_field_name` (`field_id`, `form_id`, `lang_id`, `name`, `default`) VALUES ('5', '1', '2', 'E-Mail', '');
INSERT INTO `contrexx_module_calendar_registration_form_field_name` (`field_id`, `form_id`, `lang_id`, `name`, `default`) VALUES ('5', '1', '1', 'E-Mail', '');
INSERT INTO `contrexx_module_calendar_registration_form_field_name` (`field_id`, `form_id`, `lang_id`, `name`, `default`) VALUES ('4', '1', '2', 'Lastname', '');
INSERT INTO `contrexx_module_calendar_registration_form_field_name` (`field_id`, `form_id`, `lang_id`, `name`, `default`) VALUES ('4', '1', '1', 'Nachname', '');
INSERT INTO `contrexx_module_calendar_registration_form_field_name` (`field_id`, `form_id`, `lang_id`, `name`, `default`) VALUES ('3', '1', '2', 'Firstname', '');
INSERT INTO `contrexx_module_calendar_registration_form_field_name` (`field_id`, `form_id`, `lang_id`, `name`, `default`) VALUES ('3', '1', '1', 'Vorname', '');
INSERT INTO `contrexx_module_calendar_registration_form_field_name` (`field_id`, `form_id`, `lang_id`, `name`, `default`) VALUES ('2', '1', '2', 'Company', '');
INSERT INTO `contrexx_module_calendar_registration_form_field_name` (`field_id`, `form_id`, `lang_id`, `name`, `default`) VALUES ('2', '1', '1', 'Firma', '');
INSERT INTO `contrexx_module_calendar_registration_form_field_name` (`field_id`, `form_id`, `lang_id`, `name`, `default`) VALUES ('1', '1', '2', 'Salutation', 'Dear Ms.,Dear Mr.');
INSERT INTO `contrexx_module_calendar_registration_form_field_name` (`field_id`, `form_id`, `lang_id`, `name`, `default`) VALUES ('1', '1', '1', 'Anrede', 'Sehr geehrte Frau,Sehr geehrter Herr');

INSERT INTO `contrexx_module_calendar_settings` (`id`, `section_id`, `name`, `title`, `value`, `info`, `type`, `options`, `special`, `order`) VALUES ('8', '5', 'numPaging', 'TXT_CALENDAR_NUM_PAGING', '15', '', '1', '', '', '1');
INSERT INTO `contrexx_module_calendar_settings` (`id`, `section_id`, `name`, `title`, `value`, `info`, `type`, `options`, `special`, `order`) VALUES ('9', '5', 'numEntrance', 'TXT_CALENDAR_NUM_EVENTS_ENTRANCE', '5', '', '1', '', '', '2');
INSERT INTO `contrexx_module_calendar_settings` (`id`, `section_id`, `name`, `title`, `value`, `info`, `type`, `options`, `special`, `order`) VALUES ('10', '6', 'headlinesStatus', 'TXT_CALENDAR_HEADLINES_STATUS', '1', '', '3', 'TXT_CALENDAR_ACTIVATE,TXT_CALENDAR_DEACTIVATE', '', '1');
INSERT INTO `contrexx_module_calendar_settings` (`id`, `section_id`, `name`, `title`, `value`, `info`, `type`, `options`, `special`, `order`) VALUES ('11', '6', 'headlinesCategory', 'TXT_CALENDAR_HEADLINES_CATEGORY', '', '', '5', '', 'getCategoryDorpdown', '3');
INSERT INTO `contrexx_module_calendar_settings` (`id`, `section_id`, `name`, `title`, `value`, `info`, `type`, `options`, `special`, `order`) VALUES ('12', '6', 'headlinesNum', 'TXT_CALENDAR_HEADLINES_NUM', '3', '', '1', '', '', '2');
INSERT INTO `contrexx_module_calendar_settings` (`id`, `section_id`, `name`, `title`, `value`, `info`, `type`, `options`, `special`, `order`) VALUES ('14', '7', 'publicationStatus', 'TXT_CALENDAR_PUBLICATION_STATUS', '2', 'TXT_CALENDAR_PUBLICATION_STATUS_INFO', '3', 'TXT_CALENDAR_ACTIVATE,TXT_CALENDAR_DEACTIVATE', '', '0');
INSERT INTO `contrexx_module_calendar_settings` (`id`, `section_id`, `name`, `title`, `value`, `info`, `type`, `options`, `special`, `order`) VALUES ('15', '15', 'dateFormat', 'TXT_CALENDAR_DATE_FORMAT', '0', 'TXT_CALENDAR_DATE_FORMAT_INFO', '5', 'TXT_CALENDAR_DATE_FORMAT_DD.MM.YYYY,TXT_CALENDAR_DATE_FORMAT_DD/MM/YYYY,TXT_CALENDAR_DATE_FORMAT_YYYY.MM.DD,TXT_CALENDAR_DATE_FORMAT_MM/DD/YYYY,TXT_CALENDAR_DATE_FORMAT_YYYY-MM-DD', '', '3');
INSERT INTO `contrexx_module_calendar_settings` (`id`, `section_id`, `name`, `title`, `value`, `info`, `type`, `options`, `special`, `order`) VALUES ('16', '8', 'countCategoryEntries', 'TXT_CALENDAR_CATEGORY_COUNT_ENTRIES', '2', '', '3', 'TXT_CALENDAR_ACTIVATE,TXT_CALENDAR_DEACTIVATE', '', '0');
INSERT INTO `contrexx_module_calendar_settings` (`id`, `section_id`, `name`, `title`, `value`, `info`, `type`, `options`, `special`, `order`) VALUES ('18', '18', 'addEventsFrontend', 'TXT_CALENDAR_ADD_EVENTS_FRONTEND', '0', '', '5', 'TXT_CALENDAR_DEACTIVATE,TXT_CALENDAR_ACTIVATE_ALL,TXT_CALENDAR_ACTIVATE_ONLY_COMMUNITY', '', '5');
INSERT INTO `contrexx_module_calendar_settings` (`id`, `section_id`, `name`, `title`, `value`, `info`, `type`, `options`, `special`, `order`) VALUES ('19', '18', 'confirmFrontendEvents', 'TXT_CALENDAR_CONFIRM_FRONTEND_EVENTS', '2', '', '3', 'TXT_CALENDAR_ACTIVATE,TXT_CALENDAR_DEACTIVATE', '', '6');
INSERT INTO `contrexx_module_calendar_settings` (`id`, `section_id`, `name`, `title`, `value`, `info`, `type`, `options`, `special`, `order`) VALUES ('62', '19', 'placeDataForm', '', '0', '', '5', '', 'getPlaceDataDorpdown', '8');
INSERT INTO `contrexx_module_calendar_settings` (`id`, `section_id`, `name`, `title`, `value`, `info`, `type`, `options`, `special`, `order`) VALUES ('22', '10', 'paymentStatus', 'TXT_CALENDAR_PAYMENT_STATUS', '2', '', '3', 'TXT_CALENDAR_ACTIVATE,TXT_CALENDAR_DEACTIVATE', '', '1');
INSERT INTO `contrexx_module_calendar_settings` (`id`, `section_id`, `name`, `title`, `value`, `info`, `type`, `options`, `special`, `order`) VALUES ('23', '10', 'paymentCurrency', 'TXT_CALENDAR_PAYMENT_CURRENCY', 'CHF', '', '1', '', '', '2');
INSERT INTO `contrexx_module_calendar_settings` (`id`, `section_id`, `name`, `title`, `value`, `info`, `type`, `options`, `special`, `order`) VALUES ('24', '10', 'paymentVatRate', 'TXT_CALENDAR_PAYMENT_VAT_RATE', '8', '', '1', '', '', '3');
INSERT INTO `contrexx_module_calendar_settings` (`id`, `section_id`, `name`, `title`, `value`, `info`, `type`, `options`, `special`, `order`) VALUES ('25', '11', 'paymentBillStatus', 'TXT_CALENDAR_PAYMENT_BILL_STATUS', '2', '', '3', 'TXT_CALENDAR_ACTIVATE,TXT_CALENDAR_DEACTIVATE', '', '1');
INSERT INTO `contrexx_module_calendar_settings` (`id`, `section_id`, `name`, `title`, `value`, `info`, `type`, `options`, `special`, `order`) VALUES ('26', '11', 'paymentlBillGrace', 'TXT_CALENDAR_PAYMENT_BILL_GRACE', '30', '', '1', '', '', '2');
INSERT INTO `contrexx_module_calendar_settings` (`id`, `section_id`, `name`, `title`, `value`, `info`, `type`, `options`, `special`, `order`) VALUES ('27', '12', 'paymentYellowpayStatus', 'TXT_CALENDAR_PAYMENT_YELLOWPAY_STATUS', '2', '', '3', 'TXT_CALENDAR_ACTIVATE,TXT_CALENDAR_DEACTIVATE', '', '1');
INSERT INTO `contrexx_module_calendar_settings` (`id`, `section_id`, `name`, `title`, `value`, `info`, `type`, `options`, `special`, `order`) VALUES ('28', '12', 'paymentYellowpayPspid', 'TXT_CALENDAR_PAYMENT_YELLOWPAY_PSPID', '', '', '1', '', '', '2');
INSERT INTO `contrexx_module_calendar_settings` (`id`, `section_id`, `name`, `title`, `value`, `info`, `type`, `options`, `special`, `order`) VALUES ('29', '12', 'paymentYellowpayShaIn', 'TXT_CALENDAR_PAYMENT_YELLOWPAY_SHA_IN', '', '', '1', '', '', '3');
INSERT INTO `contrexx_module_calendar_settings` (`id`, `section_id`, `name`, `title`, `value`, `info`, `type`, `options`, `special`, `order`) VALUES ('30', '12', 'paymentYellowpayShaOut', 'TXT_CALENDAR_PAYMENT_YELLOWPAY_SHA_OUT', '', '', '1', '', '', '4');
INSERT INTO `contrexx_module_calendar_settings` (`id`, `section_id`, `name`, `title`, `value`, `info`, `type`, `options`, `special`, `order`) VALUES ('31', '12', 'paymentYellowpayAuthorization', 'TXT_CALENDAR_PAYMENT_YELLOWPAY_AUTHORIZATION', '0', '', '5', 'TXT_CALENDAR_PAYMENT_YELLOWPAY_AUTHORIZATION_SALE,TXT_CALENDAR_PAYMENT_YELLOWPAY_AUTHORIZATION', '', '5');
INSERT INTO `contrexx_module_calendar_settings` (`id`, `section_id`, `name`, `title`, `value`, `info`, `type`, `options`, `special`, `order`) VALUES ('32', '12', 'paymentTestserver', 'TXT_CALENDAR_PAYMENT_YELLOWPAY_TESTSERVER', '2', '', '3', 'TXT_CALENDAR_YES,TXT_CALENDAR_NO', '', '7');
INSERT INTO `contrexx_module_calendar_settings` (`id`, `section_id`, `name`, `title`, `value`, `info`, `type`, `options`, `special`, `order`) VALUES ('33', '12', 'paymentYellowpayMethods', 'TXT_CALENDAR_PAYMENT_YELLOWPAY_METHODS', '0', '', '4', 'TXT_CALENDAR_PAYMENT_YELLOWPAY_POSTFINANCE,TXT_CALENDAR_PAYMENT_YELLOWPAY_POSTFINANCE_EFINANCE,TXT_CALENDAR_PAYMENT_YELLOWPAY_MASTERCARD,TXT_CALENDAR_PAYMENT_YELLOWPAY_VISA,TXT_CALENDAR_PAYMENT_YELLOWPAY_AMEX,TXT_CALENDAR_PAYMENT_YELLOWPAY_DINERS', '', '6');
INSERT INTO `contrexx_module_calendar_settings` (`id`, `section_id`, `name`, `title`, `value`, `info`, `type`, `options`, `special`, `order`) VALUES ('34', '10', 'paymentVatNumber', 'TXT_CALENDAR_PAYMENT_VAT_NUMBER', '', '', '1', '', '', '4');
INSERT INTO `contrexx_module_calendar_settings` (`id`, `section_id`, `name`, `title`, `value`, `info`, `type`, `options`, `special`, `order`) VALUES ('35', '13', 'paymentBank', 'TXT_CALENDAR_PAYMENT_BANK', '', '', '1', '', '', '1');
INSERT INTO `contrexx_module_calendar_settings` (`id`, `section_id`, `name`, `title`, `value`, `info`, `type`, `options`, `special`, `order`) VALUES ('36', '13', 'paymentBankAccount', 'TXT_CALENDAR_PAYMENT_BANK_ACCOUNT', '', '', '1', '', '', '2');
INSERT INTO `contrexx_module_calendar_settings` (`id`, `section_id`, `name`, `title`, `value`, `info`, `type`, `options`, `special`, `order`) VALUES ('37', '13', 'paymentBankIBAN', 'TXT_CALENDAR_PAYMENT_BANK_IBAN', '', '', '1', '', '', '3');
INSERT INTO `contrexx_module_calendar_settings` (`id`, `section_id`, `name`, `title`, `value`, `info`, `type`, `options`, `special`, `order`) VALUES ('38', '13', 'paymentBankCN', 'TXT_CALENDAR_PAYMENT_BANK_CN', '', '', '1', '', '', '4');
INSERT INTO `contrexx_module_calendar_settings` (`id`, `section_id`, `name`, `title`, `value`, `info`, `type`, `options`, `special`, `order`) VALUES ('39', '13', 'paymentBankSC', 'TXT_CALENDAR_PAYMENT_BANK_SC', '', '', '1', '', '', '5');
INSERT INTO `contrexx_module_calendar_settings` (`id`, `section_id`, `name`, `title`, `value`, `info`, `type`, `options`, `special`, `order`) VALUES ('40', '17', 'separatorDateDetail', 'TXT_CALENDAR_SEPARATOR_DATE', '1', 'TXT_CALENDAR_SEPARATOR_DATE_INFO', '5', 'TXT_CALENDAR_SEPARATOR_SPACE,TXT_CALENDAR_SEPARATOR_HYPHEN,TXT_CALENDAR_SEPARATOR_COLON,TXT_CALENDAR_SEPARATOR_TO', '', '1');
INSERT INTO `contrexx_module_calendar_settings` (`id`, `section_id`, `name`, `title`, `value`, `info`, `type`, `options`, `special`, `order`) VALUES ('41', '17', 'separatorTimeDetail', 'TXT_CALENDAR_SEPARATOR_TIME', '3', 'TXT_CALENDAR_SEPARATOR_TIME_INFO', '5', 'TXT_CALENDAR_SEPARATOR_SPACE,TXT_CALENDAR_SEPARATOR_HYPHEN,TXT_CALENDAR_SEPARATOR_COLON,TXT_CALENDAR_SEPARATOR_TO', '', '2');
INSERT INTO `contrexx_module_calendar_settings` (`id`, `section_id`, `name`, `title`, `value`, `info`, `type`, `options`, `special`, `order`) VALUES ('42', '17', 'separatorDateTimeDetail', 'TXT_CALENDAR_SEPARATOR_DATE_TIME', '3', 'TXT_CALENDAR_SEPARATOR_DATE_TIME_INFO', '5', 'TXT_CALENDAR_SEPARATOR_NOTHING,TXT_CALENDAR_SEPARATOR_SPACE,TXT_CALENDAR_SEPARATOR_BREAK,TXT_CALENDAR_SEPARATOR_HYPHEN,TXT_CALENDAR_SEPARATOR_COLON', '', '3');
INSERT INTO `contrexx_module_calendar_settings` (`id`, `section_id`, `name`, `title`, `value`, `info`, `type`, `options`, `special`, `order`) VALUES ('43', '17', 'separatorSeveralDaysDetail', 'TXT_CALENDAR_SEPARATOR_SEVERAL_DAYS', '2', 'TXT_CALENDAR_SEPARATOR_SEVERAL_DAYS_INFO', '5', 'TXT_CALENDAR_SEPARATOR_SPACE,TXT_CALENDAR_SEPARATOR_HYPHEN,TXT_CALENDAR_SEPARATOR_TO,TXT_CALENDAR_SEPARATOR_BREAK', '', '4');
INSERT INTO `contrexx_module_calendar_settings` (`id`, `section_id`, `name`, `title`, `value`, `info`, `type`, `options`, `special`, `order`) VALUES ('44', '17', 'showClockDetail', 'TXT_CALENDAR_SHOW_CLOCK', '1', 'TXT_CALENDAR_SEPARATOR_SHOW_CLOCK_INFO', '3', 'TXT_CALENDAR_ACTIVATE,TXT_CALENDAR_DEACTIVATE', '', '5');
INSERT INTO `contrexx_module_calendar_settings` (`id`, `section_id`, `name`, `title`, `value`, `info`, `type`, `options`, `special`, `order`) VALUES ('45', '17', 'showStartDateDetail', 'TXT_CALENDAR_SHOW_START_DATE', '1', 'TXT_CALENDAR_SHOW_START_DATE_INFO', '3', 'TXT_CALENDAR_ACTIVATE,TXT_CALENDAR_DEACTIVATE', '', '6');
INSERT INTO `contrexx_module_calendar_settings` (`id`, `section_id`, `name`, `title`, `value`, `info`, `type`, `options`, `special`, `order`) VALUES ('46', '17', 'showEndDateDetail', 'TXT_CALENDAR_SHOW_END_DATE', '1', 'TXT_CALENDAR_SHOW_END_DATE_INFO', '3', 'TXT_CALENDAR_ACTIVATE,TXT_CALENDAR_DEACTIVATE', '', '7');
INSERT INTO `contrexx_module_calendar_settings` (`id`, `section_id`, `name`, `title`, `value`, `info`, `type`, `options`, `special`, `order`) VALUES ('47', '17', 'showStartTimeDetail', 'TXT_CALENDAR_SHOW_START_TIME', '1', 'TXT_CALENDAR_SHOW_START_TIME_INFO', '3', 'TXT_CALENDAR_ACTIVATE,TXT_CALENDAR_DEACTIVATE', '', '8');
INSERT INTO `contrexx_module_calendar_settings` (`id`, `section_id`, `name`, `title`, `value`, `info`, `type`, `options`, `special`, `order`) VALUES ('48', '17', 'showEndTimeDetail', 'TXT_CALENDAR_SHOW_END_TIME', '1', 'TXT_CALENDAR_SHOW_END_TIME_INFO', '3', 'TXT_CALENDAR_ACTIVATE,TXT_CALENDAR_DEACTIVATE', '', '9');
INSERT INTO `contrexx_module_calendar_settings` (`id`, `section_id`, `name`, `title`, `value`, `info`, `type`, `options`, `special`, `order`) VALUES ('49', '16', 'separatorDateList', 'TXT_CALENDAR_SEPARATOR_DATE', '1', 'TXT_CALENDAR_SEPARATOR_DATE_INFO', '5', 'TXT_CALENDAR_SEPARATOR_SPACE,TXT_CALENDAR_SEPARATOR_HYPHEN,TXT_CALENDAR_SEPARATOR_COLON,TXT_CALENDAR_SEPARATOR_TO', '', '1');
INSERT INTO `contrexx_module_calendar_settings` (`id`, `section_id`, `name`, `title`, `value`, `info`, `type`, `options`, `special`, `order`) VALUES ('50', '16', 'separatorTimeList', 'TXT_CALENDAR_SEPARATOR_TIME', '1', 'TXT_CALENDAR_SEPARATOR_TIME_INFO', '5', 'TXT_CALENDAR_SEPARATOR_SPACE,TXT_CALENDAR_SEPARATOR_HYPHEN,TXT_CALENDAR_SEPARATOR_COLON,TXT_CALENDAR_SEPARATOR_TO', '', '2');
INSERT INTO `contrexx_module_calendar_settings` (`id`, `section_id`, `name`, `title`, `value`, `info`, `type`, `options`, `special`, `order`) VALUES ('51', '16', 'separatorDateTimeList', 'TXT_CALENDAR_SEPARATOR_DATE_TIME', '1', 'TXT_CALENDAR_SEPARATOR_DATE_TIME_INFO', '5', 'TXT_CALENDAR_SEPARATOR_NOTHING,TXT_CALENDAR_SEPARATOR_SPACE,TXT_CALENDAR_SEPARATOR_BREAK,TXT_CALENDAR_SEPARATOR_HYPHEN,TXT_CALENDAR_SEPARATOR_COLON', '', '3');
INSERT INTO `contrexx_module_calendar_settings` (`id`, `section_id`, `name`, `title`, `value`, `info`, `type`, `options`, `special`, `order`) VALUES ('52', '16', 'separatorSeveralDaysList', 'TXT_CALENDAR_SEPARATOR_SEVERAL_DAYS', '2', 'TXT_CALENDAR_SEPARATOR_SEVERAL_DAYS_INFO', '5', 'TXT_CALENDAR_SEPARATOR_SPACE,TXT_CALENDAR_SEPARATOR_HYPHEN,TXT_CALENDAR_SEPARATOR_TO,TXT_CALENDAR_SEPARATOR_BREAK', '', '4');
INSERT INTO `contrexx_module_calendar_settings` (`id`, `section_id`, `name`, `title`, `value`, `info`, `type`, `options`, `special`, `order`) VALUES ('53', '16', 'showClockList', 'TXT_CALENDAR_SHOW_CLOCK', '1', 'TXT_CALENDAR_SEPARATOR_SHOW_CLOCK_INFO', '3', 'TXT_CALENDAR_ACTIVATE,TXT_CALENDAR_DEACTIVATE', '', '5');
INSERT INTO `contrexx_module_calendar_settings` (`id`, `section_id`, `name`, `title`, `value`, `info`, `type`, `options`, `special`, `order`) VALUES ('54', '16', 'showStartDateList', 'TXT_CALENDAR_SHOW_START_DATE', '1', 'TXT_CALENDAR_SHOW_START_DATE_INFO', '3', 'TXT_CALENDAR_ACTIVATE,TXT_CALENDAR_DEACTIVATE', '', '6');
INSERT INTO `contrexx_module_calendar_settings` (`id`, `section_id`, `name`, `title`, `value`, `info`, `type`, `options`, `special`, `order`) VALUES ('55', '16', 'showEndDateList', 'TXT_CALENDAR_SHOW_END_DATE', '2', 'TXT_CALENDAR_SHOW_END_DATE_INFO', '3', 'TXT_CALENDAR_ACTIVATE,TXT_CALENDAR_DEACTIVATE', '', '7');
INSERT INTO `contrexx_module_calendar_settings` (`id`, `section_id`, `name`, `title`, `value`, `info`, `type`, `options`, `special`, `order`) VALUES ('56', '16', 'showStartTimeList', 'TXT_CALENDAR_SHOW_START_TIME', '2', 'TXT_CALENDAR_SHOW_START_TIME_INFO', '3', 'TXT_CALENDAR_ACTIVATE,TXT_CALENDAR_DEACTIVATE', '', '8');
INSERT INTO `contrexx_module_calendar_settings` (`id`, `section_id`, `name`, `title`, `value`, `info`, `type`, `options`, `special`, `order`) VALUES ('57', '16', 'showEndTimeList', 'TXT_CALENDAR_SHOW_END_TIME', '2', 'TXT_CALENDAR_SHOW_END_TIME_INFO', '3', 'TXT_CALENDAR_ACTIVATE,TXT_CALENDAR_DEACTIVATE', '', '9');
INSERT INTO `contrexx_module_calendar_settings` (`id`, `section_id`, `name`, `title`, `value`, `info`, `type`, `options`, `special`, `order`) VALUES ('58', '5', 'maxSeriesEndsYear', 'TXT_CALENDAR_MAX_SERIES_ENDS_YEAR', '0', 'TXT_CALENDAR_MAX_SERIES_ENDS_YEAR_INFO', '5', 'TXT_CALENDAR_MAX_SERIES_ENDS_YEAR_1_YEARS,TXT_CALENDAR_MAX_SERIES_ENDS_YEAR_2_YEARS,TXT_CALENDAR_MAX_SERIES_ENDS_YEAR_3_YEARS,TXT_CALENDAR_MAX_SERIES_ENDS_YEAR_4_YEARS,TXT_CALENDAR_MAX_SERIES_ENDS_YEAR_5_YEARS', '', '9');
INSERT INTO `contrexx_module_calendar_settings` (`id`, `section_id`, `name`, `title`, `value`, `info`, `type`, `options`, `special`, `order`) VALUES ('59', '5', 'showEventsOnlyInActiveLanguage', 'TXT_CALENDAR_SHOW_EVENTS_ONLY_IN_ACTIVE_LANGUAGE', '1', '', '3', 'TXT_CALENDAR_ACTIVATE,TXT_CALENDAR_DEACTIVATE', '', '10');
INSERT INTO `contrexx_module_calendar_settings` (`id`, `section_id`, `name`, `title`, `value`, `info`, `type`, `options`, `special`, `order`) VALUES ('60', '16', 'listViewPreview', 'TXT_CALENDAR_SHOW_PREVIEW', '0', '', '7', '', 'listPreview', '10');
INSERT INTO `contrexx_module_calendar_settings` (`id`, `section_id`, `name`, `title`, `value`, `info`, `type`, `options`, `special`, `order`) VALUES ('61', '17', 'detailViewPreview', 'TXT_CALENDAR_SHOW_PREVIEW', '0', '', '7', '', 'detailPreview', '10');
INSERT INTO `contrexx_module_calendar_settings` (`id`, `section_id`, `name`, `title`, `value`, `info`, `type`, `options`, `special`, `order`) VALUES ('20', '19', 'placeData', 'TXT_CALENDAR_PLACE_DATA', '1', 'TXT_CALENDAR_PLACE_DATA_STATUS_INFO', '3', 'TXT_CALENDAR_PLACE_DATA_DEFAULT,TXT_CALENDAR_PLACE_DATA_FROM_MEDIADIR,TXT_CALENDAR_PLACE_DATA_FROM_BOTH', '', '7');
INSERT INTO `contrexx_module_calendar_settings` (`id`, `section_id`, `name`, `title`, `value`, `info`, `type`, `options`, `special`, `order`) VALUES ('63', '19', 'placeDataHost', 'TXT_CALENDAR_PLACE_DATA_HOST', '1', 'TXT_CALENDAR_PLACE_DATA_STATUS_INFO', '3', 'TXT_CALENDAR_PLACE_DATA_DEFAULT,TXT_CALENDAR_PLACE_DATA_FROM_MEDIADIR,TXT_CALENDAR_PLACE_DATA_FROM_BOTH', '', '9');
INSERT INTO `contrexx_module_calendar_settings` (`id`, `section_id`, `name`, `title`, `value`, `info`, `type`, `options`, `special`, `order`) VALUES ('64', '19', 'placeDataHostForm', '', '0', '', '5', '', 'getPlaceDataDorpdown', '10');

INSERT INTO `contrexx_module_calendar_settings_section` (`id`, `parent`, `order`, `name`, `title`) VALUES ('5', '1', '0', 'global', 'TXT_CALENDAR_GLOBAL');
INSERT INTO `contrexx_module_calendar_settings_section` (`id`, `parent`, `order`, `name`, `title`) VALUES ('6', '1', '1', 'headlines', 'TXT_CALENDAR_HEADLINES');
INSERT INTO `contrexx_module_calendar_settings_section` (`id`, `parent`, `order`, `name`, `title`) VALUES ('1', '0', '0', 'global', '');
INSERT INTO `contrexx_module_calendar_settings_section` (`id`, `parent`, `order`, `name`, `title`) VALUES ('2', '0', '1', 'form', '');
INSERT INTO `contrexx_module_calendar_settings_section` (`id`, `parent`, `order`, `name`, `title`) VALUES ('3', '0', '2', 'mails', '');
INSERT INTO `contrexx_module_calendar_settings_section` (`id`, `parent`, `order`, `name`, `title`) VALUES ('4', '0', '3', 'hosts', '');
INSERT INTO `contrexx_module_calendar_settings_section` (`id`, `parent`, `order`, `name`, `title`) VALUES ('7', '4', '0', 'publication', 'TXT_CALENDAR_PUBLICATION');
INSERT INTO `contrexx_module_calendar_settings_section` (`id`, `parent`, `order`, `name`, `title`) VALUES ('8', '1', '2', 'categories', 'TXT_CALENDAR_CATEGORIES');
INSERT INTO `contrexx_module_calendar_settings_section` (`id`, `parent`, `order`, `name`, `title`) VALUES ('9', '0', '4', 'payment', '');
INSERT INTO `contrexx_module_calendar_settings_section` (`id`, `parent`, `order`, `name`, `title`) VALUES ('10', '9', '0', 'payment', 'TXT_CALENDAR_PAYMENT');
INSERT INTO `contrexx_module_calendar_settings_section` (`id`, `parent`, `order`, `name`, `title`) VALUES ('11', '9', '1', 'paymentBill', 'TXT_CALENDAR_PAYMENT_BILL');
INSERT INTO `contrexx_module_calendar_settings_section` (`id`, `parent`, `order`, `name`, `title`) VALUES ('12', '9', '2', 'paymentYellowpay', 'TXT_CALENDAR_PAYMENT_YELLOWPAY');
INSERT INTO `contrexx_module_calendar_settings_section` (`id`, `parent`, `order`, `name`, `title`) VALUES ('13', '9', '1', 'paymentBank', 'TXT_CALENDAR_PAYMENT_BANK');
INSERT INTO `contrexx_module_calendar_settings_section` (`id`, `parent`, `order`, `name`, `title`) VALUES ('14', '0', '5', 'dateDisplay', 'TXT_CALENDAR_DATE_DISPLAY');
INSERT INTO `contrexx_module_calendar_settings_section` (`id`, `parent`, `order`, `name`, `title`) VALUES ('15', '14', '0', 'dateGlobal', 'TXT_CALENDAR_GLOBAL');
INSERT INTO `contrexx_module_calendar_settings_section` (`id`, `parent`, `order`, `name`, `title`) VALUES ('16', '14', '1', 'dateDisplayList', 'TXT_CALENDAR_DATE_DISPLAY_LIST');
INSERT INTO `contrexx_module_calendar_settings_section` (`id`, `parent`, `order`, `name`, `title`) VALUES ('17', '14', '2', 'dateDisplayDetail', 'TXT_CALENDAR_DATE_DISPLAY_DETAIL');
INSERT INTO `contrexx_module_calendar_settings_section` (`id`, `parent`, `order`, `name`, `title`) VALUES ('18', '1', '3', 'frontend_submission', 'TXT_CALENDAR_FRONTEND_SUBMISSION');
INSERT INTO `contrexx_module_calendar_settings_section` (`id`, `parent`, `order`, `name`, `title`) VALUES ('19', '1', '4', 'location_host', 'TXT_CALENDAR_EVENT_LOCATION');

INSERT INTO `contrexx_module_calendar_style` (`id`, `tableWidth`, `tableHeight`, `tableColor`, `tableBorder`, `tableBorderColor`, `tableSpacing`, `fontSize`, `fontColor`, `numColor`, `normalDayColor`, `normalDayRollOverColor`, `curDayColor`, `curDayRollOverColor`, `eventDayColor`, `eventDayRollOverColor`, `shownEvents`, `periodTime`, `stdCat`) VALUES ('1', '141', '92', '#ffffff', '1', '#cccccc', '0', '10', '#000000', '#0000ff', '#ffffff', '#eeeeee', '#00ccff', '#0066ff', '#00cc00', '#009900', '10', '00 23', '');
INSERT INTO `contrexx_module_calendar_style` (`id`, `tableWidth`, `tableHeight`, `tableColor`, `tableBorder`, `tableBorderColor`, `tableSpacing`, `fontSize`, `fontColor`, `numColor`, `normalDayColor`, `normalDayRollOverColor`, `curDayColor`, `curDayRollOverColor`, `eventDayColor`, `eventDayRollOverColor`, `shownEvents`, `periodTime`, `stdCat`) VALUES ('2', '141', '92', '#ffffff', '1', '#cccccc', '0', '10', '#000000', '#0000ff', '#ffffff', '#eeeeee', '#00ccff', '#0066ff', '#00cc00', '#009900', '10', '05 19', '1>1 2>0');

INSERT INTO `contrexx_module_contact_form` (`id`, `mails`, `showForm`, `use_captcha`, `use_custom_style`, `save_data_in_crm`, `send_copy`, `use_email_of_sender`, `html_mail`, `send_attachment`) VALUES ('1', '', '0', '1', '0', '0', '0', '0', '1', '0');
INSERT INTO `contrexx_module_contact_form` (`id`, `mails`, `showForm`, `use_captcha`, `use_custom_style`, `save_data_in_crm`, `send_copy`, `use_email_of_sender`, `html_mail`, `send_attachment`) VALUES ('2', '', '0', '1', '0', '1', '0', '0', '1', '0');

INSERT INTO `contrexx_module_contact_form_field` (`id`, `id_form`, `type`, `special_type`, `is_required`, `check_type`, `order_id`) VALUES ('74', '1', 'textarea', '', '1', '1', '4');
INSERT INTO `contrexx_module_contact_form_field` (`id`, `id_form`, `type`, `special_type`, `is_required`, `check_type`, `order_id`) VALUES ('73', '1', 'special', 'access_email', '1', '2', '3');
INSERT INTO `contrexx_module_contact_form_field` (`id`, `id_form`, `type`, `special_type`, `is_required`, `check_type`, `order_id`) VALUES ('72', '1', 'special', 'access_company', '', '1', '2');
INSERT INTO `contrexx_module_contact_form_field` (`id`, `id_form`, `type`, `special_type`, `is_required`, `check_type`, `order_id`) VALUES ('71', '1', 'special', 'access_firstname', '1', '1', '0');
INSERT INTO `contrexx_module_contact_form_field` (`id`, `id_form`, `type`, `special_type`, `is_required`, `check_type`, `order_id`) VALUES ('76', '1', 'special', 'access_lastname', '', '1', '1');
INSERT INTO `contrexx_module_contact_form_field` (`id`, `id_form`, `type`, `special_type`, `is_required`, `check_type`, `order_id`) VALUES ('77', '2', 'special', 'access_firstname', '1', '1', '1');
INSERT INTO `contrexx_module_contact_form_field` (`id`, `id_form`, `type`, `special_type`, `is_required`, `check_type`, `order_id`) VALUES ('78', '2', 'special', 'access_lastname', '1', '1', '2');
INSERT INTO `contrexx_module_contact_form_field` (`id`, `id_form`, `type`, `special_type`, `is_required`, `check_type`, `order_id`) VALUES ('79', '2', 'special', 'access_company', '', '1', '3');
INSERT INTO `contrexx_module_contact_form_field` (`id`, `id_form`, `type`, `special_type`, `is_required`, `check_type`, `order_id`) VALUES ('80', '2', 'special', 'access_email', '1', '2', '9');
INSERT INTO `contrexx_module_contact_form_field` (`id`, `id_form`, `type`, `special_type`, `is_required`, `check_type`, `order_id`) VALUES ('81', '2', 'textarea', '', '', '1', '11');
INSERT INTO `contrexx_module_contact_form_field` (`id`, `id_form`, `type`, `special_type`, `is_required`, `check_type`, `order_id`) VALUES ('82', '2', 'special', 'access_title', '', '0', '0');
INSERT INTO `contrexx_module_contact_form_field` (`id`, `id_form`, `type`, `special_type`, `is_required`, `check_type`, `order_id`) VALUES ('83', '2', 'special', 'access_address', '', '1', '4');
INSERT INTO `contrexx_module_contact_form_field` (`id`, `id_form`, `type`, `special_type`, `is_required`, `check_type`, `order_id`) VALUES ('84', '2', 'special', 'access_zip', '', '1', '5');
INSERT INTO `contrexx_module_contact_form_field` (`id`, `id_form`, `type`, `special_type`, `is_required`, `check_type`, `order_id`) VALUES ('85', '2', 'special', 'access_city', '', '1', '6');
INSERT INTO `contrexx_module_contact_form_field` (`id`, `id_form`, `type`, `special_type`, `is_required`, `check_type`, `order_id`) VALUES ('86', '2', 'special', 'access_country', '', '0', '7');
INSERT INTO `contrexx_module_contact_form_field` (`id`, `id_form`, `type`, `special_type`, `is_required`, `check_type`, `order_id`) VALUES ('87', '2', 'special', 'access_phone_office', '', '1', '8');
INSERT INTO `contrexx_module_contact_form_field` (`id`, `id_form`, `type`, `special_type`, `is_required`, `check_type`, `order_id`) VALUES ('88', '2', 'special', 'access_website', '', '1', '10');

INSERT INTO `contrexx_module_contact_form_field_lang` (`id`, `fieldID`, `langID`, `name`, `attributes`) VALUES ('47', '74', '2', 'Message', '');
INSERT INTO `contrexx_module_contact_form_field_lang` (`id`, `fieldID`, `langID`, `name`, `attributes`) VALUES ('46', '73', '2', 'E-Mail', '');
INSERT INTO `contrexx_module_contact_form_field_lang` (`id`, `fieldID`, `langID`, `name`, `attributes`) VALUES ('45', '72', '2', 'Company name', '');
INSERT INTO `contrexx_module_contact_form_field_lang` (`id`, `fieldID`, `langID`, `name`, `attributes`) VALUES ('44', '71', '2', 'Name', '');
INSERT INTO `contrexx_module_contact_form_field_lang` (`id`, `fieldID`, `langID`, `name`, `attributes`) VALUES ('43', '74', '1', 'Bemerkung', '');
INSERT INTO `contrexx_module_contact_form_field_lang` (`id`, `fieldID`, `langID`, `name`, `attributes`) VALUES ('42', '73', '1', 'E-Mail', '');
INSERT INTO `contrexx_module_contact_form_field_lang` (`id`, `fieldID`, `langID`, `name`, `attributes`) VALUES ('41', '72', '1', 'Firma', '');
INSERT INTO `contrexx_module_contact_form_field_lang` (`id`, `fieldID`, `langID`, `name`, `attributes`) VALUES ('40', '71', '1', 'Name', '');
INSERT INTO `contrexx_module_contact_form_field_lang` (`id`, `fieldID`, `langID`, `name`, `attributes`) VALUES ('50', '76', '1', 'Nachname', '');
INSERT INTO `contrexx_module_contact_form_field_lang` (`id`, `fieldID`, `langID`, `name`, `attributes`) VALUES ('51', '76', '2', 'Surname', '');
INSERT INTO `contrexx_module_contact_form_field_lang` (`id`, `fieldID`, `langID`, `name`, `attributes`) VALUES ('52', '77', '1', 'Vorname', '');
INSERT INTO `contrexx_module_contact_form_field_lang` (`id`, `fieldID`, `langID`, `name`, `attributes`) VALUES ('53', '77', '2', 'Name', '');
INSERT INTO `contrexx_module_contact_form_field_lang` (`id`, `fieldID`, `langID`, `name`, `attributes`) VALUES ('54', '78', '1', 'Nachname', '');
INSERT INTO `contrexx_module_contact_form_field_lang` (`id`, `fieldID`, `langID`, `name`, `attributes`) VALUES ('55', '78', '2', 'Surname', '');
INSERT INTO `contrexx_module_contact_form_field_lang` (`id`, `fieldID`, `langID`, `name`, `attributes`) VALUES ('56', '79', '1', 'Firma', '');
INSERT INTO `contrexx_module_contact_form_field_lang` (`id`, `fieldID`, `langID`, `name`, `attributes`) VALUES ('57', '79', '2', 'Company name', '');
INSERT INTO `contrexx_module_contact_form_field_lang` (`id`, `fieldID`, `langID`, `name`, `attributes`) VALUES ('58', '80', '1', 'E-Mail', '');
INSERT INTO `contrexx_module_contact_form_field_lang` (`id`, `fieldID`, `langID`, `name`, `attributes`) VALUES ('59', '80', '2', 'E-Mail', '');
INSERT INTO `contrexx_module_contact_form_field_lang` (`id`, `fieldID`, `langID`, `name`, `attributes`) VALUES ('60', '81', '1', 'Bemerkung', '');
INSERT INTO `contrexx_module_contact_form_field_lang` (`id`, `fieldID`, `langID`, `name`, `attributes`) VALUES ('61', '81', '2', 'Message', '');
INSERT INTO `contrexx_module_contact_form_field_lang` (`id`, `fieldID`, `langID`, `name`, `attributes`) VALUES ('62', '82', '1', 'Anrede', '');
INSERT INTO `contrexx_module_contact_form_field_lang` (`id`, `fieldID`, `langID`, `name`, `attributes`) VALUES ('63', '82', '2', '', '');
INSERT INTO `contrexx_module_contact_form_field_lang` (`id`, `fieldID`, `langID`, `name`, `attributes`) VALUES ('64', '83', '1', 'Adresse', '');
INSERT INTO `contrexx_module_contact_form_field_lang` (`id`, `fieldID`, `langID`, `name`, `attributes`) VALUES ('65', '83', '2', '', '');
INSERT INTO `contrexx_module_contact_form_field_lang` (`id`, `fieldID`, `langID`, `name`, `attributes`) VALUES ('66', '84', '1', 'Postleitzahl', '');
INSERT INTO `contrexx_module_contact_form_field_lang` (`id`, `fieldID`, `langID`, `name`, `attributes`) VALUES ('67', '84', '2', '', '');
INSERT INTO `contrexx_module_contact_form_field_lang` (`id`, `fieldID`, `langID`, `name`, `attributes`) VALUES ('68', '85', '1', 'Ort', '');
INSERT INTO `contrexx_module_contact_form_field_lang` (`id`, `fieldID`, `langID`, `name`, `attributes`) VALUES ('69', '85', '2', '', '');
INSERT INTO `contrexx_module_contact_form_field_lang` (`id`, `fieldID`, `langID`, `name`, `attributes`) VALUES ('70', '86', '1', 'Land', 'Bitte wählen');
INSERT INTO `contrexx_module_contact_form_field_lang` (`id`, `fieldID`, `langID`, `name`, `attributes`) VALUES ('71', '86', '2', '', 'Bitte wählen');
INSERT INTO `contrexx_module_contact_form_field_lang` (`id`, `fieldID`, `langID`, `name`, `attributes`) VALUES ('72', '87', '1', 'Telefon', '');
INSERT INTO `contrexx_module_contact_form_field_lang` (`id`, `fieldID`, `langID`, `name`, `attributes`) VALUES ('73', '87', '2', '', '');
INSERT INTO `contrexx_module_contact_form_field_lang` (`id`, `fieldID`, `langID`, `name`, `attributes`) VALUES ('74', '88', '1', 'Webseite', '');
INSERT INTO `contrexx_module_contact_form_field_lang` (`id`, `fieldID`, `langID`, `name`, `attributes`) VALUES ('75', '88', '2', '', '');

INSERT INTO `contrexx_module_contact_form_lang` (`id`, `formID`, `langID`, `is_active`, `name`, `text`, `feedback`, `mailTemplate`, `subject`) VALUES ('7', '1', '1', '1', 'Kontaktformular', 'Sie haben eine Frage zu unserer Unternehmung, unseren Produkten oder Dienstleistungen?<br />\r\nFüllen Sie bitte das untenstehende Formular aus und wir beantworten Ihre Anfrage schnell und unverbindlich.', 'Vielen Dank für Ihre Anfrage. Wir werden uns so schnell wie möglich mit Ihnen in Verbindung setzen.', '<table>\r\n	<tbody><!-- BEGIN form_field -->\r\n		<tr>\r\n			<td>{FIELD_LABEL}</td>\r\n			<td>{FIELD_VALUE}</td>\r\n		</tr>\r\n		<!-- END form_field -->\r\n	</tbody>\r\n</table>\r\n', '');
INSERT INTO `contrexx_module_contact_form_lang` (`id`, `formID`, `langID`, `is_active`, `name`, `text`, `feedback`, `mailTemplate`, `subject`) VALUES ('8', '1', '2', '1', 'Contact', 'Sie haben eine Frage zu unserer Unternehmung, unseren Produkten oder Dienstleistungen?<br />\r\nFüllen Sie bitte das untenstehende Formular aus und wir beantworten Ihre Anfrage schnell und unverbindlich.', 'Thank you for your interest. We will contact you as fast as possible.', '<table>\r\n	<tbody><!-- BEGIN form_field -->\r\n		<tr>\r\n			<td>{FIELD_LABEL}</td>\r\n			<td>{FIELD_VALUE}</td>\r\n		</tr>\r\n		<!-- END form_field -->\r\n	</tbody>\r\n</table>\r\n', '');
INSERT INTO `contrexx_module_contact_form_lang` (`id`, `formID`, `langID`, `is_active`, `name`, `text`, `feedback`, `mailTemplate`, `subject`) VALUES ('9', '2', '1', '1', 'Beispiel-CRM-Formular', 'Aus Ihrer Anfrage wird automatisch ein neuer Kontakt im CRM angelegt.<br />\r\n ', 'Vielen Dank für Ihre Anfrage. Wir werden uns so schnell wie möglich mit Ihnen in Verbindung setzen.', '<table>\r\n	<tbody><!-- BEGIN form_field -->\r\n		<tr>\r\n			<td>{FIELD_LABEL}</td>\r\n			<td>{FIELD_VALUE}</td>\r\n		</tr>\r\n		<!-- END form_field -->\r\n	</tbody>\r\n</table>\r\n', '');
INSERT INTO `contrexx_module_contact_form_lang` (`id`, `formID`, `langID`, `is_active`, `name`, `text`, `feedback`, `mailTemplate`, `subject`) VALUES ('10', '2', '2', '1', 'CRM Contact', '<h2>Pflegen Sie Ihre Kundendaten mit dem integrierten CRM-System von Contrexx</h2>\r\nKundenbeziehungen müssen gepflegt werden, das weiss jeder. Am besten geht das mit einem WebCRM-System, das einfach zu bedienen ist und kein Schulungsaufwand erfordert. <br />\r\n<br />\r\nContrexx enthält neu ab der Version 3.1 ein umfangreiches und auf KMU optimiertes CRM-System, mit dem Sie Ihre Kontakte, Aufträge und Verkaufschancen verwalten und direkt aus Ihrer Website bearbeiten können.\r\n<h2>Leistungsumfang</h2>\r\n\r\n<ul>\r\n	<li><strong>100% INTEGRIERT IN IHRE WEBSITE</strong> Alle Verkaufschancen, die auf Ihrer Website entstehen (z. B. wenn der Interessent ein Formular ausfüllt), werden automatisch in das CRM-System integriert und können dort bearbeitet werden.</li>\r\n	<li><strong>KUNDENPROFILE</strong> Erfassen Sie die Kontaktdaten Ihrer Kunden und kategorisieren Sie diese nach Unternehmenstyp und Branche. Kontaktpersonen werden Unternehmungen zugewiesen, um den persönlichen Kontakt sicherzustellen. Optional kann dem Profil ein Foto beigefügt werden. Unterscheiden Sie zwischen privaten Kunden und Unternehmungen. Beim Speichern von Privatpersonen kann automatisch ein Userprofil in der Benutzerverwaltung der Website für die angegebene E-Mailadresse generiert werden.</li>\r\n	<li><strong>KUNDENGRUPPEN</strong> Teilen Sie Ihre Kunden in verschiedene Kategorien ein und erstellen Sie selber definierte Kundengruppen. Behalten Sie den Überblick über die Grösse Ihrer Zielgruppen und betreiben Sie dadruch spezifischeres Marketing.</li>\r\n	<li><strong>AUFGABEN</strong> Erfassen Sie Ihre Projekte direkt im CRM und weisen Sie diese dem Kunden zu. So gehen keine Aufträge vergessen und jeder bereits ausgeführte Auftrag wird in der Historie des entsprechenden Kunden angezeigt. Jedem Auftrag kann eine ausführliche Beschreibung beigefügt werden. Auch ersichtlich ist der Mitarbeiter, welcher den Eintrag erstellt hat.</li>\r\n	<li><strong>VERKAUFSCHANCEN</strong> Sichern Sie sich Ihre Aufträge. Offerierte Projekte werden eingetragen und dem Profil des Interessenten zugeteilt. Notieren Sie den Angebotspreis, wie hoch die Verkaufschancen sind und den Offertenverlauf. Verbessern Sie so Ihre Kundenkommunikation grundlegend und verrechnen Sie Ende Monat mehr Aufträge.</li>\r\n	<li><strong>SCHNITTSTELLEN WIZARD FÜR IMPORT & EXPORT</strong> Durch CSV Dateien können tausende von Kundendaten aus dem CRM exportiert oder ins CRM importiert werden. Die Schnittstelle ist ein wichtiges Werkzeug, die Kontaktangaben nicht manuell zu erfassen.</li>\r\n</ul>\r\n\r\n<h2>Definition CRM</h2>\r\nCustomer-Relationship-Management, kurz CRM genannt, steht für Kundenpflege, beispielsweise gezieltes Dokumentieren und Verwalten der Kundendaten. Mittels einer CRM Software werden die Kundenbeziehungen gepflegt, Projekte notiert und alle Informationen zu den einzelnen Kunden gesammelt, was sich massgeblich auf den Unternehmenserfolg auswirkt.', 'Thank you for your interest. We will contact you as fast as possible.', '<table>\r\n	<tbody><!-- BEGIN form_field -->\r\n		<tr>\r\n			<td>{FIELD_LABEL}</td>\r\n			<td>{FIELD_VALUE}</td>\r\n		</tr>\r\n		<!-- END form_field -->\r\n	</tbody>\r\n</table>\r\n', '');

INSERT INTO `contrexx_module_contact_settings` (`setid`, `setname`, `setvalue`, `status`) VALUES ('1', 'fileUploadDepositionPath', '/images/attach', '1');
INSERT INTO `contrexx_module_contact_settings` (`setid`, `setname`, `setvalue`, `status`) VALUES ('2', 'spamProtectionWordList', 'poker,casino,viagra,sex,porn', '1');
INSERT INTO `contrexx_module_contact_settings` (`setid`, `setname`, `setvalue`, `status`) VALUES ('3', 'fieldMetaDate', '1', '1');
INSERT INTO `contrexx_module_contact_settings` (`setid`, `setname`, `setvalue`, `status`) VALUES ('4', 'fieldMetaHost', '0', '1');
INSERT INTO `contrexx_module_contact_settings` (`setid`, `setname`, `setvalue`, `status`) VALUES ('5', 'fieldMetaLang', '0', '1');
INSERT INTO `contrexx_module_contact_settings` (`setid`, `setname`, `setvalue`, `status`) VALUES ('6', 'fieldMetaIP', '0', '1');

INSERT INTO `contrexx_module_crm_contacts` (`id`, `customer_id`, `customer_type`, `customer_name`, `customer_website`, `customer_addedby`, `customer_currency`, `contact_familyname`, `contact_role`, `contact_customer`, `contact_language`, `gender`, `notes`, `industry_type`, `contact_type`, `user_account`, `datasource`, `profile_picture`, `status`, `added_date`) VALUES ('13775', NULL, NULL, 'Alexandra', NULL, '1', NULL, 'Muster', 'CEO', '13776', '1', '2', NULL, NULL, '2', NULL, '1', '', '1', '2013-02-15');
INSERT INTO `contrexx_module_crm_contacts` (`id`, `customer_id`, `customer_type`, `customer_name`, `customer_website`, `customer_addedby`, `customer_currency`, `contact_familyname`, `contact_role`, `contact_customer`, `contact_language`, `gender`, `notes`, `industry_type`, `contact_type`, `user_account`, `datasource`, `profile_picture`, `status`, `added_date`) VALUES ('13776', '0001', '272', 'Comvation AG Switzerland', NULL, '1', '80', NULL, NULL, NULL, '1', '0', 'Die Herstellerin der Website Management Software Contrexx.', '126', '1', NULL, '1', '', '1', '2013-02-15');

INSERT INTO `contrexx_module_crm_currency` (`id`, `name`, `active`, `pos`, `hourly_rate`, `default_currency`) VALUES ('71', 'AED-United Arab Emirates Dirham', '1', '0', '{\"267\":0,\"273\":0,\"272\":0,\"271\":0,\"268\":0,\"266\":0,\"274\":0,\"275\":0,\"270\":0}', '0');
INSERT INTO `contrexx_module_crm_currency` (`id`, `name`, `active`, `pos`, `hourly_rate`, `default_currency`) VALUES ('72', 'AMD-Armenian Dram', '1', '1', '{\"267\":0,\"273\":0,\"272\":0,\"271\":0,\"268\":0,\"266\":0,\"274\":0,\"275\":0,\"270\":0}', '0');
INSERT INTO `contrexx_module_crm_currency` (`id`, `name`, `active`, `pos`, `hourly_rate`, `default_currency`) VALUES ('73', 'ARS-Argentinian Peso', '1', '2', '{\"267\":0,\"273\":0,\"272\":0,\"271\":0,\"268\":0,\"266\":0,\"274\":0,\"275\":0,\"270\":0}', '0');
INSERT INTO `contrexx_module_crm_currency` (`id`, `name`, `active`, `pos`, `hourly_rate`, `default_currency`) VALUES ('74', 'AUD-Australian Dollar', '1', '3', '{\"267\":0,\"273\":0,\"272\":0,\"271\":0,\"268\":0,\"266\":0,\"274\":0,\"275\":0,\"270\":0}', '0');
INSERT INTO `contrexx_module_crm_currency` (`id`, `name`, `active`, `pos`, `hourly_rate`, `default_currency`) VALUES ('75', 'AZN-Azerbaijani Manat', '1', '4', '{\"267\":0,\"273\":0,\"272\":0,\"271\":0,\"268\":0,\"266\":0,\"274\":0,\"275\":0,\"270\":0}', '0');
INSERT INTO `contrexx_module_crm_currency` (`id`, `name`, `active`, `pos`, `hourly_rate`, `default_currency`) VALUES ('76', 'BDT-Bangladeshi Taka', '1', '5', '{\"267\":0,\"273\":0,\"272\":0,\"271\":0,\"268\":0,\"266\":0,\"274\":0,\"275\":0,\"270\":0}', '0');
INSERT INTO `contrexx_module_crm_currency` (`id`, `name`, `active`, `pos`, `hourly_rate`, `default_currency`) VALUES ('77', 'BRL-Brazilian Real', '1', '6', '{\"267\":0,\"273\":0,\"272\":0,\"271\":0,\"268\":0,\"266\":0,\"274\":0,\"275\":0,\"270\":0}', '0');
INSERT INTO `contrexx_module_crm_currency` (`id`, `name`, `active`, `pos`, `hourly_rate`, `default_currency`) VALUES ('78', 'BYR-Belarusian Ruble', '1', '7', '{\"267\":0,\"273\":0,\"272\":0,\"271\":0,\"268\":0,\"266\":0,\"274\":0,\"275\":0,\"270\":0}', '0');
INSERT INTO `contrexx_module_crm_currency` (`id`, `name`, `active`, `pos`, `hourly_rate`, `default_currency`) VALUES ('79', 'CAD-Canadian Dollar', '1', '8', '{\"267\":0,\"273\":0,\"272\":0,\"271\":0,\"268\":0,\"266\":0,\"274\":0,\"275\":0,\"270\":0}', '0');
INSERT INTO `contrexx_module_crm_currency` (`id`, `name`, `active`, `pos`, `hourly_rate`, `default_currency`) VALUES ('80', 'CHF-Swiss Franc', '1', '9', '{\"267\":0,\"273\":0,\"272\":0,\"271\":0,\"268\":0,\"266\":0,\"274\":0,\"275\":0,\"270\":0}', '1');
INSERT INTO `contrexx_module_crm_currency` (`id`, `name`, `active`, `pos`, `hourly_rate`, `default_currency`) VALUES ('81', 'CLP-Chilean Peso', '1', '10', '{\"267\":0,\"273\":0,\"272\":0,\"271\":0,\"268\":0,\"266\":0,\"274\":0,\"275\":0,\"270\":0}', '0');
INSERT INTO `contrexx_module_crm_currency` (`id`, `name`, `active`, `pos`, `hourly_rate`, `default_currency`) VALUES ('82', 'CNY-Chinese Yuan', '1', '11', '{\"267\":0,\"273\":0,\"272\":0,\"271\":0,\"268\":0,\"266\":0,\"274\":0,\"275\":0,\"270\":0}', '0');
INSERT INTO `contrexx_module_crm_currency` (`id`, `name`, `active`, `pos`, `hourly_rate`, `default_currency`) VALUES ('83', 'CZK-Czech Koruna', '1', '12', '{\"267\":0,\"273\":0,\"272\":0,\"271\":0,\"268\":0,\"266\":0,\"274\":0,\"275\":0,\"270\":0}', '0');
INSERT INTO `contrexx_module_crm_currency` (`id`, `name`, `active`, `pos`, `hourly_rate`, `default_currency`) VALUES ('84', 'DKK-Danish Krone', '1', '13', '{\"267\":0,\"273\":0,\"272\":0,\"271\":0,\"268\":0,\"266\":0,\"274\":0,\"275\":0,\"270\":0}', '0');
INSERT INTO `contrexx_module_crm_currency` (`id`, `name`, `active`, `pos`, `hourly_rate`, `default_currency`) VALUES ('85', 'DZD-Algerian Dinar', '1', '14', '{\"267\":0,\"273\":0,\"272\":0,\"271\":0,\"268\":0,\"266\":0,\"274\":0,\"275\":0,\"270\":0}', '0');
INSERT INTO `contrexx_module_crm_currency` (`id`, `name`, `active`, `pos`, `hourly_rate`, `default_currency`) VALUES ('86', 'EUR-Euro', '1', '15', '{\"267\":0,\"273\":0,\"272\":0,\"271\":0,\"268\":0,\"266\":0,\"274\":0,\"275\":0,\"270\":0}', '0');
INSERT INTO `contrexx_module_crm_currency` (`id`, `name`, `active`, `pos`, `hourly_rate`, `default_currency`) VALUES ('87', 'GBP-Pound Sterling', '1', '16', '{\"267\":0,\"273\":0,\"272\":0,\"271\":0,\"268\":0,\"266\":0,\"274\":0,\"275\":0,\"270\":0}', '0');
INSERT INTO `contrexx_module_crm_currency` (`id`, `name`, `active`, `pos`, `hourly_rate`, `default_currency`) VALUES ('88', 'GEL-Georgian Lari', '1', '17', '{\"267\":0,\"273\":0,\"272\":0,\"271\":0,\"268\":0,\"266\":0,\"274\":0,\"275\":0,\"270\":0}', '0');
INSERT INTO `contrexx_module_crm_currency` (`id`, `name`, `active`, `pos`, `hourly_rate`, `default_currency`) VALUES ('89', 'HKD-Hong Kong Dollar', '1', '18', '{\"267\":0,\"273\":0,\"272\":0,\"271\":0,\"268\":0,\"266\":0,\"274\":0,\"275\":0,\"270\":0}', '0');
INSERT INTO `contrexx_module_crm_currency` (`id`, `name`, `active`, `pos`, `hourly_rate`, `default_currency`) VALUES ('90', 'HUF-Hungarian Forint', '1', '19', '{\"267\":0,\"273\":0,\"272\":0,\"271\":0,\"268\":0,\"266\":0,\"274\":0,\"275\":0,\"270\":0}', '0');
INSERT INTO `contrexx_module_crm_currency` (`id`, `name`, `active`, `pos`, `hourly_rate`, `default_currency`) VALUES ('91', 'IDR-Indonesian Rupiah', '1', '20', '{\"267\":0,\"273\":0,\"272\":0,\"271\":0,\"268\":0,\"266\":0,\"274\":0,\"275\":0,\"270\":0}', '0');
INSERT INTO `contrexx_module_crm_currency` (`id`, `name`, `active`, `pos`, `hourly_rate`, `default_currency`) VALUES ('92', 'ILS-Israeli Shekel', '1', '21', '{\"267\":0,\"273\":0,\"272\":0,\"271\":0,\"268\":0,\"266\":0,\"274\":0,\"275\":0,\"270\":0}', '0');
INSERT INTO `contrexx_module_crm_currency` (`id`, `name`, `active`, `pos`, `hourly_rate`, `default_currency`) VALUES ('93', 'INR-Indian Rupee', '1', '22', '{\"267\":0,\"273\":0,\"272\":0,\"271\":0,\"268\":0,\"266\":0,\"274\":0,\"275\":0,\"270\":0}', '0');
INSERT INTO `contrexx_module_crm_currency` (`id`, `name`, `active`, `pos`, `hourly_rate`, `default_currency`) VALUES ('94', 'JPY-Japanese Yen', '1', '23', '{\"267\":0,\"273\":0,\"272\":0,\"271\":0,\"268\":0,\"266\":0,\"274\":0,\"275\":0,\"270\":0}', '0');
INSERT INTO `contrexx_module_crm_currency` (`id`, `name`, `active`, `pos`, `hourly_rate`, `default_currency`) VALUES ('95', 'KRW-South Korean Won', '1', '24', '{\"267\":0,\"273\":0,\"272\":0,\"271\":0,\"268\":0,\"266\":0,\"274\":0,\"275\":0,\"270\":0}', '0');
INSERT INTO `contrexx_module_crm_currency` (`id`, `name`, `active`, `pos`, `hourly_rate`, `default_currency`) VALUES ('96', 'KZT-Kazakhstani Tenge', '1', '25', '{\"267\":0,\"273\":0,\"272\":0,\"271\":0,\"268\":0,\"266\":0,\"274\":0,\"275\":0,\"270\":0}', '0');
INSERT INTO `contrexx_module_crm_currency` (`id`, `name`, `active`, `pos`, `hourly_rate`, `default_currency`) VALUES ('97', 'LVL-Latvian Lat', '1', '26', '{\"267\":0,\"273\":0,\"272\":0,\"271\":0,\"268\":0,\"266\":0,\"274\":0,\"275\":0,\"270\":0}', '0');
INSERT INTO `contrexx_module_crm_currency` (`id`, `name`, `active`, `pos`, `hourly_rate`, `default_currency`) VALUES ('98', 'MAD-Moroccan Dirham', '1', '27', '{\"267\":0,\"273\":0,\"272\":0,\"271\":0,\"268\":0,\"266\":0,\"274\":0,\"275\":0,\"270\":0}', '0');
INSERT INTO `contrexx_module_crm_currency` (`id`, `name`, `active`, `pos`, `hourly_rate`, `default_currency`) VALUES ('99', 'MGA-Malagasy Ariary', '1', '28', '{\"267\":0,\"273\":0,\"272\":0,\"271\":0,\"268\":0,\"266\":0,\"274\":0,\"275\":0,\"270\":0}', '0');
INSERT INTO `contrexx_module_crm_currency` (`id`, `name`, `active`, `pos`, `hourly_rate`, `default_currency`) VALUES ('100', 'MXN-Mexican Peso', '1', '29', '{\"267\":0,\"273\":0,\"272\":0,\"271\":0,\"268\":0,\"266\":0,\"274\":0,\"275\":0,\"270\":0}', '0');
INSERT INTO `contrexx_module_crm_currency` (`id`, `name`, `active`, `pos`, `hourly_rate`, `default_currency`) VALUES ('101', 'MYR-Malaysian Ringgit', '1', '30', '{\"267\":0,\"273\":0,\"272\":0,\"271\":0,\"268\":0,\"266\":0,\"274\":0,\"275\":0,\"270\":0}', '0');
INSERT INTO `contrexx_module_crm_currency` (`id`, `name`, `active`, `pos`, `hourly_rate`, `default_currency`) VALUES ('102', 'NOK-Norwegian Krone', '1', '31', '{\"267\":0,\"273\":0,\"272\":0,\"271\":0,\"268\":0,\"266\":0,\"274\":0,\"275\":0,\"270\":0}', '0');
INSERT INTO `contrexx_module_crm_currency` (`id`, `name`, `active`, `pos`, `hourly_rate`, `default_currency`) VALUES ('103', 'NZD-New Zealand Dollar', '1', '32', '{\"267\":0,\"273\":0,\"272\":0,\"271\":0,\"268\":0,\"266\":0,\"274\":0,\"275\":0,\"270\":0}', '0');
INSERT INTO `contrexx_module_crm_currency` (`id`, `name`, `active`, `pos`, `hourly_rate`, `default_currency`) VALUES ('104', 'PHP-Philippine Peso', '1', '33', '{\"267\":0,\"273\":0,\"272\":0,\"271\":0,\"268\":0,\"266\":0,\"274\":0,\"275\":0,\"270\":0}', '0');
INSERT INTO `contrexx_module_crm_currency` (`id`, `name`, `active`, `pos`, `hourly_rate`, `default_currency`) VALUES ('105', 'PLN-Polish Zloty', '1', '34', '{\"267\":0,\"273\":0,\"272\":0,\"271\":0,\"268\":0,\"266\":0,\"274\":0,\"275\":0,\"270\":0}', '0');
INSERT INTO `contrexx_module_crm_currency` (`id`, `name`, `active`, `pos`, `hourly_rate`, `default_currency`) VALUES ('106', 'RUB-Rouble', '1', '35', '{\"267\":0,\"273\":0,\"272\":0,\"271\":0,\"268\":0,\"266\":0,\"274\":0,\"275\":0,\"270\":0}', '0');
INSERT INTO `contrexx_module_crm_currency` (`id`, `name`, `active`, `pos`, `hourly_rate`, `default_currency`) VALUES ('107', 'SAR-Saudi Riyal', '1', '36', '{\"267\":0,\"273\":0,\"272\":0,\"271\":0,\"268\":0,\"266\":0,\"274\":0,\"275\":0,\"270\":0}', '0');
INSERT INTO `contrexx_module_crm_currency` (`id`, `name`, `active`, `pos`, `hourly_rate`, `default_currency`) VALUES ('108', 'SEK-Swedish Krona', '1', '37', '{\"267\":0,\"273\":0,\"272\":0,\"271\":0,\"268\":0,\"266\":0,\"274\":0,\"275\":0,\"270\":0}', '0');
INSERT INTO `contrexx_module_crm_currency` (`id`, `name`, `active`, `pos`, `hourly_rate`, `default_currency`) VALUES ('109', 'SGD-Singapore Dollar', '1', '38', '{\"267\":0,\"273\":0,\"272\":0,\"271\":0,\"268\":0,\"266\":0,\"274\":0,\"275\":0,\"270\":0}', '0');
INSERT INTO `contrexx_module_crm_currency` (`id`, `name`, `active`, `pos`, `hourly_rate`, `default_currency`) VALUES ('110', 'THB-Thai Baht', '1', '39', '{\"267\":0,\"273\":0,\"272\":0,\"271\":0,\"268\":0,\"266\":0,\"274\":0,\"275\":0,\"270\":0}', '0');
INSERT INTO `contrexx_module_crm_currency` (`id`, `name`, `active`, `pos`, `hourly_rate`, `default_currency`) VALUES ('111', 'TRY-Turkish New Lira', '1', '40', '{\"267\":0,\"273\":0,\"272\":0,\"271\":0,\"268\":0,\"266\":0,\"274\":0,\"275\":0,\"270\":0}', '0');
INSERT INTO `contrexx_module_crm_currency` (`id`, `name`, `active`, `pos`, `hourly_rate`, `default_currency`) VALUES ('112', 'UAH-Ukraine Hryvnia', '1', '41', '{\"267\":0,\"273\":0,\"272\":0,\"271\":0,\"268\":0,\"266\":0,\"274\":0,\"275\":0,\"270\":0}', '0');
INSERT INTO `contrexx_module_crm_currency` (`id`, `name`, `active`, `pos`, `hourly_rate`, `default_currency`) VALUES ('113', 'USD-United States Dollar', '1', '42', '{\"267\":0,\"273\":0,\"272\":0,\"271\":0,\"268\":0,\"266\":0,\"274\":0,\"275\":0,\"270\":0}', '0');
INSERT INTO `contrexx_module_crm_currency` (`id`, `name`, `active`, `pos`, `hourly_rate`, `default_currency`) VALUES ('114', 'UZS-Uzbekistani Som', '1', '43', '{\"267\":0,\"273\":0,\"272\":0,\"271\":0,\"268\":0,\"266\":0,\"274\":0,\"275\":0,\"270\":0}', '0');
INSERT INTO `contrexx_module_crm_currency` (`id`, `name`, `active`, `pos`, `hourly_rate`, `default_currency`) VALUES ('115', 'VEF-Venezuelan Bolivar', '1', '44', '{\"267\":0,\"273\":0,\"272\":0,\"271\":0,\"268\":0,\"266\":0,\"274\":0,\"275\":0,\"270\":0}', '0');
INSERT INTO `contrexx_module_crm_currency` (`id`, `name`, `active`, `pos`, `hourly_rate`, `default_currency`) VALUES ('116', 'VND-Vietnamese Dong', '1', '45', '{\"267\":0,\"273\":0,\"272\":0,\"271\":0,\"268\":0,\"266\":0,\"274\":0,\"275\":0,\"270\":0}', '0');
INSERT INTO `contrexx_module_crm_currency` (`id`, `name`, `active`, `pos`, `hourly_rate`, `default_currency`) VALUES ('117', 'ZAR-South African Rand', '1', '46', '{\"267\":0,\"273\":0,\"272\":0,\"271\":0,\"268\":0,\"266\":0,\"274\":0,\"275\":0,\"270\":0}', '0');

INSERT INTO `contrexx_module_crm_customer_comment` (`id`, `customer_id`, `notes_type_id`, `user_id`, `date`, `comment`, `added_date`, `updated_by`, `updated_on`) VALUES ('183', '13776', '75', '1', '2013-12-31', 'Einladung zum Weihnachtsfest 2013', '2013-02-15 15:40:35', NULL, NULL);

INSERT INTO `contrexx_module_crm_customer_contact_address` (`id`, `address`, `city`, `state`, `zip`, `country`, `Address_Type`, `is_primary`, `contact_id`) VALUES ('2200', '', '', '', '', '', '2', '1', '13775');
INSERT INTO `contrexx_module_crm_customer_contact_address` (`id`, `address`, `city`, `state`, `zip`, `country`, `Address_Type`, `is_primary`, `contact_id`) VALUES ('2199', 'Burgstrasse 20', 'Thun', 'Bern', '3600', 'Switzerland', '2', '1', '13776');

INSERT INTO `contrexx_module_crm_customer_contact_emails` (`id`, `email`, `email_type`, `is_primary`, `contact_id`) VALUES ('2410', 'info@comvation.com', '1', '1', '13776');
INSERT INTO `contrexx_module_crm_customer_contact_emails` (`id`, `email`, `email_type`, `is_primary`, `contact_id`) VALUES ('2411', 'muster@musterhausen.de', '0', '1', '13775');

INSERT INTO `contrexx_module_crm_customer_contact_phone` (`id`, `phone`, `phone_type`, `is_primary`, `contact_id`) VALUES ('6005', '', '1', '1', '13775');
INSERT INTO `contrexx_module_crm_customer_contact_phone` (`id`, `phone`, `phone_type`, `is_primary`, `contact_id`) VALUES ('6004', '+41 33 226 6000', '1', '1', '13776');

INSERT INTO `contrexx_module_crm_customer_contact_social_network` (`id`, `url`, `url_profile`, `is_primary`, `contact_id`) VALUES ('187', 'halligalli', '4', '1', '13533');
INSERT INTO `contrexx_module_crm_customer_contact_social_network` (`id`, `url`, `url_profile`, `is_primary`, `contact_id`) VALUES ('145', 'example.com', '5', '1', '11426');
INSERT INTO `contrexx_module_crm_customer_contact_social_network` (`id`, `url`, `url_profile`, `is_primary`, `contact_id`) VALUES ('200', '', '4', '1', '13775');
INSERT INTO `contrexx_module_crm_customer_contact_social_network` (`id`, `url`, `url_profile`, `is_primary`, `contact_id`) VALUES ('199', 'https://www.facebook.com/contrexxsoftware', '4', '1', '13776');

INSERT INTO `contrexx_module_crm_customer_contact_websites` (`id`, `url`, `url_type`, `url_profile`, `is_primary`, `contact_id`) VALUES ('194', '', '1', '1', '1', '0');
INSERT INTO `contrexx_module_crm_customer_contact_websites` (`id`, `url`, `url_type`, `url_profile`, `is_primary`, `contact_id`) VALUES ('164', '', '1', '1', '1', '13648');
INSERT INTO `contrexx_module_crm_customer_contact_websites` (`id`, `url`, `url_type`, `url_profile`, `is_primary`, `contact_id`) VALUES ('429', 'www.google.com', '0', '1', '1', '0');
INSERT INTO `contrexx_module_crm_customer_contact_websites` (`id`, `url`, `url_type`, `url_profile`, `is_primary`, `contact_id`) VALUES ('430', 'www.yahoo.com', '1', '1', '0', '0');
INSERT INTO `contrexx_module_crm_customer_contact_websites` (`id`, `url`, `url_type`, `url_profile`, `is_primary`, `contact_id`) VALUES ('431', 'www.test.com', '3', '1', '0', '0');
INSERT INTO `contrexx_module_crm_customer_contact_websites` (`id`, `url`, `url_type`, `url_profile`, `is_primary`, `contact_id`) VALUES ('432', 'www.ymail.com', '4', '1', '0', '0');
INSERT INTO `contrexx_module_crm_customer_contact_websites` (`id`, `url`, `url_type`, `url_profile`, `is_primary`, `contact_id`) VALUES ('433', 'www.gmail.com', '5', '1', '0', '0');
INSERT INTO `contrexx_module_crm_customer_contact_websites` (`id`, `url`, `url_type`, `url_profile`, `is_primary`, `contact_id`) VALUES ('434', 'www.wikipedia.com', '6', '1', '0', '0');
INSERT INTO `contrexx_module_crm_customer_contact_websites` (`id`, `url`, `url_type`, `url_profile`, `is_primary`, `contact_id`) VALUES ('435', 'www.hotmail.com', '2', '1', '0', '0');
INSERT INTO `contrexx_module_crm_customer_contact_websites` (`id`, `url`, `url_type`, `url_profile`, `is_primary`, `contact_id`) VALUES ('436', 'www.google.com', '1', '1', '1', '0');
INSERT INTO `contrexx_module_crm_customer_contact_websites` (`id`, `url`, `url_type`, `url_profile`, `is_primary`, `contact_id`) VALUES ('438', 'www.test.com', '0', '1', '1', '0');
INSERT INTO `contrexx_module_crm_customer_contact_websites` (`id`, `url`, `url_type`, `url_profile`, `is_primary`, `contact_id`) VALUES ('439', 'twww.test.com', '1', '1', '0', '0');
INSERT INTO `contrexx_module_crm_customer_contact_websites` (`id`, `url`, `url_type`, `url_profile`, `is_primary`, `contact_id`) VALUES ('440', 'www.test.com', '3', '1', '0', '0');
INSERT INTO `contrexx_module_crm_customer_contact_websites` (`id`, `url`, `url_type`, `url_profile`, `is_primary`, `contact_id`) VALUES ('441', 'www.test.com', '4', '1', '0', '0');
INSERT INTO `contrexx_module_crm_customer_contact_websites` (`id`, `url`, `url_type`, `url_profile`, `is_primary`, `contact_id`) VALUES ('442', 'www.test.com', '5', '1', '0', '0');
INSERT INTO `contrexx_module_crm_customer_contact_websites` (`id`, `url`, `url_type`, `url_profile`, `is_primary`, `contact_id`) VALUES ('847', 'www.business3.com', '0', '5', '0', '13770');
INSERT INTO `contrexx_module_crm_customer_contact_websites` (`id`, `url`, `url_type`, `url_profile`, `is_primary`, `contact_id`) VALUES ('849', 'http://www.comvation.com', '0', '3', '1', '13776');
INSERT INTO `contrexx_module_crm_customer_contact_websites` (`id`, `url`, `url_type`, `url_profile`, `is_primary`, `contact_id`) VALUES ('846', 'www.business2.com', '0', '4', '0', '13770');
INSERT INTO `contrexx_module_crm_customer_contact_websites` (`id`, `url`, `url_type`, `url_profile`, `is_primary`, `contact_id`) VALUES ('845', 'www.businesscom', '0', '3', '1', '13770');
INSERT INTO `contrexx_module_crm_customer_contact_websites` (`id`, `url`, `url_type`, `url_profile`, `is_primary`, `contact_id`) VALUES ('839', 'www.home.com', '0', '0', '1', '13766');
INSERT INTO `contrexx_module_crm_customer_contact_websites` (`id`, `url`, `url_type`, `url_profile`, `is_primary`, `contact_id`) VALUES ('840', 'www.work.com', '0', '1', '0', '13766');
INSERT INTO `contrexx_module_crm_customer_contact_websites` (`id`, `url`, `url_type`, `url_profile`, `is_primary`, `contact_id`) VALUES ('841', 'www.other.com', '0', '2', '0', '13766');
INSERT INTO `contrexx_module_crm_customer_contact_websites` (`id`, `url`, `url_type`, `url_profile`, `is_primary`, `contact_id`) VALUES ('850', 'http://www.musterhausen.de', '0', '1', '1', '13775');

INSERT INTO `contrexx_module_crm_customer_membership` (`contact_id`, `membership_id`) VALUES ('13776', '26');
INSERT INTO `contrexx_module_crm_customer_membership` (`contact_id`, `membership_id`) VALUES ('13775', '26');

INSERT INTO `contrexx_module_crm_customer_types` (`id`, `label`, `hourly_rate`, `active`, `pos`, `default`) VALUES ('268', 'Genossenschaft', '', '1', '5', '0');
INSERT INTO `contrexx_module_crm_customer_types` (`id`, `label`, `hourly_rate`, `active`, `pos`, `default`) VALUES ('266', 'Non-Profit-Organisation', '', '1', '6', '0');
INSERT INTO `contrexx_module_crm_customer_types` (`id`, `label`, `hourly_rate`, `active`, `pos`, `default`) VALUES ('267', 'Einzelunternehmen', '', '1', '0', '0');
INSERT INTO `contrexx_module_crm_customer_types` (`id`, `label`, `hourly_rate`, `active`, `pos`, `default`) VALUES ('270', 'Verein', '', '1', '9', '0');
INSERT INTO `contrexx_module_crm_customer_types` (`id`, `label`, `hourly_rate`, `active`, `pos`, `default`) VALUES ('271', 'Großunternehmen', '', '1', '3', '0');
INSERT INTO `contrexx_module_crm_customer_types` (`id`, `label`, `hourly_rate`, `active`, `pos`, `default`) VALUES ('272', 'Kleine und mittlere Unternehmen', '', '1', '2', '1');
INSERT INTO `contrexx_module_crm_customer_types` (`id`, `label`, `hourly_rate`, `active`, `pos`, `default`) VALUES ('273', 'Kleinst- und Kleinunternehmen', '', '1', '1', '0');
INSERT INTO `contrexx_module_crm_customer_types` (`id`, `label`, `hourly_rate`, `active`, `pos`, `default`) VALUES ('274', 'Nichtregierungsorganisation', '', '1', '7', '0');
INSERT INTO `contrexx_module_crm_customer_types` (`id`, `label`, `hourly_rate`, `active`, `pos`, `default`) VALUES ('275', 'Privat', '', '1', '8', '0');

INSERT INTO `contrexx_module_crm_datasources` (`id`, `datasource`, `status`) VALUES ('1', 'crm', '1');
INSERT INTO `contrexx_module_crm_datasources` (`id`, `datasource`, `status`) VALUES ('2', 'web form', '1');
INSERT INTO `contrexx_module_crm_datasources` (`id`, `datasource`, `status`) VALUES ('3', 'import', '1');

INSERT INTO `contrexx_module_crm_deals` (`id`, `title`, `website`, `customer`, `customer_contact`, `quoted_price`, `quote_number`, `assigned_to`, `due_date`, `stage`, `description`, `project_id`) VALUES ('56', 'Google Adwords Kampagne', '0', '13776', '13775', '20000.00', '', '1', '2013-02-15', '52', 'Setup und Betreuung der Google Adwords Kampagne.', '0');

INSERT INTO `contrexx_module_crm_industry_types` (`id`, `parent_id`, `sorting`, `status`) VALUES ('1', '0', '0', '1');
INSERT INTO `contrexx_module_crm_industry_types` (`id`, `parent_id`, `sorting`, `status`) VALUES ('2', '0', '0', '1');
INSERT INTO `contrexx_module_crm_industry_types` (`id`, `parent_id`, `sorting`, `status`) VALUES ('3', '0', '0', '1');
INSERT INTO `contrexx_module_crm_industry_types` (`id`, `parent_id`, `sorting`, `status`) VALUES ('153', '150', '2', '1');
INSERT INTO `contrexx_module_crm_industry_types` (`id`, `parent_id`, `sorting`, `status`) VALUES ('152', '150', '1', '1');
INSERT INTO `contrexx_module_crm_industry_types` (`id`, `parent_id`, `sorting`, `status`) VALUES ('151', '150', '0', '1');
INSERT INTO `contrexx_module_crm_industry_types` (`id`, `parent_id`, `sorting`, `status`) VALUES ('150', '0', '1', '1');
INSERT INTO `contrexx_module_crm_industry_types` (`id`, `parent_id`, `sorting`, `status`) VALUES ('149', '142', '6', '1');
INSERT INTO `contrexx_module_crm_industry_types` (`id`, `parent_id`, `sorting`, `status`) VALUES ('148', '142', '5', '1');
INSERT INTO `contrexx_module_crm_industry_types` (`id`, `parent_id`, `sorting`, `status`) VALUES ('147', '142', '4', '1');
INSERT INTO `contrexx_module_crm_industry_types` (`id`, `parent_id`, `sorting`, `status`) VALUES ('146', '142', '3', '1');
INSERT INTO `contrexx_module_crm_industry_types` (`id`, `parent_id`, `sorting`, `status`) VALUES ('145', '142', '2', '1');
INSERT INTO `contrexx_module_crm_industry_types` (`id`, `parent_id`, `sorting`, `status`) VALUES ('144', '142', '1', '1');
INSERT INTO `contrexx_module_crm_industry_types` (`id`, `parent_id`, `sorting`, `status`) VALUES ('143', '142', '0', '1');
INSERT INTO `contrexx_module_crm_industry_types` (`id`, `parent_id`, `sorting`, `status`) VALUES ('142', '0', '0', '1');
INSERT INTO `contrexx_module_crm_industry_types` (`id`, `parent_id`, `sorting`, `status`) VALUES ('154', '150', '3', '1');
INSERT INTO `contrexx_module_crm_industry_types` (`id`, `parent_id`, `sorting`, `status`) VALUES ('155', '0', '2', '1');
INSERT INTO `contrexx_module_crm_industry_types` (`id`, `parent_id`, `sorting`, `status`) VALUES ('157', '155', '0', '1');
INSERT INTO `contrexx_module_crm_industry_types` (`id`, `parent_id`, `sorting`, `status`) VALUES ('158', '155', '1', '1');
INSERT INTO `contrexx_module_crm_industry_types` (`id`, `parent_id`, `sorting`, `status`) VALUES ('159', '0', '3', '1');
INSERT INTO `contrexx_module_crm_industry_types` (`id`, `parent_id`, `sorting`, `status`) VALUES ('160', '159', '0', '1');
INSERT INTO `contrexx_module_crm_industry_types` (`id`, `parent_id`, `sorting`, `status`) VALUES ('161', '159', '1', '1');
INSERT INTO `contrexx_module_crm_industry_types` (`id`, `parent_id`, `sorting`, `status`) VALUES ('162', '159', '2', '1');
INSERT INTO `contrexx_module_crm_industry_types` (`id`, `parent_id`, `sorting`, `status`) VALUES ('163', '159', '3', '1');
INSERT INTO `contrexx_module_crm_industry_types` (`id`, `parent_id`, `sorting`, `status`) VALUES ('164', '0', '4', '1');
INSERT INTO `contrexx_module_crm_industry_types` (`id`, `parent_id`, `sorting`, `status`) VALUES ('165', '164', '0', '1');
INSERT INTO `contrexx_module_crm_industry_types` (`id`, `parent_id`, `sorting`, `status`) VALUES ('166', '164', '1', '1');
INSERT INTO `contrexx_module_crm_industry_types` (`id`, `parent_id`, `sorting`, `status`) VALUES ('167', '164', '2', '1');
INSERT INTO `contrexx_module_crm_industry_types` (`id`, `parent_id`, `sorting`, `status`) VALUES ('168', '164', '3', '1');
INSERT INTO `contrexx_module_crm_industry_types` (`id`, `parent_id`, `sorting`, `status`) VALUES ('169', '164', '4', '1');
INSERT INTO `contrexx_module_crm_industry_types` (`id`, `parent_id`, `sorting`, `status`) VALUES ('170', '0', '5', '1');
INSERT INTO `contrexx_module_crm_industry_types` (`id`, `parent_id`, `sorting`, `status`) VALUES ('171', '170', '0', '1');
INSERT INTO `contrexx_module_crm_industry_types` (`id`, `parent_id`, `sorting`, `status`) VALUES ('172', '170', '1', '1');
INSERT INTO `contrexx_module_crm_industry_types` (`id`, `parent_id`, `sorting`, `status`) VALUES ('173', '170', '2', '1');
INSERT INTO `contrexx_module_crm_industry_types` (`id`, `parent_id`, `sorting`, `status`) VALUES ('174', '170', '3', '1');
INSERT INTO `contrexx_module_crm_industry_types` (`id`, `parent_id`, `sorting`, `status`) VALUES ('175', '170', '4', '1');
INSERT INTO `contrexx_module_crm_industry_types` (`id`, `parent_id`, `sorting`, `status`) VALUES ('176', '170', '5', '1');
INSERT INTO `contrexx_module_crm_industry_types` (`id`, `parent_id`, `sorting`, `status`) VALUES ('177', '170', '6', '1');
INSERT INTO `contrexx_module_crm_industry_types` (`id`, `parent_id`, `sorting`, `status`) VALUES ('178', '0', '6', '1');
INSERT INTO `contrexx_module_crm_industry_types` (`id`, `parent_id`, `sorting`, `status`) VALUES ('179', '178', '0', '1');
INSERT INTO `contrexx_module_crm_industry_types` (`id`, `parent_id`, `sorting`, `status`) VALUES ('180', '178', '1', '1');
INSERT INTO `contrexx_module_crm_industry_types` (`id`, `parent_id`, `sorting`, `status`) VALUES ('181', '178', '2', '1');
INSERT INTO `contrexx_module_crm_industry_types` (`id`, `parent_id`, `sorting`, `status`) VALUES ('182', '0', '7', '1');
INSERT INTO `contrexx_module_crm_industry_types` (`id`, `parent_id`, `sorting`, `status`) VALUES ('183', '182', '0', '1');
INSERT INTO `contrexx_module_crm_industry_types` (`id`, `parent_id`, `sorting`, `status`) VALUES ('184', '182', '1', '1');
INSERT INTO `contrexx_module_crm_industry_types` (`id`, `parent_id`, `sorting`, `status`) VALUES ('185', '182', '2', '1');
INSERT INTO `contrexx_module_crm_industry_types` (`id`, `parent_id`, `sorting`, `status`) VALUES ('186', '182', '3', '1');
INSERT INTO `contrexx_module_crm_industry_types` (`id`, `parent_id`, `sorting`, `status`) VALUES ('187', '182', '4', '1');
INSERT INTO `contrexx_module_crm_industry_types` (`id`, `parent_id`, `sorting`, `status`) VALUES ('188', '182', '5', '1');
INSERT INTO `contrexx_module_crm_industry_types` (`id`, `parent_id`, `sorting`, `status`) VALUES ('189', '182', '6', '1');
INSERT INTO `contrexx_module_crm_industry_types` (`id`, `parent_id`, `sorting`, `status`) VALUES ('190', '182', '7', '1');
INSERT INTO `contrexx_module_crm_industry_types` (`id`, `parent_id`, `sorting`, `status`) VALUES ('191', '0', '8', '1');
INSERT INTO `contrexx_module_crm_industry_types` (`id`, `parent_id`, `sorting`, `status`) VALUES ('192', '191', '0', '1');
INSERT INTO `contrexx_module_crm_industry_types` (`id`, `parent_id`, `sorting`, `status`) VALUES ('193', '191', '1', '1');
INSERT INTO `contrexx_module_crm_industry_types` (`id`, `parent_id`, `sorting`, `status`) VALUES ('194', '0', '9', '1');
INSERT INTO `contrexx_module_crm_industry_types` (`id`, `parent_id`, `sorting`, `status`) VALUES ('195', '194', '0', '1');
INSERT INTO `contrexx_module_crm_industry_types` (`id`, `parent_id`, `sorting`, `status`) VALUES ('196', '194', '1', '1');
INSERT INTO `contrexx_module_crm_industry_types` (`id`, `parent_id`, `sorting`, `status`) VALUES ('197', '194', '2', '1');
INSERT INTO `contrexx_module_crm_industry_types` (`id`, `parent_id`, `sorting`, `status`) VALUES ('198', '194', '3', '1');
INSERT INTO `contrexx_module_crm_industry_types` (`id`, `parent_id`, `sorting`, `status`) VALUES ('199', '0', '10', '1');
INSERT INTO `contrexx_module_crm_industry_types` (`id`, `parent_id`, `sorting`, `status`) VALUES ('200', '199', '0', '1');
INSERT INTO `contrexx_module_crm_industry_types` (`id`, `parent_id`, `sorting`, `status`) VALUES ('201', '199', '1', '1');
INSERT INTO `contrexx_module_crm_industry_types` (`id`, `parent_id`, `sorting`, `status`) VALUES ('202', '199', '2', '1');
INSERT INTO `contrexx_module_crm_industry_types` (`id`, `parent_id`, `sorting`, `status`) VALUES ('203', '0', '11', '1');
INSERT INTO `contrexx_module_crm_industry_types` (`id`, `parent_id`, `sorting`, `status`) VALUES ('204', '203', '0', '1');
INSERT INTO `contrexx_module_crm_industry_types` (`id`, `parent_id`, `sorting`, `status`) VALUES ('205', '203', '1', '1');
INSERT INTO `contrexx_module_crm_industry_types` (`id`, `parent_id`, `sorting`, `status`) VALUES ('206', '203', '2', '1');
INSERT INTO `contrexx_module_crm_industry_types` (`id`, `parent_id`, `sorting`, `status`) VALUES ('207', '203', '3', '1');
INSERT INTO `contrexx_module_crm_industry_types` (`id`, `parent_id`, `sorting`, `status`) VALUES ('209', '203', '5', '1');
INSERT INTO `contrexx_module_crm_industry_types` (`id`, `parent_id`, `sorting`, `status`) VALUES ('210', '203', '6', '1');
INSERT INTO `contrexx_module_crm_industry_types` (`id`, `parent_id`, `sorting`, `status`) VALUES ('211', '203', '4', '1');
INSERT INTO `contrexx_module_crm_industry_types` (`id`, `parent_id`, `sorting`, `status`) VALUES ('212', '0', '12', '1');
INSERT INTO `contrexx_module_crm_industry_types` (`id`, `parent_id`, `sorting`, `status`) VALUES ('233', '232', '0', '1');
INSERT INTO `contrexx_module_crm_industry_types` (`id`, `parent_id`, `sorting`, `status`) VALUES ('214', '212', '1', '1');
INSERT INTO `contrexx_module_crm_industry_types` (`id`, `parent_id`, `sorting`, `status`) VALUES ('215', '212', '0', '1');
INSERT INTO `contrexx_module_crm_industry_types` (`id`, `parent_id`, `sorting`, `status`) VALUES ('216', '212', '2', '1');
INSERT INTO `contrexx_module_crm_industry_types` (`id`, `parent_id`, `sorting`, `status`) VALUES ('217', '0', '13', '1');
INSERT INTO `contrexx_module_crm_industry_types` (`id`, `parent_id`, `sorting`, `status`) VALUES ('218', '217', '0', '1');
INSERT INTO `contrexx_module_crm_industry_types` (`id`, `parent_id`, `sorting`, `status`) VALUES ('219', '217', '1', '1');
INSERT INTO `contrexx_module_crm_industry_types` (`id`, `parent_id`, `sorting`, `status`) VALUES ('220', '217', '2', '1');
INSERT INTO `contrexx_module_crm_industry_types` (`id`, `parent_id`, `sorting`, `status`) VALUES ('221', '217', '3', '1');
INSERT INTO `contrexx_module_crm_industry_types` (`id`, `parent_id`, `sorting`, `status`) VALUES ('222', '217', '4', '1');
INSERT INTO `contrexx_module_crm_industry_types` (`id`, `parent_id`, `sorting`, `status`) VALUES ('223', '217', '5', '1');
INSERT INTO `contrexx_module_crm_industry_types` (`id`, `parent_id`, `sorting`, `status`) VALUES ('224', '217', '6', '1');
INSERT INTO `contrexx_module_crm_industry_types` (`id`, `parent_id`, `sorting`, `status`) VALUES ('225', '0', '14', '1');
INSERT INTO `contrexx_module_crm_industry_types` (`id`, `parent_id`, `sorting`, `status`) VALUES ('226', '225', '0', '1');
INSERT INTO `contrexx_module_crm_industry_types` (`id`, `parent_id`, `sorting`, `status`) VALUES ('227', '225', '1', '1');
INSERT INTO `contrexx_module_crm_industry_types` (`id`, `parent_id`, `sorting`, `status`) VALUES ('228', '225', '2', '1');
INSERT INTO `contrexx_module_crm_industry_types` (`id`, `parent_id`, `sorting`, `status`) VALUES ('230', '225', '3', '1');
INSERT INTO `contrexx_module_crm_industry_types` (`id`, `parent_id`, `sorting`, `status`) VALUES ('231', '225', '4', '1');
INSERT INTO `contrexx_module_crm_industry_types` (`id`, `parent_id`, `sorting`, `status`) VALUES ('232', '0', '15', '1');
INSERT INTO `contrexx_module_crm_industry_types` (`id`, `parent_id`, `sorting`, `status`) VALUES ('234', '232', '1', '1');
INSERT INTO `contrexx_module_crm_industry_types` (`id`, `parent_id`, `sorting`, `status`) VALUES ('235', '232', '2', '1');

INSERT INTO `contrexx_module_crm_industry_type_local` (`entry_id`, `lang_id`, `value`) VALUES ('4', '1', 'Industry de');
INSERT INTO `contrexx_module_crm_industry_type_local` (`entry_id`, `lang_id`, `value`) VALUES ('4', '2', 'Industry en');
INSERT INTO `contrexx_module_crm_industry_type_local` (`entry_id`, `lang_id`, `value`) VALUES ('4', '3', 'Industry fr');
INSERT INTO `contrexx_module_crm_industry_type_local` (`entry_id`, `lang_id`, `value`) VALUES ('5', '1', 'test Industry');
INSERT INTO `contrexx_module_crm_industry_type_local` (`entry_id`, `lang_id`, `value`) VALUES ('5', '2', 'test Industry');
INSERT INTO `contrexx_module_crm_industry_type_local` (`entry_id`, `lang_id`, `value`) VALUES ('5', '3', 'test Industry');
INSERT INTO `contrexx_module_crm_industry_type_local` (`entry_id`, `lang_id`, `value`) VALUES ('6', '1', 't454trt45t45');
INSERT INTO `contrexx_module_crm_industry_type_local` (`entry_id`, `lang_id`, `value`) VALUES ('6', '2', 't454trt45t45');
INSERT INTO `contrexx_module_crm_industry_type_local` (`entry_id`, `lang_id`, `value`) VALUES ('6', '3', 't454trt45t45');
INSERT INTO `contrexx_module_crm_industry_type_local` (`entry_id`, `lang_id`, `value`) VALUES ('7', '1', 'eferferferfe');
INSERT INTO `contrexx_module_crm_industry_type_local` (`entry_id`, `lang_id`, `value`) VALUES ('7', '2', 'eferferferfe');
INSERT INTO `contrexx_module_crm_industry_type_local` (`entry_id`, `lang_id`, `value`) VALUES ('7', '3', 'eferferferfe');
INSERT INTO `contrexx_module_crm_industry_type_local` (`entry_id`, `lang_id`, `value`) VALUES ('8', '3', 'rakesh');
INSERT INTO `contrexx_module_crm_industry_type_local` (`entry_id`, `lang_id`, `value`) VALUES ('8', '2', 'ravi');
INSERT INTO `contrexx_module_crm_industry_type_local` (`entry_id`, `lang_id`, `value`) VALUES ('8', '1', 'rakesh');
INSERT INTO `contrexx_module_crm_industry_type_local` (`entry_id`, `lang_id`, `value`) VALUES ('9', '1', '');
INSERT INTO `contrexx_module_crm_industry_type_local` (`entry_id`, `lang_id`, `value`) VALUES ('9', '2', 'rakesh');
INSERT INTO `contrexx_module_crm_industry_type_local` (`entry_id`, `lang_id`, `value`) VALUES ('9', '3', '');
INSERT INTO `contrexx_module_crm_industry_type_local` (`entry_id`, `lang_id`, `value`) VALUES ('10', '3', '');
INSERT INTO `contrexx_module_crm_industry_type_local` (`entry_id`, `lang_id`, `value`) VALUES ('10', '2', '');
INSERT INTO `contrexx_module_crm_industry_type_local` (`entry_id`, `lang_id`, `value`) VALUES ('10', '1', 'rakesh');
INSERT INTO `contrexx_module_crm_industry_type_local` (`entry_id`, `lang_id`, `value`) VALUES ('11', '3', 'fr');
INSERT INTO `contrexx_module_crm_industry_type_local` (`entry_id`, `lang_id`, `value`) VALUES ('11', '2', 'test');
INSERT INTO `contrexx_module_crm_industry_type_local` (`entry_id`, `lang_id`, `value`) VALUES ('11', '1', 'de');
INSERT INTO `contrexx_module_crm_industry_type_local` (`entry_id`, `lang_id`, `value`) VALUES ('12', '2', 'ram testing');
INSERT INTO `contrexx_module_crm_industry_type_local` (`entry_id`, `lang_id`, `value`) VALUES ('12', '1', 'testing');
INSERT INTO `contrexx_module_crm_industry_type_local` (`entry_id`, `lang_id`, `value`) VALUES ('12', '3', 'rakesh');
INSERT INTO `contrexx_module_crm_industry_type_local` (`entry_id`, `lang_id`, `value`) VALUES ('13', '1', '');
INSERT INTO `contrexx_module_crm_industry_type_local` (`entry_id`, `lang_id`, `value`) VALUES ('13', '2', '');
INSERT INTO `contrexx_module_crm_industry_type_local` (`entry_id`, `lang_id`, `value`) VALUES ('13', '3', '');
INSERT INTO `contrexx_module_crm_industry_type_local` (`entry_id`, `lang_id`, `value`) VALUES ('14', '1', '');
INSERT INTO `contrexx_module_crm_industry_type_local` (`entry_id`, `lang_id`, `value`) VALUES ('14', '2', '');
INSERT INTO `contrexx_module_crm_industry_type_local` (`entry_id`, `lang_id`, `value`) VALUES ('14', '3', '');
INSERT INTO `contrexx_module_crm_industry_type_local` (`entry_id`, `lang_id`, `value`) VALUES ('15', '1', '    ');
INSERT INTO `contrexx_module_crm_industry_type_local` (`entry_id`, `lang_id`, `value`) VALUES ('15', '2', '    ');
INSERT INTO `contrexx_module_crm_industry_type_local` (`entry_id`, `lang_id`, `value`) VALUES ('15', '3', '    ');
INSERT INTO `contrexx_module_crm_industry_type_local` (`entry_id`, `lang_id`, `value`) VALUES ('16', '3', 'sdfaf');
INSERT INTO `contrexx_module_crm_industry_type_local` (`entry_id`, `lang_id`, `value`) VALUES ('16', '2', 'sdfaf');
INSERT INTO `contrexx_module_crm_industry_type_local` (`entry_id`, `lang_id`, `value`) VALUES ('16', '1', 'sdfaf');
INSERT INTO `contrexx_module_crm_industry_type_local` (`entry_id`, `lang_id`, `value`) VALUES ('17', '3', 'Rakesh');
INSERT INTO `contrexx_module_crm_industry_type_local` (`entry_id`, `lang_id`, `value`) VALUES ('17', '2', 'test');
INSERT INTO `contrexx_module_crm_industry_type_local` (`entry_id`, `lang_id`, `value`) VALUES ('17', '1', 'test');
INSERT INTO `contrexx_module_crm_industry_type_local` (`entry_id`, `lang_id`, `value`) VALUES ('18', '1', 'a');
INSERT INTO `contrexx_module_crm_industry_type_local` (`entry_id`, `lang_id`, `value`) VALUES ('18', '2', 'a');
INSERT INTO `contrexx_module_crm_industry_type_local` (`entry_id`, `lang_id`, `value`) VALUES ('18', '3', 'a');
INSERT INTO `contrexx_module_crm_industry_type_local` (`entry_id`, `lang_id`, `value`) VALUES ('19', '1', 'rakesh');
INSERT INTO `contrexx_module_crm_industry_type_local` (`entry_id`, `lang_id`, `value`) VALUES ('19', '2', 'rakesh');
INSERT INTO `contrexx_module_crm_industry_type_local` (`entry_id`, `lang_id`, `value`) VALUES ('19', '3', 'rakesh');
INSERT INTO `contrexx_module_crm_industry_type_local` (`entry_id`, `lang_id`, `value`) VALUES ('20', '3', 'french');
INSERT INTO `contrexx_module_crm_industry_type_local` (`entry_id`, `lang_id`, `value`) VALUES ('20', '2', 'english');
INSERT INTO `contrexx_module_crm_industry_type_local` (`entry_id`, `lang_id`, `value`) VALUES ('20', '1', 'deutsch');
INSERT INTO `contrexx_module_crm_industry_type_local` (`entry_id`, `lang_id`, `value`) VALUES ('21', '2', 'English');
INSERT INTO `contrexx_module_crm_industry_type_local` (`entry_id`, `lang_id`, `value`) VALUES ('22', '3', 'french');
INSERT INTO `contrexx_module_crm_industry_type_local` (`entry_id`, `lang_id`, `value`) VALUES ('22', '2', 'eng');
INSERT INTO `contrexx_module_crm_industry_type_local` (`entry_id`, `lang_id`, `value`) VALUES ('22', '1', 'deutsch');
INSERT INTO `contrexx_module_crm_industry_type_local` (`entry_id`, `lang_id`, `value`) VALUES ('23', '1', '1');
INSERT INTO `contrexx_module_crm_industry_type_local` (`entry_id`, `lang_id`, `value`) VALUES ('23', '2', '2');
INSERT INTO `contrexx_module_crm_industry_type_local` (`entry_id`, `lang_id`, `value`) VALUES ('23', '3', '3');
INSERT INTO `contrexx_module_crm_industry_type_local` (`entry_id`, `lang_id`, `value`) VALUES ('21', '3', 'french123');
INSERT INTO `contrexx_module_crm_industry_type_local` (`entry_id`, `lang_id`, `value`) VALUES ('21', '1', 'deutsch123');
INSERT INTO `contrexx_module_crm_industry_type_local` (`entry_id`, `lang_id`, `value`) VALUES ('24', '2', 'regression');
INSERT INTO `contrexx_module_crm_industry_type_local` (`entry_id`, `lang_id`, `value`) VALUES ('24', '1', 'eng');
INSERT INTO `contrexx_module_crm_industry_type_local` (`entry_id`, `lang_id`, `value`) VALUES ('25', '1', 'test');
INSERT INTO `contrexx_module_crm_industry_type_local` (`entry_id`, `lang_id`, `value`) VALUES ('25', '2', 'test');
INSERT INTO `contrexx_module_crm_industry_type_local` (`entry_id`, `lang_id`, `value`) VALUES ('25', '3', 'test');
INSERT INTO `contrexx_module_crm_industry_type_local` (`entry_id`, `lang_id`, `value`) VALUES ('26', '1', 'retest');
INSERT INTO `contrexx_module_crm_industry_type_local` (`entry_id`, `lang_id`, `value`) VALUES ('26', '2', 'retest');
INSERT INTO `contrexx_module_crm_industry_type_local` (`entry_id`, `lang_id`, `value`) VALUES ('26', '3', 'retest');
INSERT INTO `contrexx_module_crm_industry_type_local` (`entry_id`, `lang_id`, `value`) VALUES ('24', '3', 'eng');
INSERT INTO `contrexx_module_crm_industry_type_local` (`entry_id`, `lang_id`, `value`) VALUES ('27', '1', 'testing123');
INSERT INTO `contrexx_module_crm_industry_type_local` (`entry_id`, `lang_id`, `value`) VALUES ('27', '2', 'american');
INSERT INTO `contrexx_module_crm_industry_type_local` (`entry_id`, `lang_id`, `value`) VALUES ('27', '3', 'french');
INSERT INTO `contrexx_module_crm_industry_type_local` (`entry_id`, `lang_id`, `value`) VALUES ('28', '2', 'english');
INSERT INTO `contrexx_module_crm_industry_type_local` (`entry_id`, `lang_id`, `value`) VALUES ('28', '1', 'deutsche');
INSERT INTO `contrexx_module_crm_industry_type_local` (`entry_id`, `lang_id`, `value`) VALUES ('28', '3', 'french');
INSERT INTO `contrexx_module_crm_industry_type_local` (`entry_id`, `lang_id`, `value`) VALUES ('29', '1', 'tamil');
INSERT INTO `contrexx_module_crm_industry_type_local` (`entry_id`, `lang_id`, `value`) VALUES ('29', '2', 'tamil');
INSERT INTO `contrexx_module_crm_industry_type_local` (`entry_id`, `lang_id`, `value`) VALUES ('29', '3', 'tamil');
INSERT INTO `contrexx_module_crm_industry_type_local` (`entry_id`, `lang_id`, `value`) VALUES ('30', '1', 'Baken');
INSERT INTO `contrexx_module_crm_industry_type_local` (`entry_id`, `lang_id`, `value`) VALUES ('30', '2', 'Baken');
INSERT INTO `contrexx_module_crm_industry_type_local` (`entry_id`, `lang_id`, `value`) VALUES ('30', '3', 'Baken');
INSERT INTO `contrexx_module_crm_industry_type_local` (`entry_id`, `lang_id`, `value`) VALUES ('31', '1', 'Banken  ');
INSERT INTO `contrexx_module_crm_industry_type_local` (`entry_id`, `lang_id`, `value`) VALUES ('31', '2', 'Banken  ');
INSERT INTO `contrexx_module_crm_industry_type_local` (`entry_id`, `lang_id`, `value`) VALUES ('31', '3', 'Banken  ');
INSERT INTO `contrexx_module_crm_industry_type_local` (`entry_id`, `lang_id`, `value`) VALUES ('115', '1', 'Banken');
INSERT INTO `contrexx_module_crm_industry_type_local` (`entry_id`, `lang_id`, `value`) VALUES ('32', '2', 'Banken');
INSERT INTO `contrexx_module_crm_industry_type_local` (`entry_id`, `lang_id`, `value`) VALUES ('32', '1', 'Banken');
INSERT INTO `contrexx_module_crm_industry_type_local` (`entry_id`, `lang_id`, `value`) VALUES ('33', '1', ' Bankwesen ');
INSERT INTO `contrexx_module_crm_industry_type_local` (`entry_id`, `lang_id`, `value`) VALUES ('33', '2', ' Bankwesen ');
INSERT INTO `contrexx_module_crm_industry_type_local` (`entry_id`, `lang_id`, `value`) VALUES ('33', '3', ' Bankwesen ');
INSERT INTO `contrexx_module_crm_industry_type_local` (`entry_id`, `lang_id`, `value`) VALUES ('34', '1', 'Bankwesen ');
INSERT INTO `contrexx_module_crm_industry_type_local` (`entry_id`, `lang_id`, `value`) VALUES ('34', '2', 'Bankwesen ');
INSERT INTO `contrexx_module_crm_industry_type_local` (`entry_id`, `lang_id`, `value`) VALUES ('34', '3', 'Bankwesen ');
INSERT INTO `contrexx_module_crm_industry_type_local` (`entry_id`, `lang_id`, `value`) VALUES ('35', '3', 'Bauwesen ');
INSERT INTO `contrexx_module_crm_industry_type_local` (`entry_id`, `lang_id`, `value`) VALUES ('35', '2', 'Bauwesen ');
INSERT INTO `contrexx_module_crm_industry_type_local` (`entry_id`, `lang_id`, `value`) VALUES ('35', '1', 'Bauwesen ');
INSERT INTO `contrexx_module_crm_industry_type_local` (`entry_id`, `lang_id`, `value`) VALUES ('36', '3', 'Bankwesen ');
INSERT INTO `contrexx_module_crm_industry_type_local` (`entry_id`, `lang_id`, `value`) VALUES ('36', '2', 'Bankwesen ');
INSERT INTO `contrexx_module_crm_industry_type_local` (`entry_id`, `lang_id`, `value`) VALUES ('36', '1', 'Bankwesen ');
INSERT INTO `contrexx_module_crm_industry_type_local` (`entry_id`, `lang_id`, `value`) VALUES ('120', '2', '234');
INSERT INTO `contrexx_module_crm_industry_type_local` (`entry_id`, `lang_id`, `value`) VALUES ('37', '2', 'Architektur/Ingenieurbüro/Planung ');
INSERT INTO `contrexx_module_crm_industry_type_local` (`entry_id`, `lang_id`, `value`) VALUES ('37', '1', ' Architektur/Ingenieurbüro/Planung ');
INSERT INTO `contrexx_module_crm_industry_type_local` (`entry_id`, `lang_id`, `value`) VALUES ('38', '3', 'Bauten/Installationen');
INSERT INTO `contrexx_module_crm_industry_type_local` (`entry_id`, `lang_id`, `value`) VALUES ('38', '2', 'Bauten/Installationen');
INSERT INTO `contrexx_module_crm_industry_type_local` (`entry_id`, `lang_id`, `value`) VALUES ('38', '1', 'Bauten/Installationen');
INSERT INTO `contrexx_module_crm_industry_type_local` (`entry_id`, `lang_id`, `value`) VALUES ('39', '1', 'Diverse Dienstleistungen');
INSERT INTO `contrexx_module_crm_industry_type_local` (`entry_id`, `lang_id`, `value`) VALUES ('39', '2', 'Diverse Dienstleistungen');
INSERT INTO `contrexx_module_crm_industry_type_local` (`entry_id`, `lang_id`, `value`) VALUES ('39', '3', 'Diverse Dienstleistungen');
INSERT INTO `contrexx_module_crm_industry_type_local` (`entry_id`, `lang_id`, `value`) VALUES ('40', '3', '  Diverse Produktionsbereiche');
INSERT INTO `contrexx_module_crm_industry_type_local` (`entry_id`, `lang_id`, `value`) VALUES ('40', '2', 'Diverse Produktionsbereiche');
INSERT INTO `contrexx_module_crm_industry_type_local` (`entry_id`, `lang_id`, `value`) VALUES ('40', '1', '  Diverse Produktionsbereiche');
INSERT INTO `contrexx_module_crm_industry_type_local` (`entry_id`, `lang_id`, `value`) VALUES ('41', '1', 'Diverser Grosshandel');
INSERT INTO `contrexx_module_crm_industry_type_local` (`entry_id`, `lang_id`, `value`) VALUES ('41', '2', 'Diverser Grosshandel');
INSERT INTO `contrexx_module_crm_industry_type_local` (`entry_id`, `lang_id`, `value`) VALUES ('41', '3', 'Diverser Grosshandel');
INSERT INTO `contrexx_module_crm_industry_type_local` (`entry_id`, `lang_id`, `value`) VALUES ('42', '1', 'Elektrodetailhandel');
INSERT INTO `contrexx_module_crm_industry_type_local` (`entry_id`, `lang_id`, `value`) VALUES ('42', '2', 'Elektrodetailhandel');
INSERT INTO `contrexx_module_crm_industry_type_local` (`entry_id`, `lang_id`, `value`) VALUES ('42', '3', 'Elektrodetailhandel');
INSERT INTO `contrexx_module_crm_industry_type_local` (`entry_id`, `lang_id`, `value`) VALUES ('43', '1', 'Immobilienverkauf-/verwaltung');
INSERT INTO `contrexx_module_crm_industry_type_local` (`entry_id`, `lang_id`, `value`) VALUES ('43', '2', 'Immobilienverkauf-/verwaltung');
INSERT INTO `contrexx_module_crm_industry_type_local` (`entry_id`, `lang_id`, `value`) VALUES ('43', '3', 'Immobilienverkauf-/verwaltung');
INSERT INTO `contrexx_module_crm_industry_type_local` (`entry_id`, `lang_id`, `value`) VALUES ('44', '3', 'Bekleidung/Textil/Lederwaren ');
INSERT INTO `contrexx_module_crm_industry_type_local` (`entry_id`, `lang_id`, `value`) VALUES ('44', '2', 'Bekleidung/Textil/Lederwaren ');
INSERT INTO `contrexx_module_crm_industry_type_local` (`entry_id`, `lang_id`, `value`) VALUES ('44', '1', 'Bekleidung/Textil/Lederwaren ');
INSERT INTO `contrexx_module_crm_industry_type_local` (`entry_id`, `lang_id`, `value`) VALUES ('45', '3', 'Ateliers');
INSERT INTO `contrexx_module_crm_industry_type_local` (`entry_id`, `lang_id`, `value`) VALUES ('45', '2', 'Ateliers');
INSERT INTO `contrexx_module_crm_industry_type_local` (`entry_id`, `lang_id`, `value`) VALUES ('45', '1', 'Ateliers');
INSERT INTO `contrexx_module_crm_industry_type_local` (`entry_id`, `lang_id`, `value`) VALUES ('46', '3', 'Diverse Dienstleistungen');
INSERT INTO `contrexx_module_crm_industry_type_local` (`entry_id`, `lang_id`, `value`) VALUES ('46', '2', 'Diverse Dienstleistungen');
INSERT INTO `contrexx_module_crm_industry_type_local` (`entry_id`, `lang_id`, `value`) VALUES ('46', '1', 'Diverse Dienstleistungen');
INSERT INTO `contrexx_module_crm_industry_type_local` (`entry_id`, `lang_id`, `value`) VALUES ('47', '3', 'Diverse Produktionsbereiche');
INSERT INTO `contrexx_module_crm_industry_type_local` (`entry_id`, `lang_id`, `value`) VALUES ('47', '2', 'Diverse Produktionsbereiche');
INSERT INTO `contrexx_module_crm_industry_type_local` (`entry_id`, `lang_id`, `value`) VALUES ('47', '1', 'Diverse Produktionsbereiche');
INSERT INTO `contrexx_module_crm_industry_type_local` (`entry_id`, `lang_id`, `value`) VALUES ('48', '1', 'Banken');
INSERT INTO `contrexx_module_crm_industry_type_local` (`entry_id`, `lang_id`, `value`) VALUES ('48', '2', 'Banken');
INSERT INTO `contrexx_module_crm_industry_type_local` (`entry_id`, `lang_id`, `value`) VALUES ('48', '3', 'Banken');
INSERT INTO `contrexx_module_crm_industry_type_local` (`entry_id`, `lang_id`, `value`) VALUES ('49', '3', 'Diverser Detailhandel');
INSERT INTO `contrexx_module_crm_industry_type_local` (`entry_id`, `lang_id`, `value`) VALUES ('49', '2', 'Diverser Detailhandel');
INSERT INTO `contrexx_module_crm_industry_type_local` (`entry_id`, `lang_id`, `value`) VALUES ('49', '1', 'Diverser Detailhandel');
INSERT INTO `contrexx_module_crm_industry_type_local` (`entry_id`, `lang_id`, `value`) VALUES ('50', '3', ' Diverser Grosshande');
INSERT INTO `contrexx_module_crm_industry_type_local` (`entry_id`, `lang_id`, `value`) VALUES ('50', '2', 'Diverser Grosshande');
INSERT INTO `contrexx_module_crm_industry_type_local` (`entry_id`, `lang_id`, `value`) VALUES ('50', '1', ' Diverser Grosshande');
INSERT INTO `contrexx_module_crm_industry_type_local` (`entry_id`, `lang_id`, `value`) VALUES ('51', '1', 'Mode-Detailhandel');
INSERT INTO `contrexx_module_crm_industry_type_local` (`entry_id`, `lang_id`, `value`) VALUES ('51', '2', 'Mode-Detailhandel');
INSERT INTO `contrexx_module_crm_industry_type_local` (`entry_id`, `lang_id`, `value`) VALUES ('51', '3', 'Mode-Detailhandel');
INSERT INTO `contrexx_module_crm_industry_type_local` (`entry_id`, `lang_id`, `value`) VALUES ('52', '1', 'Schuh-Detailhandel');
INSERT INTO `contrexx_module_crm_industry_type_local` (`entry_id`, `lang_id`, `value`) VALUES ('52', '2', 'Schuh-Detailhandel');
INSERT INTO `contrexx_module_crm_industry_type_local` (`entry_id`, `lang_id`, `value`) VALUES ('52', '3', 'Schuh-Detailhandel');
INSERT INTO `contrexx_module_crm_industry_type_local` (`entry_id`, `lang_id`, `value`) VALUES ('53', '1', 'Textil-Detailhandel');
INSERT INTO `contrexx_module_crm_industry_type_local` (`entry_id`, `lang_id`, `value`) VALUES ('53', '2', 'Textil-Detailhandel');
INSERT INTO `contrexx_module_crm_industry_type_local` (`entry_id`, `lang_id`, `value`) VALUES ('53', '3', 'Textil-Detailhandel');
INSERT INTO `contrexx_module_crm_industry_type_local` (`entry_id`, `lang_id`, `value`) VALUES ('54', '3', 'Bildungswesen ');
INSERT INTO `contrexx_module_crm_industry_type_local` (`entry_id`, `lang_id`, `value`) VALUES ('54', '2', 'Bildungswesen ');
INSERT INTO `contrexx_module_crm_industry_type_local` (`entry_id`, `lang_id`, `value`) VALUES ('54', '1', 'Bildungswesen ');
INSERT INTO `contrexx_module_crm_industry_type_local` (`entry_id`, `lang_id`, `value`) VALUES ('55', '3', ' Andere Schulen');
INSERT INTO `contrexx_module_crm_industry_type_local` (`entry_id`, `lang_id`, `value`) VALUES ('55', '2', 'Andere Schulen');
INSERT INTO `contrexx_module_crm_industry_type_local` (`entry_id`, `lang_id`, `value`) VALUES ('55', '1', ' Andere Schulen');
INSERT INTO `contrexx_module_crm_industry_type_local` (`entry_id`, `lang_id`, `value`) VALUES ('56', '1', 'Berufsschulen/Fachschulen');
INSERT INTO `contrexx_module_crm_industry_type_local` (`entry_id`, `lang_id`, `value`) VALUES ('56', '2', 'Berufsschulen/Fachschulen');
INSERT INTO `contrexx_module_crm_industry_type_local` (`entry_id`, `lang_id`, `value`) VALUES ('56', '3', 'Berufsschulen/Fachschulen');
INSERT INTO `contrexx_module_crm_industry_type_local` (`entry_id`, `lang_id`, `value`) VALUES ('57', '1', 'Diverse Dienstleistungen');
INSERT INTO `contrexx_module_crm_industry_type_local` (`entry_id`, `lang_id`, `value`) VALUES ('57', '2', 'Diverse Dienstleistungen');
INSERT INTO `contrexx_module_crm_industry_type_local` (`entry_id`, `lang_id`, `value`) VALUES ('57', '3', 'Diverse Dienstleistungen');
INSERT INTO `contrexx_module_crm_industry_type_local` (`entry_id`, `lang_id`, `value`) VALUES ('58', '1', 'Grundschulen');
INSERT INTO `contrexx_module_crm_industry_type_local` (`entry_id`, `lang_id`, `value`) VALUES ('58', '2', 'Grundschulen');
INSERT INTO `contrexx_module_crm_industry_type_local` (`entry_id`, `lang_id`, `value`) VALUES ('58', '3', 'Grundschulen');
INSERT INTO `contrexx_module_crm_industry_type_local` (`entry_id`, `lang_id`, `value`) VALUES ('59', '1', 'Hochschulen');
INSERT INTO `contrexx_module_crm_industry_type_local` (`entry_id`, `lang_id`, `value`) VALUES ('59', '2', 'Hochschulen');
INSERT INTO `contrexx_module_crm_industry_type_local` (`entry_id`, `lang_id`, `value`) VALUES ('59', '3', 'Hochschulen');
INSERT INTO `contrexx_module_crm_industry_type_local` (`entry_id`, `lang_id`, `value`) VALUES ('60', '1', 'Mittelschulen');
INSERT INTO `contrexx_module_crm_industry_type_local` (`entry_id`, `lang_id`, `value`) VALUES ('60', '2', 'Mittelschulen');
INSERT INTO `contrexx_module_crm_industry_type_local` (`entry_id`, `lang_id`, `value`) VALUES ('60', '3', 'Mittelschulen');
INSERT INTO `contrexx_module_crm_industry_type_local` (`entry_id`, `lang_id`, `value`) VALUES ('61', '1', 'Oberstufenschulen');
INSERT INTO `contrexx_module_crm_industry_type_local` (`entry_id`, `lang_id`, `value`) VALUES ('61', '2', 'Oberstufenschulen');
INSERT INTO `contrexx_module_crm_industry_type_local` (`entry_id`, `lang_id`, `value`) VALUES ('61', '3', 'Oberstufenschulen');
INSERT INTO `contrexx_module_crm_industry_type_local` (`entry_id`, `lang_id`, `value`) VALUES ('62', '1', 'Sprach-/Heilpädagogische Schulen');
INSERT INTO `contrexx_module_crm_industry_type_local` (`entry_id`, `lang_id`, `value`) VALUES ('62', '2', 'Sprach-/Heilpädagogische Schulen');
INSERT INTO `contrexx_module_crm_industry_type_local` (`entry_id`, `lang_id`, `value`) VALUES ('62', '3', 'Sprach-/Heilpädagogische Schulen');
INSERT INTO `contrexx_module_crm_industry_type_local` (`entry_id`, `lang_id`, `value`) VALUES ('63', '3', 'Büro/Informatik/Übersetzungen ');
INSERT INTO `contrexx_module_crm_industry_type_local` (`entry_id`, `lang_id`, `value`) VALUES ('63', '2', 'Büro/Informatik/Übersetzungen ');
INSERT INTO `contrexx_module_crm_industry_type_local` (`entry_id`, `lang_id`, `value`) VALUES ('63', '1', 'Büro/Informatik/Übersetzungen ');
INSERT INTO `contrexx_module_crm_industry_type_local` (`entry_id`, `lang_id`, `value`) VALUES ('64', '1', 'Diverse Dienstleistungen');
INSERT INTO `contrexx_module_crm_industry_type_local` (`entry_id`, `lang_id`, `value`) VALUES ('64', '2', 'Diverse Dienstleistungen');
INSERT INTO `contrexx_module_crm_industry_type_local` (`entry_id`, `lang_id`, `value`) VALUES ('64', '3', 'Diverse Dienstleistungen');
INSERT INTO `contrexx_module_crm_industry_type_local` (`entry_id`, `lang_id`, `value`) VALUES ('65', '1', 'Diverse Produktionsbereiche');
INSERT INTO `contrexx_module_crm_industry_type_local` (`entry_id`, `lang_id`, `value`) VALUES ('65', '2', 'Diverse Produktionsbereiche');
INSERT INTO `contrexx_module_crm_industry_type_local` (`entry_id`, `lang_id`, `value`) VALUES ('65', '3', 'Diverse Produktionsbereiche');
INSERT INTO `contrexx_module_crm_industry_type_local` (`entry_id`, `lang_id`, `value`) VALUES ('66', '1', 'Diverser Grosshandel');
INSERT INTO `contrexx_module_crm_industry_type_local` (`entry_id`, `lang_id`, `value`) VALUES ('66', '2', 'Diverser Grosshandel');
INSERT INTO `contrexx_module_crm_industry_type_local` (`entry_id`, `lang_id`, `value`) VALUES ('66', '3', 'Diverser Grosshandel');
INSERT INTO `contrexx_module_crm_industry_type_local` (`entry_id`, `lang_id`, `value`) VALUES ('67', '1', 'Informatik-Detailhandel');
INSERT INTO `contrexx_module_crm_industry_type_local` (`entry_id`, `lang_id`, `value`) VALUES ('67', '2', 'Informatik-Detailhandel');
INSERT INTO `contrexx_module_crm_industry_type_local` (`entry_id`, `lang_id`, `value`) VALUES ('67', '3', 'Informatik-Detailhandel');
INSERT INTO `contrexx_module_crm_industry_type_local` (`entry_id`, `lang_id`, `value`) VALUES ('68', '1', 'Papeterien');
INSERT INTO `contrexx_module_crm_industry_type_local` (`entry_id`, `lang_id`, `value`) VALUES ('68', '2', 'Papeterien');
INSERT INTO `contrexx_module_crm_industry_type_local` (`entry_id`, `lang_id`, `value`) VALUES ('68', '3', 'Papeterien');
INSERT INTO `contrexx_module_crm_industry_type_local` (`entry_id`, `lang_id`, `value`) VALUES ('69', '1', 'Sekretariatsdienste');
INSERT INTO `contrexx_module_crm_industry_type_local` (`entry_id`, `lang_id`, `value`) VALUES ('69', '2', 'Sekretariatsdienste');
INSERT INTO `contrexx_module_crm_industry_type_local` (`entry_id`, `lang_id`, `value`) VALUES ('69', '3', 'Sekretariatsdienste');
INSERT INTO `contrexx_module_crm_industry_type_local` (`entry_id`, `lang_id`, `value`) VALUES ('70', '1', 'test');
INSERT INTO `contrexx_module_crm_industry_type_local` (`entry_id`, `lang_id`, `value`) VALUES ('70', '2', 'test');
INSERT INTO `contrexx_module_crm_industry_type_local` (`entry_id`, `lang_id`, `value`) VALUES ('70', '3', 'test');
INSERT INTO `contrexx_module_crm_industry_type_local` (`entry_id`, `lang_id`, `value`) VALUES ('71', '1', 'Übersetzungsdienste');
INSERT INTO `contrexx_module_crm_industry_type_local` (`entry_id`, `lang_id`, `value`) VALUES ('71', '2', 'Übersetzungsdienste');
INSERT INTO `contrexx_module_crm_industry_type_local` (`entry_id`, `lang_id`, `value`) VALUES ('71', '3', 'Übersetzungsdienste');
INSERT INTO `contrexx_module_crm_industry_type_local` (`entry_id`, `lang_id`, `value`) VALUES ('72', '3', 'Finanzen/Unternehmensberatung ');
INSERT INTO `contrexx_module_crm_industry_type_local` (`entry_id`, `lang_id`, `value`) VALUES ('72', '2', 'Finanzen/Unternehmensberatung ');
INSERT INTO `contrexx_module_crm_industry_type_local` (`entry_id`, `lang_id`, `value`) VALUES ('72', '1', 'Finanzen/Unternehmensberatung ');
INSERT INTO `contrexx_module_crm_industry_type_local` (`entry_id`, `lang_id`, `value`) VALUES ('73', '3', ' Treuhand/Finanzberatung');
INSERT INTO `contrexx_module_crm_industry_type_local` (`entry_id`, `lang_id`, `value`) VALUES ('73', '2', 'Treuhand/Finanzberatung');
INSERT INTO `contrexx_module_crm_industry_type_local` (`entry_id`, `lang_id`, `value`) VALUES ('73', '1', ' Treuhand/Finanzberatung');
INSERT INTO `contrexx_module_crm_industry_type_local` (`entry_id`, `lang_id`, `value`) VALUES ('74', '1', 'Unternehmensberatung/Coaching');
INSERT INTO `contrexx_module_crm_industry_type_local` (`entry_id`, `lang_id`, `value`) VALUES ('74', '2', 'Unternehmensberatung/Coaching');
INSERT INTO `contrexx_module_crm_industry_type_local` (`entry_id`, `lang_id`, `value`) VALUES ('74', '3', 'Unternehmensberatung/Coaching');
INSERT INTO `contrexx_module_crm_industry_type_local` (`entry_id`, `lang_id`, `value`) VALUES ('75', '3', 'Gastronomie/Tourismus ');
INSERT INTO `contrexx_module_crm_industry_type_local` (`entry_id`, `lang_id`, `value`) VALUES ('75', '2', 'Gastronomie/Tourismus ');
INSERT INTO `contrexx_module_crm_industry_type_local` (`entry_id`, `lang_id`, `value`) VALUES ('75', '1', 'Gastronomie/Tourismus ');
INSERT INTO `contrexx_module_crm_industry_type_local` (`entry_id`, `lang_id`, `value`) VALUES ('76', '3', 'Diverse Dienstleistungen');
INSERT INTO `contrexx_module_crm_industry_type_local` (`entry_id`, `lang_id`, `value`) VALUES ('76', '2', 'Diverse Dienstleistungen');
INSERT INTO `contrexx_module_crm_industry_type_local` (`entry_id`, `lang_id`, `value`) VALUES ('76', '1', 'Diverse Dienstleistungen');
INSERT INTO `contrexx_module_crm_industry_type_local` (`entry_id`, `lang_id`, `value`) VALUES ('77', '3', ' Hotels/Restaurants/Cafes');
INSERT INTO `contrexx_module_crm_industry_type_local` (`entry_id`, `lang_id`, `value`) VALUES ('77', '2', 'Hotels/Restaurants/Cafes');
INSERT INTO `contrexx_module_crm_industry_type_local` (`entry_id`, `lang_id`, `value`) VALUES ('77', '1', ' Hotels/Restaurants/Cafes');
INSERT INTO `contrexx_module_crm_industry_type_local` (`entry_id`, `lang_id`, `value`) VALUES ('78', '3', ' Reisebüros');
INSERT INTO `contrexx_module_crm_industry_type_local` (`entry_id`, `lang_id`, `value`) VALUES ('78', '2', 'Reisebüros');
INSERT INTO `contrexx_module_crm_industry_type_local` (`entry_id`, `lang_id`, `value`) VALUES ('78', '1', ' Reisebüros');
INSERT INTO `contrexx_module_crm_industry_type_local` (`entry_id`, `lang_id`, `value`) VALUES ('79', '3', 'Verkehrsbüros');
INSERT INTO `contrexx_module_crm_industry_type_local` (`entry_id`, `lang_id`, `value`) VALUES ('79', '2', 'Verkehrsbüros');
INSERT INTO `contrexx_module_crm_industry_type_local` (`entry_id`, `lang_id`, `value`) VALUES ('79', '1', 'Verkehrsbüros');
INSERT INTO `contrexx_module_crm_industry_type_local` (`entry_id`, `lang_id`, `value`) VALUES ('80', '3', 'Gesundheitswesen');
INSERT INTO `contrexx_module_crm_industry_type_local` (`entry_id`, `lang_id`, `value`) VALUES ('80', '2', 'Gesundheitswesen');
INSERT INTO `contrexx_module_crm_industry_type_local` (`entry_id`, `lang_id`, `value`) VALUES ('80', '1', 'Gesundheitswesen');
INSERT INTO `contrexx_module_crm_industry_type_local` (`entry_id`, `lang_id`, `value`) VALUES ('81', '3', ' Apotheken/Drogerien/Reformhäuser');
INSERT INTO `contrexx_module_crm_industry_type_local` (`entry_id`, `lang_id`, `value`) VALUES ('81', '2', 'Apotheken/Drogerien/Reformhäuser');
INSERT INTO `contrexx_module_crm_industry_type_local` (`entry_id`, `lang_id`, `value`) VALUES ('81', '1', ' Apotheken/Drogerien/Reformhäuser');
INSERT INTO `contrexx_module_crm_industry_type_local` (`entry_id`, `lang_id`, `value`) VALUES ('82', '3', 'Arztpraxen');
INSERT INTO `contrexx_module_crm_industry_type_local` (`entry_id`, `lang_id`, `value`) VALUES ('82', '2', 'Arztpraxen');
INSERT INTO `contrexx_module_crm_industry_type_local` (`entry_id`, `lang_id`, `value`) VALUES ('82', '1', 'Arztpraxen');
INSERT INTO `contrexx_module_crm_industry_type_local` (`entry_id`, `lang_id`, `value`) VALUES ('83', '3', ' Diverse Dienstleistungen');
INSERT INTO `contrexx_module_crm_industry_type_local` (`entry_id`, `lang_id`, `value`) VALUES ('83', '2', 'Diverse Dienstleistungen');
INSERT INTO `contrexx_module_crm_industry_type_local` (`entry_id`, `lang_id`, `value`) VALUES ('83', '1', ' Diverse Dienstleistungen');
INSERT INTO `contrexx_module_crm_industry_type_local` (`entry_id`, `lang_id`, `value`) VALUES ('84', '3', 'Diverse Produktionsbereiche');
INSERT INTO `contrexx_module_crm_industry_type_local` (`entry_id`, `lang_id`, `value`) VALUES ('84', '2', 'Diverse Produktionsbereiche');
INSERT INTO `contrexx_module_crm_industry_type_local` (`entry_id`, `lang_id`, `value`) VALUES ('84', '1', 'Diverse Produktionsbereiche');
INSERT INTO `contrexx_module_crm_industry_type_local` (`entry_id`, `lang_id`, `value`) VALUES ('85', '3', ' Diverse Therapien');
INSERT INTO `contrexx_module_crm_industry_type_local` (`entry_id`, `lang_id`, `value`) VALUES ('85', '2', 'Diverse Therapien');
INSERT INTO `contrexx_module_crm_industry_type_local` (`entry_id`, `lang_id`, `value`) VALUES ('85', '1', ' Diverse Therapien');
INSERT INTO `contrexx_module_crm_industry_type_local` (`entry_id`, `lang_id`, `value`) VALUES ('86', '3', 'Diverser Detailhandel');
INSERT INTO `contrexx_module_crm_industry_type_local` (`entry_id`, `lang_id`, `value`) VALUES ('86', '2', 'Diverser Detailhandel');
INSERT INTO `contrexx_module_crm_industry_type_local` (`entry_id`, `lang_id`, `value`) VALUES ('86', '1', 'Diverser Detailhandel');
INSERT INTO `contrexx_module_crm_industry_type_local` (`entry_id`, `lang_id`, `value`) VALUES ('87', '3', '  Heime');
INSERT INTO `contrexx_module_crm_industry_type_local` (`entry_id`, `lang_id`, `value`) VALUES ('87', '2', 'Heime');
INSERT INTO `contrexx_module_crm_industry_type_local` (`entry_id`, `lang_id`, `value`) VALUES ('87', '1', '  Heime');
INSERT INTO `contrexx_module_crm_industry_type_local` (`entry_id`, `lang_id`, `value`) VALUES ('88', '3', ' Kliniken/Spitäler');
INSERT INTO `contrexx_module_crm_industry_type_local` (`entry_id`, `lang_id`, `value`) VALUES ('88', '2', 'Kliniken/Spitäler');
INSERT INTO `contrexx_module_crm_industry_type_local` (`entry_id`, `lang_id`, `value`) VALUES ('88', '1', ' Kliniken/Spitäler');
INSERT INTO `contrexx_module_crm_industry_type_local` (`entry_id`, `lang_id`, `value`) VALUES ('89', '3', 'Pharma-Grosshandel');
INSERT INTO `contrexx_module_crm_industry_type_local` (`entry_id`, `lang_id`, `value`) VALUES ('89', '2', 'Pharma-Grosshandel');
INSERT INTO `contrexx_module_crm_industry_type_local` (`entry_id`, `lang_id`, `value`) VALUES ('89', '1', 'Pharma-Grosshandel');
INSERT INTO `contrexx_module_crm_industry_type_local` (`entry_id`, `lang_id`, `value`) VALUES ('90', '3', 'Pharma-Produktion');
INSERT INTO `contrexx_module_crm_industry_type_local` (`entry_id`, `lang_id`, `value`) VALUES ('90', '2', 'Pharma-Produktion');
INSERT INTO `contrexx_module_crm_industry_type_local` (`entry_id`, `lang_id`, `value`) VALUES ('90', '1', 'Pharma-Produktion');
INSERT INTO `contrexx_module_crm_industry_type_local` (`entry_id`, `lang_id`, `value`) VALUES ('91', '3', 'Physiotherapie');
INSERT INTO `contrexx_module_crm_industry_type_local` (`entry_id`, `lang_id`, `value`) VALUES ('91', '2', 'Physiotherapie');
INSERT INTO `contrexx_module_crm_industry_type_local` (`entry_id`, `lang_id`, `value`) VALUES ('91', '1', 'Physiotherapie');
INSERT INTO `contrexx_module_crm_industry_type_local` (`entry_id`, `lang_id`, `value`) VALUES ('92', '3', 'Podologie');
INSERT INTO `contrexx_module_crm_industry_type_local` (`entry_id`, `lang_id`, `value`) VALUES ('92', '2', 'Podologie');
INSERT INTO `contrexx_module_crm_industry_type_local` (`entry_id`, `lang_id`, `value`) VALUES ('92', '1', 'Podologie');
INSERT INTO `contrexx_module_crm_industry_type_local` (`entry_id`, `lang_id`, `value`) VALUES ('93', '3', 'Psychologie/Psychotherapie');
INSERT INTO `contrexx_module_crm_industry_type_local` (`entry_id`, `lang_id`, `value`) VALUES ('93', '2', 'Psychologie/Psychotherapie');
INSERT INTO `contrexx_module_crm_industry_type_local` (`entry_id`, `lang_id`, `value`) VALUES ('93', '1', 'Psychologie/Psychotherapie');
INSERT INTO `contrexx_module_crm_industry_type_local` (`entry_id`, `lang_id`, `value`) VALUES ('94', '3', 'Zahnarztpraxen');
INSERT INTO `contrexx_module_crm_industry_type_local` (`entry_id`, `lang_id`, `value`) VALUES ('94', '2', 'Zahnarztpraxen');
INSERT INTO `contrexx_module_crm_industry_type_local` (`entry_id`, `lang_id`, `value`) VALUES ('94', '1', 'Zahnarztpraxen');
INSERT INTO `contrexx_module_crm_industry_type_local` (`entry_id`, `lang_id`, `value`) VALUES ('95', '3', 'Inneneinrichtung/Dekoration/haushalt');
INSERT INTO `contrexx_module_crm_industry_type_local` (`entry_id`, `lang_id`, `value`) VALUES ('95', '2', 'Inneneinrichtung/Dekoration/haushalt');
INSERT INTO `contrexx_module_crm_industry_type_local` (`entry_id`, `lang_id`, `value`) VALUES ('95', '1', 'Inneneinrichtung/Dekoration/haushalt');
INSERT INTO `contrexx_module_crm_industry_type_local` (`entry_id`, `lang_id`, `value`) VALUES ('96', '3', 'Ateliers');
INSERT INTO `contrexx_module_crm_industry_type_local` (`entry_id`, `lang_id`, `value`) VALUES ('96', '2', 'Ateliers');
INSERT INTO `contrexx_module_crm_industry_type_local` (`entry_id`, `lang_id`, `value`) VALUES ('96', '1', 'Ateliers');
INSERT INTO `contrexx_module_crm_industry_type_local` (`entry_id`, `lang_id`, `value`) VALUES ('97', '3', ' Diverse Dienstleistungen');
INSERT INTO `contrexx_module_crm_industry_type_local` (`entry_id`, `lang_id`, `value`) VALUES ('97', '2', 'Diverse Dienstleistungen');
INSERT INTO `contrexx_module_crm_industry_type_local` (`entry_id`, `lang_id`, `value`) VALUES ('97', '1', ' Diverse Dienstleistungen');
INSERT INTO `contrexx_module_crm_industry_type_local` (`entry_id`, `lang_id`, `value`) VALUES ('98', '3', 'Diverse Produktionsbereiche');
INSERT INTO `contrexx_module_crm_industry_type_local` (`entry_id`, `lang_id`, `value`) VALUES ('98', '2', 'Diverse Produktionsbereiche');
INSERT INTO `contrexx_module_crm_industry_type_local` (`entry_id`, `lang_id`, `value`) VALUES ('98', '1', 'Diverse Produktionsbereiche');
INSERT INTO `contrexx_module_crm_industry_type_local` (`entry_id`, `lang_id`, `value`) VALUES ('99', '3', 'Diverser Detailhandel');
INSERT INTO `contrexx_module_crm_industry_type_local` (`entry_id`, `lang_id`, `value`) VALUES ('99', '2', 'Diverser Detailhandel');
INSERT INTO `contrexx_module_crm_industry_type_local` (`entry_id`, `lang_id`, `value`) VALUES ('99', '1', 'Diverser Detailhandel');
INSERT INTO `contrexx_module_crm_industry_type_local` (`entry_id`, `lang_id`, `value`) VALUES ('100', '3', 'Diverser Grosshandel');
INSERT INTO `contrexx_module_crm_industry_type_local` (`entry_id`, `lang_id`, `value`) VALUES ('100', '2', 'Diverser Grosshandel');
INSERT INTO `contrexx_module_crm_industry_type_local` (`entry_id`, `lang_id`, `value`) VALUES ('100', '1', 'Diverser Grosshandel');
INSERT INTO `contrexx_module_crm_industry_type_local` (`entry_id`, `lang_id`, `value`) VALUES ('101', '3', 'Geschenkartikel-Detailhandel');
INSERT INTO `contrexx_module_crm_industry_type_local` (`entry_id`, `lang_id`, `value`) VALUES ('101', '2', 'Geschenkartikel-Detailhandel');
INSERT INTO `contrexx_module_crm_industry_type_local` (`entry_id`, `lang_id`, `value`) VALUES ('101', '1', 'Geschenkartikel-Detailhandel');
INSERT INTO `contrexx_module_crm_industry_type_local` (`entry_id`, `lang_id`, `value`) VALUES ('102', '3', ' Haushaltsfachgeschäfte');
INSERT INTO `contrexx_module_crm_industry_type_local` (`entry_id`, `lang_id`, `value`) VALUES ('102', '2', 'Haushaltsfachgeschäfte');
INSERT INTO `contrexx_module_crm_industry_type_local` (`entry_id`, `lang_id`, `value`) VALUES ('102', '1', ' Haushaltsfachgeschäfte');
INSERT INTO `contrexx_module_crm_industry_type_local` (`entry_id`, `lang_id`, `value`) VALUES ('103', '3', ' Innenausbau/Innendekoration');
INSERT INTO `contrexx_module_crm_industry_type_local` (`entry_id`, `lang_id`, `value`) VALUES ('103', '2', 'Innenausbau/Innendekoration');
INSERT INTO `contrexx_module_crm_industry_type_local` (`entry_id`, `lang_id`, `value`) VALUES ('103', '1', ' Innenausbau/Innendekoration');
INSERT INTO `contrexx_module_crm_industry_type_local` (`entry_id`, `lang_id`, `value`) VALUES ('104', '3', 'Inneneinrichtung/Dekoration/Haushalt');
INSERT INTO `contrexx_module_crm_industry_type_local` (`entry_id`, `lang_id`, `value`) VALUES ('104', '2', 'Inneneinrichtung/Dekoration/Haushalt');
INSERT INTO `contrexx_module_crm_industry_type_local` (`entry_id`, `lang_id`, `value`) VALUES ('104', '1', 'Inneneinrichtung/Dekoration/Haushalt');
INSERT INTO `contrexx_module_crm_industry_type_local` (`entry_id`, `lang_id`, `value`) VALUES ('105', '3', 'Möbel-/Inneneinrichtung-Detailhandel');
INSERT INTO `contrexx_module_crm_industry_type_local` (`entry_id`, `lang_id`, `value`) VALUES ('105', '2', 'Möbel-/Inneneinrichtung-Detailhandel');
INSERT INTO `contrexx_module_crm_industry_type_local` (`entry_id`, `lang_id`, `value`) VALUES ('105', '1', 'Möbel-/Inneneinrichtung-Detailhandel');
INSERT INTO `contrexx_module_crm_industry_type_local` (`entry_id`, `lang_id`, `value`) VALUES ('106', '3', ' Möbelfabrikation  ');
INSERT INTO `contrexx_module_crm_industry_type_local` (`entry_id`, `lang_id`, `value`) VALUES ('106', '2', 'Möbelfabrikation  ');
INSERT INTO `contrexx_module_crm_industry_type_local` (`entry_id`, `lang_id`, `value`) VALUES ('106', '1', ' Möbelfabrikation  ');
INSERT INTO `contrexx_module_crm_industry_type_local` (`entry_id`, `lang_id`, `value`) VALUES ('107', '3', 'Porzellan-/Kristall-Detailhandel');
INSERT INTO `contrexx_module_crm_industry_type_local` (`entry_id`, `lang_id`, `value`) VALUES ('107', '2', 'Porzellan-/Kristall-Detailhandel');
INSERT INTO `contrexx_module_crm_industry_type_local` (`entry_id`, `lang_id`, `value`) VALUES ('107', '1', 'Porzellan-/Kristall-Detailhandel');
INSERT INTO `contrexx_module_crm_industry_type_local` (`entry_id`, `lang_id`, `value`) VALUES ('108', '3', 'Körperpflege');
INSERT INTO `contrexx_module_crm_industry_type_local` (`entry_id`, `lang_id`, `value`) VALUES ('108', '2', 'Körperpflege');
INSERT INTO `contrexx_module_crm_industry_type_local` (`entry_id`, `lang_id`, `value`) VALUES ('108', '1', 'Körperpflege');
INSERT INTO `contrexx_module_crm_industry_type_local` (`entry_id`, `lang_id`, `value`) VALUES ('109', '3', ' Coiffure');
INSERT INTO `contrexx_module_crm_industry_type_local` (`entry_id`, `lang_id`, `value`) VALUES ('109', '2', 'Coiffure');
INSERT INTO `contrexx_module_crm_industry_type_local` (`entry_id`, `lang_id`, `value`) VALUES ('109', '1', ' Coiffure');
INSERT INTO `contrexx_module_crm_industry_type_local` (`entry_id`, `lang_id`, `value`) VALUES ('110', '3', 'Diverse Dienstleistungen');
INSERT INTO `contrexx_module_crm_industry_type_local` (`entry_id`, `lang_id`, `value`) VALUES ('110', '2', 'Diverse Dienstleistungen');
INSERT INTO `contrexx_module_crm_industry_type_local` (`entry_id`, `lang_id`, `value`) VALUES ('110', '1', 'Diverse Dienstleistungen');
INSERT INTO `contrexx_module_crm_industry_type_local` (`entry_id`, `lang_id`, `value`) VALUES ('111', '3', 'Körperpflegemittelproduktion');
INSERT INTO `contrexx_module_crm_industry_type_local` (`entry_id`, `lang_id`, `value`) VALUES ('111', '2', 'Körperpflegemittelproduktion');
INSERT INTO `contrexx_module_crm_industry_type_local` (`entry_id`, `lang_id`, `value`) VALUES ('111', '1', 'Körperpflegemittelproduktion');
INSERT INTO `contrexx_module_crm_industry_type_local` (`entry_id`, `lang_id`, `value`) VALUES ('112', '3', 'Parfumerie/Kosmetikfachgeschäfte');
INSERT INTO `contrexx_module_crm_industry_type_local` (`entry_id`, `lang_id`, `value`) VALUES ('112', '2', 'Parfumerie/Kosmetikfachgeschäfte');
INSERT INTO `contrexx_module_crm_industry_type_local` (`entry_id`, `lang_id`, `value`) VALUES ('112', '1', 'Parfumerie/Kosmetikfachgeschäfte');
INSERT INTO `contrexx_module_crm_industry_type_local` (`entry_id`, `lang_id`, `value`) VALUES ('113', '3', ' Kosmetikstudios');
INSERT INTO `contrexx_module_crm_industry_type_local` (`entry_id`, `lang_id`, `value`) VALUES ('113', '2', 'Kosmetikstudios');
INSERT INTO `contrexx_module_crm_industry_type_local` (`entry_id`, `lang_id`, `value`) VALUES ('113', '1', ' Kosmetikstudios');
INSERT INTO `contrexx_module_crm_industry_type_local` (`entry_id`, `lang_id`, `value`) VALUES ('114', '1', 'Banken');
INSERT INTO `contrexx_module_crm_industry_type_local` (`entry_id`, `lang_id`, `value`) VALUES ('114', '2', 'Banken');
INSERT INTO `contrexx_module_crm_industry_type_local` (`entry_id`, `lang_id`, `value`) VALUES ('115', '2', 'Banken');
INSERT INTO `contrexx_module_crm_industry_type_local` (`entry_id`, `lang_id`, `value`) VALUES ('116', '2', 'Banken1');
INSERT INTO `contrexx_module_crm_industry_type_local` (`entry_id`, `lang_id`, `value`) VALUES ('116', '1', 'Banken');
INSERT INTO `contrexx_module_crm_industry_type_local` (`entry_id`, `lang_id`, `value`) VALUES ('117', '1', 'Banken');
INSERT INTO `contrexx_module_crm_industry_type_local` (`entry_id`, `lang_id`, `value`) VALUES ('117', '2', 'Banken');
INSERT INTO `contrexx_module_crm_industry_type_local` (`entry_id`, `lang_id`, `value`) VALUES ('118', '2', 'üßtes<<INDUSTRY>>tüasdöf');
INSERT INTO `contrexx_module_crm_industry_type_local` (`entry_id`, `lang_id`, `value`) VALUES ('118', '1', 'üßtes<<INDUSTRY>>tüasdöf');
INSERT INTO `contrexx_module_crm_industry_type_local` (`entry_id`, `lang_id`, `value`) VALUES ('119', '2', 'engllish test');
INSERT INTO `contrexx_module_crm_industry_type_local` (`entry_id`, `lang_id`, `value`) VALUES ('119', '1', 'asöüerü<INDUSTRY>ßüäävaö');
INSERT INTO `contrexx_module_crm_industry_type_local` (`entry_id`, `lang_id`, `value`) VALUES ('120', '1', '234');
INSERT INTO `contrexx_module_crm_industry_type_local` (`entry_id`, `lang_id`, `value`) VALUES ('121', '1', 'test');
INSERT INTO `contrexx_module_crm_industry_type_local` (`entry_id`, `lang_id`, `value`) VALUES ('121', '2', 'test');
INSERT INTO `contrexx_module_crm_industry_type_local` (`entry_id`, `lang_id`, `value`) VALUES ('122', '1', 'rferfre');
INSERT INTO `contrexx_module_crm_industry_type_local` (`entry_id`, `lang_id`, `value`) VALUES ('122', '2', 'rferfre');
INSERT INTO `contrexx_module_crm_industry_type_local` (`entry_id`, `lang_id`, `value`) VALUES ('123', '1', 'test');
INSERT INTO `contrexx_module_crm_industry_type_local` (`entry_id`, `lang_id`, `value`) VALUES ('123', '2', 'test');
INSERT INTO `contrexx_module_crm_industry_type_local` (`entry_id`, `lang_id`, `value`) VALUES ('124', '1', 'test');
INSERT INTO `contrexx_module_crm_industry_type_local` (`entry_id`, `lang_id`, `value`) VALUES ('124', '2', 'test');
INSERT INTO `contrexx_module_crm_industry_type_local` (`entry_id`, `lang_id`, `value`) VALUES ('125', '1', 'industry type testing');
INSERT INTO `contrexx_module_crm_industry_type_local` (`entry_id`, `lang_id`, `value`) VALUES ('125', '2', 'industry type testing');
INSERT INTO `contrexx_module_crm_industry_type_local` (`entry_id`, `lang_id`, `value`) VALUES ('126', '1', 'Informationstechnologie');
INSERT INTO `contrexx_module_crm_industry_type_local` (`entry_id`, `lang_id`, `value`) VALUES ('126', '2', 'Informationstechnologie');
INSERT INTO `contrexx_module_crm_industry_type_local` (`entry_id`, `lang_id`, `value`) VALUES ('127', '1', 'Energie');
INSERT INTO `contrexx_module_crm_industry_type_local` (`entry_id`, `lang_id`, `value`) VALUES ('127', '2', 'Energie');
INSERT INTO `contrexx_module_crm_industry_type_local` (`entry_id`, `lang_id`, `value`) VALUES ('128', '1', 'Maschinen-, Elektro- und Metallindustrie');
INSERT INTO `contrexx_module_crm_industry_type_local` (`entry_id`, `lang_id`, `value`) VALUES ('128', '2', 'Maschinen-, Elektro- und Metallindustrie');
INSERT INTO `contrexx_module_crm_industry_type_local` (`entry_id`, `lang_id`, `value`) VALUES ('129', '1', 'Hotellerie');
INSERT INTO `contrexx_module_crm_industry_type_local` (`entry_id`, `lang_id`, `value`) VALUES ('129', '2', 'Hotellerie');
INSERT INTO `contrexx_module_crm_industry_type_local` (`entry_id`, `lang_id`, `value`) VALUES ('130', '1', 'Wald- und Holzwirtschaft');
INSERT INTO `contrexx_module_crm_industry_type_local` (`entry_id`, `lang_id`, `value`) VALUES ('130', '2', 'Wald- und Holzwirtschaft');
INSERT INTO `contrexx_module_crm_industry_type_local` (`entry_id`, `lang_id`, `value`) VALUES ('131', '1', 'Bauwirtschaft');
INSERT INTO `contrexx_module_crm_industry_type_local` (`entry_id`, `lang_id`, `value`) VALUES ('131', '2', 'Bauwirtschaft');
INSERT INTO `contrexx_module_crm_industry_type_local` (`entry_id`, `lang_id`, `value`) VALUES ('132', '1', 'Immobilien');
INSERT INTO `contrexx_module_crm_industry_type_local` (`entry_id`, `lang_id`, `value`) VALUES ('132', '2', 'Immobilien');
INSERT INTO `contrexx_module_crm_industry_type_local` (`entry_id`, `lang_id`, `value`) VALUES ('133', '1', 'Grosshandel');
INSERT INTO `contrexx_module_crm_industry_type_local` (`entry_id`, `lang_id`, `value`) VALUES ('133', '2', 'Grosshandel');
INSERT INTO `contrexx_module_crm_industry_type_local` (`entry_id`, `lang_id`, `value`) VALUES ('134', '1', 'Tourismus');
INSERT INTO `contrexx_module_crm_industry_type_local` (`entry_id`, `lang_id`, `value`) VALUES ('134', '2', 'Tourismus');
INSERT INTO `contrexx_module_crm_industry_type_local` (`entry_id`, `lang_id`, `value`) VALUES ('135', '1', 'Öffentlicher Sektor');
INSERT INTO `contrexx_module_crm_industry_type_local` (`entry_id`, `lang_id`, `value`) VALUES ('135', '2', 'Öffentlicher Sektor');
INSERT INTO `contrexx_module_crm_industry_type_local` (`entry_id`, `lang_id`, `value`) VALUES ('136', '1', 'Zulieferindustrie');
INSERT INTO `contrexx_module_crm_industry_type_local` (`entry_id`, `lang_id`, `value`) VALUES ('136', '2', 'Zulieferindustrie');
INSERT INTO `contrexx_module_crm_industry_type_local` (`entry_id`, `lang_id`, `value`) VALUES ('137', '1', 'Rohstoffhandel');
INSERT INTO `contrexx_module_crm_industry_type_local` (`entry_id`, `lang_id`, `value`) VALUES ('137', '2', 'Rohstoffhandel');
INSERT INTO `contrexx_module_crm_industry_type_local` (`entry_id`, `lang_id`, `value`) VALUES ('138', '1', 'test');
INSERT INTO `contrexx_module_crm_industry_type_local` (`entry_id`, `lang_id`, `value`) VALUES ('138', '2', 'test');
INSERT INTO `contrexx_module_crm_industry_type_local` (`entry_id`, `lang_id`, `value`) VALUES ('139', '2', 'test');
INSERT INTO `contrexx_module_crm_industry_type_local` (`entry_id`, `lang_id`, `value`) VALUES ('139', '1', 'test');
INSERT INTO `contrexx_module_crm_industry_type_local` (`entry_id`, `lang_id`, `value`) VALUES ('140', '2', 'test');
INSERT INTO `contrexx_module_crm_industry_type_local` (`entry_id`, `lang_id`, `value`) VALUES ('140', '1', 'test');
INSERT INTO `contrexx_module_crm_industry_type_local` (`entry_id`, `lang_id`, `value`) VALUES ('141', '1', 'rfrefrferf');
INSERT INTO `contrexx_module_crm_industry_type_local` (`entry_id`, `lang_id`, `value`) VALUES ('141', '2', 'rfrefrferf');
INSERT INTO `contrexx_module_crm_industry_type_local` (`entry_id`, `lang_id`, `value`) VALUES ('142', '1', 'Auto, Motorrad, Transport & Verkehr');
INSERT INTO `contrexx_module_crm_industry_type_local` (`entry_id`, `lang_id`, `value`) VALUES ('142', '2', 'Auto, Motorrad, Transport & Verkehr');
INSERT INTO `contrexx_module_crm_industry_type_local` (`entry_id`, `lang_id`, `value`) VALUES ('143', '1', 'Autohäuser und -händler');
INSERT INTO `contrexx_module_crm_industry_type_local` (`entry_id`, `lang_id`, `value`) VALUES ('143', '2', 'Autohäuser und -händler');
INSERT INTO `contrexx_module_crm_industry_type_local` (`entry_id`, `lang_id`, `value`) VALUES ('144', '1', 'Werkstatt, Service ');
INSERT INTO `contrexx_module_crm_industry_type_local` (`entry_id`, `lang_id`, `value`) VALUES ('144', '2', 'Werkstatt, Service ');
INSERT INTO `contrexx_module_crm_industry_type_local` (`entry_id`, `lang_id`, `value`) VALUES ('145', '1', 'Zweiräder');
INSERT INTO `contrexx_module_crm_industry_type_local` (`entry_id`, `lang_id`, `value`) VALUES ('145', '2', 'Zweiräder');
INSERT INTO `contrexx_module_crm_industry_type_local` (`entry_id`, `lang_id`, `value`) VALUES ('146', '1', 'Vermietung von Fahrzeugen');
INSERT INTO `contrexx_module_crm_industry_type_local` (`entry_id`, `lang_id`, `value`) VALUES ('146', '2', 'Vermietung von Fahrzeugen');
INSERT INTO `contrexx_module_crm_industry_type_local` (`entry_id`, `lang_id`, `value`) VALUES ('147', '1', 'Wasserfahrzeuge');
INSERT INTO `contrexx_module_crm_industry_type_local` (`entry_id`, `lang_id`, `value`) VALUES ('147', '2', 'Wasserfahrzeuge');
INSERT INTO `contrexx_module_crm_industry_type_local` (`entry_id`, `lang_id`, `value`) VALUES ('148', '1', 'Spedition und Transport ');
INSERT INTO `contrexx_module_crm_industry_type_local` (`entry_id`, `lang_id`, `value`) VALUES ('148', '2', 'Spedition und Transport ');
INSERT INTO `contrexx_module_crm_industry_type_local` (`entry_id`, `lang_id`, `value`) VALUES ('149', '1', 'Verkehr Sonstiges');
INSERT INTO `contrexx_module_crm_industry_type_local` (`entry_id`, `lang_id`, `value`) VALUES ('149', '2', 'Verkehr Sonstiges');
INSERT INTO `contrexx_module_crm_industry_type_local` (`entry_id`, `lang_id`, `value`) VALUES ('150', '1', 'Bauen & Handwerk');
INSERT INTO `contrexx_module_crm_industry_type_local` (`entry_id`, `lang_id`, `value`) VALUES ('150', '2', 'Bauen & Handwerk');
INSERT INTO `contrexx_module_crm_industry_type_local` (`entry_id`, `lang_id`, `value`) VALUES ('151', '1', 'Bauhandwerk');
INSERT INTO `contrexx_module_crm_industry_type_local` (`entry_id`, `lang_id`, `value`) VALUES ('151', '2', 'Bauhandwerk');
INSERT INTO `contrexx_module_crm_industry_type_local` (`entry_id`, `lang_id`, `value`) VALUES ('152', '1', 'Bauunternehmen ');
INSERT INTO `contrexx_module_crm_industry_type_local` (`entry_id`, `lang_id`, `value`) VALUES ('152', '2', 'Bauunternehmen ');
INSERT INTO `contrexx_module_crm_industry_type_local` (`entry_id`, `lang_id`, `value`) VALUES ('153', '1', 'Service rund ums Bauen ');
INSERT INTO `contrexx_module_crm_industry_type_local` (`entry_id`, `lang_id`, `value`) VALUES ('153', '2', 'Service rund ums Bauen ');
INSERT INTO `contrexx_module_crm_industry_type_local` (`entry_id`, `lang_id`, `value`) VALUES ('154', '1', 'Baumaterialien');
INSERT INTO `contrexx_module_crm_industry_type_local` (`entry_id`, `lang_id`, `value`) VALUES ('154', '2', 'Baumaterialien');
INSERT INTO `contrexx_module_crm_industry_type_local` (`entry_id`, `lang_id`, `value`) VALUES ('155', '1', 'Wohnen & Einrichten');
INSERT INTO `contrexx_module_crm_industry_type_local` (`entry_id`, `lang_id`, `value`) VALUES ('155', '2', 'Wohnen & Einrichten');
INSERT INTO `contrexx_module_crm_industry_type_local` (`entry_id`, `lang_id`, `value`) VALUES ('156', '1', 'Einrichten');
INSERT INTO `contrexx_module_crm_industry_type_local` (`entry_id`, `lang_id`, `value`) VALUES ('156', '2', 'Einrichten');
INSERT INTO `contrexx_module_crm_industry_type_local` (`entry_id`, `lang_id`, `value`) VALUES ('157', '1', 'Einrichten');
INSERT INTO `contrexx_module_crm_industry_type_local` (`entry_id`, `lang_id`, `value`) VALUES ('157', '2', 'Einrichten');
INSERT INTO `contrexx_module_crm_industry_type_local` (`entry_id`, `lang_id`, `value`) VALUES ('158', '1', 'Wohnungssuche ');
INSERT INTO `contrexx_module_crm_industry_type_local` (`entry_id`, `lang_id`, `value`) VALUES ('158', '2', 'Wohnungssuche ');
INSERT INTO `contrexx_module_crm_industry_type_local` (`entry_id`, `lang_id`, `value`) VALUES ('159', '1', 'Natur, Garten, Umwelt');
INSERT INTO `contrexx_module_crm_industry_type_local` (`entry_id`, `lang_id`, `value`) VALUES ('159', '2', 'Natur, Garten, Umwelt');
INSERT INTO `contrexx_module_crm_industry_type_local` (`entry_id`, `lang_id`, `value`) VALUES ('160', '1', 'Land- & Forstwirtschaft');
INSERT INTO `contrexx_module_crm_industry_type_local` (`entry_id`, `lang_id`, `value`) VALUES ('160', '2', 'Land- & Forstwirtschaft');
INSERT INTO `contrexx_module_crm_industry_type_local` (`entry_id`, `lang_id`, `value`) VALUES ('161', '1', 'Garten');
INSERT INTO `contrexx_module_crm_industry_type_local` (`entry_id`, `lang_id`, `value`) VALUES ('161', '2', 'Garten');
INSERT INTO `contrexx_module_crm_industry_type_local` (`entry_id`, `lang_id`, `value`) VALUES ('162', '1', 'Energie- und Wasserversorgung');
INSERT INTO `contrexx_module_crm_industry_type_local` (`entry_id`, `lang_id`, `value`) VALUES ('162', '2', 'Energie- und Wasserversorgung');
INSERT INTO `contrexx_module_crm_industry_type_local` (`entry_id`, `lang_id`, `value`) VALUES ('163', '1', 'Umweltschutz, Entsorgung');
INSERT INTO `contrexx_module_crm_industry_type_local` (`entry_id`, `lang_id`, `value`) VALUES ('163', '2', 'Umweltschutz, Entsorgung');
INSERT INTO `contrexx_module_crm_industry_type_local` (`entry_id`, `lang_id`, `value`) VALUES ('164', '1', 'Recht, Geld, Versicherung');
INSERT INTO `contrexx_module_crm_industry_type_local` (`entry_id`, `lang_id`, `value`) VALUES ('164', '2', 'Recht, Geld, Versicherung');
INSERT INTO `contrexx_module_crm_industry_type_local` (`entry_id`, `lang_id`, `value`) VALUES ('165', '1', 'Recht');
INSERT INTO `contrexx_module_crm_industry_type_local` (`entry_id`, `lang_id`, `value`) VALUES ('165', '2', 'Recht');
INSERT INTO `contrexx_module_crm_industry_type_local` (`entry_id`, `lang_id`, `value`) VALUES ('166', '1', 'Finanzen ');
INSERT INTO `contrexx_module_crm_industry_type_local` (`entry_id`, `lang_id`, `value`) VALUES ('166', '2', 'Finanzen ');
INSERT INTO `contrexx_module_crm_industry_type_local` (`entry_id`, `lang_id`, `value`) VALUES ('167', '1', 'Steuern');
INSERT INTO `contrexx_module_crm_industry_type_local` (`entry_id`, `lang_id`, `value`) VALUES ('167', '2', 'Steuern');
INSERT INTO `contrexx_module_crm_industry_type_local` (`entry_id`, `lang_id`, `value`) VALUES ('168', '1', 'Versicherung');
INSERT INTO `contrexx_module_crm_industry_type_local` (`entry_id`, `lang_id`, `value`) VALUES ('168', '2', 'Versicherung');
INSERT INTO `contrexx_module_crm_industry_type_local` (`entry_id`, `lang_id`, `value`) VALUES ('169', '1', 'Lebenshilfe ');
INSERT INTO `contrexx_module_crm_industry_type_local` (`entry_id`, `lang_id`, `value`) VALUES ('169', '2', 'Lebenshilfe ');
INSERT INTO `contrexx_module_crm_industry_type_local` (`entry_id`, `lang_id`, `value`) VALUES ('170', '1', 'Dienstleistungen');
INSERT INTO `contrexx_module_crm_industry_type_local` (`entry_id`, `lang_id`, `value`) VALUES ('170', '2', 'Dienstleistungen');
INSERT INTO `contrexx_module_crm_industry_type_local` (`entry_id`, `lang_id`, `value`) VALUES ('171', '1', 'Notdienste');
INSERT INTO `contrexx_module_crm_industry_type_local` (`entry_id`, `lang_id`, `value`) VALUES ('171', '2', 'Notdienste');
INSERT INTO `contrexx_module_crm_industry_type_local` (`entry_id`, `lang_id`, `value`) VALUES ('172', '1', 'Vermietung ');
INSERT INTO `contrexx_module_crm_industry_type_local` (`entry_id`, `lang_id`, `value`) VALUES ('172', '2', 'Vermietung ');
INSERT INTO `contrexx_module_crm_industry_type_local` (`entry_id`, `lang_id`, `value`) VALUES ('173', '1', 'Änderungen, Reparaturen');
INSERT INTO `contrexx_module_crm_industry_type_local` (`entry_id`, `lang_id`, `value`) VALUES ('173', '2', 'Änderungen, Reparaturen');
INSERT INTO `contrexx_module_crm_industry_type_local` (`entry_id`, `lang_id`, `value`) VALUES ('174', '1', 'Haushalt');
INSERT INTO `contrexx_module_crm_industry_type_local` (`entry_id`, `lang_id`, `value`) VALUES ('174', '2', 'Haushalt');
INSERT INTO `contrexx_module_crm_industry_type_local` (`entry_id`, `lang_id`, `value`) VALUES ('175', '1', 'Hilfe im Trauerfall');
INSERT INTO `contrexx_module_crm_industry_type_local` (`entry_id`, `lang_id`, `value`) VALUES ('175', '2', 'Hilfe im Trauerfall');
INSERT INTO `contrexx_module_crm_industry_type_local` (`entry_id`, `lang_id`, `value`) VALUES ('176', '1', 'Lieferdienste');
INSERT INTO `contrexx_module_crm_industry_type_local` (`entry_id`, `lang_id`, `value`) VALUES ('176', '2', 'Lieferdienste');
INSERT INTO `contrexx_module_crm_industry_type_local` (`entry_id`, `lang_id`, `value`) VALUES ('177', '1', 'Sonstige Dienstleistungen ');
INSERT INTO `contrexx_module_crm_industry_type_local` (`entry_id`, `lang_id`, `value`) VALUES ('177', '2', 'Sonstige Dienstleistungen ');
INSERT INTO `contrexx_module_crm_industry_type_local` (`entry_id`, `lang_id`, `value`) VALUES ('178', '1', 'Computer, Elektronik, Kommunikation');
INSERT INTO `contrexx_module_crm_industry_type_local` (`entry_id`, `lang_id`, `value`) VALUES ('178', '2', 'Computer, Elektronik, Kommunikation');
INSERT INTO `contrexx_module_crm_industry_type_local` (`entry_id`, `lang_id`, `value`) VALUES ('179', '1', 'Computer ');
INSERT INTO `contrexx_module_crm_industry_type_local` (`entry_id`, `lang_id`, `value`) VALUES ('179', '2', 'Computer ');
INSERT INTO `contrexx_module_crm_industry_type_local` (`entry_id`, `lang_id`, `value`) VALUES ('180', '1', 'Audio, Hifi, Video ');
INSERT INTO `contrexx_module_crm_industry_type_local` (`entry_id`, `lang_id`, `value`) VALUES ('180', '2', 'Audio, Hifi, Video ');
INSERT INTO `contrexx_module_crm_industry_type_local` (`entry_id`, `lang_id`, `value`) VALUES ('181', '1', 'Telefon und Handy ');
INSERT INTO `contrexx_module_crm_industry_type_local` (`entry_id`, `lang_id`, `value`) VALUES ('181', '2', 'Telefon und Handy ');
INSERT INTO `contrexx_module_crm_industry_type_local` (`entry_id`, `lang_id`, `value`) VALUES ('182', '1', 'Einkaufen');
INSERT INTO `contrexx_module_crm_industry_type_local` (`entry_id`, `lang_id`, `value`) VALUES ('182', '2', 'Einkaufen');
INSERT INTO `contrexx_module_crm_industry_type_local` (`entry_id`, `lang_id`, `value`) VALUES ('183', '1', 'Alles für den Tag');
INSERT INTO `contrexx_module_crm_industry_type_local` (`entry_id`, `lang_id`, `value`) VALUES ('183', '2', 'Alles für den Tag');
INSERT INTO `contrexx_module_crm_industry_type_local` (`entry_id`, `lang_id`, `value`) VALUES ('184', '1', 'Mode, Accessoires');
INSERT INTO `contrexx_module_crm_industry_type_local` (`entry_id`, `lang_id`, `value`) VALUES ('184', '2', 'Mode, Accessoires');
INSERT INTO `contrexx_module_crm_industry_type_local` (`entry_id`, `lang_id`, `value`) VALUES ('185', '1', 'Unterhaltungselektronik');
INSERT INTO `contrexx_module_crm_industry_type_local` (`entry_id`, `lang_id`, `value`) VALUES ('185', '2', 'Unterhaltungselektronik');
INSERT INTO `contrexx_module_crm_industry_type_local` (`entry_id`, `lang_id`, `value`) VALUES ('186', '1', 'Haushalt & Einrichtung ');
INSERT INTO `contrexx_module_crm_industry_type_local` (`entry_id`, `lang_id`, `value`) VALUES ('186', '2', 'Haushalt & Einrichtung ');
INSERT INTO `contrexx_module_crm_industry_type_local` (`entry_id`, `lang_id`, `value`) VALUES ('187', '1', 'Freizeit');
INSERT INTO `contrexx_module_crm_industry_type_local` (`entry_id`, `lang_id`, `value`) VALUES ('187', '2', 'Freizeit');
INSERT INTO `contrexx_module_crm_industry_type_local` (`entry_id`, `lang_id`, `value`) VALUES ('188', '1', 'Gesundheit ');
INSERT INTO `contrexx_module_crm_industry_type_local` (`entry_id`, `lang_id`, `value`) VALUES ('188', '2', 'Gesundheit ');
INSERT INTO `contrexx_module_crm_industry_type_local` (`entry_id`, `lang_id`, `value`) VALUES ('189', '1', 'Medien');
INSERT INTO `contrexx_module_crm_industry_type_local` (`entry_id`, `lang_id`, `value`) VALUES ('189', '2', 'Medien');
INSERT INTO `contrexx_module_crm_industry_type_local` (`entry_id`, `lang_id`, `value`) VALUES ('190', '1', 'Sonstiger Einkauf');
INSERT INTO `contrexx_module_crm_industry_type_local` (`entry_id`, `lang_id`, `value`) VALUES ('190', '2', 'Sonstiger Einkauf');
INSERT INTO `contrexx_module_crm_industry_type_local` (`entry_id`, `lang_id`, `value`) VALUES ('191', '1', 'Essen Trinken, Ausgehen');
INSERT INTO `contrexx_module_crm_industry_type_local` (`entry_id`, `lang_id`, `value`) VALUES ('191', '2', 'Essen Trinken, Ausgehen');
INSERT INTO `contrexx_module_crm_industry_type_local` (`entry_id`, `lang_id`, `value`) VALUES ('192', '1', 'Essen & Trinken ');
INSERT INTO `contrexx_module_crm_industry_type_local` (`entry_id`, `lang_id`, `value`) VALUES ('192', '2', 'Essen & Trinken ');
INSERT INTO `contrexx_module_crm_industry_type_local` (`entry_id`, `lang_id`, `value`) VALUES ('193', '1', 'Kunst & Kultur');
INSERT INTO `contrexx_module_crm_industry_type_local` (`entry_id`, `lang_id`, `value`) VALUES ('193', '2', 'Kunst & Kultur');
INSERT INTO `contrexx_module_crm_industry_type_local` (`entry_id`, `lang_id`, `value`) VALUES ('194', '1', 'Urlaub & Freizeit');
INSERT INTO `contrexx_module_crm_industry_type_local` (`entry_id`, `lang_id`, `value`) VALUES ('194', '2', 'Urlaub & Freizeit');
INSERT INTO `contrexx_module_crm_industry_type_local` (`entry_id`, `lang_id`, `value`) VALUES ('195', '1', 'Reisen');
INSERT INTO `contrexx_module_crm_industry_type_local` (`entry_id`, `lang_id`, `value`) VALUES ('195', '2', 'Reisen');
INSERT INTO `contrexx_module_crm_industry_type_local` (`entry_id`, `lang_id`, `value`) VALUES ('196', '1', 'Unterkünfte ');
INSERT INTO `contrexx_module_crm_industry_type_local` (`entry_id`, `lang_id`, `value`) VALUES ('196', '2', 'Unterkünfte ');
INSERT INTO `contrexx_module_crm_industry_type_local` (`entry_id`, `lang_id`, `value`) VALUES ('197', '1', 'Freizeitspaß');
INSERT INTO `contrexx_module_crm_industry_type_local` (`entry_id`, `lang_id`, `value`) VALUES ('197', '2', 'Freizeitspaß');
INSERT INTO `contrexx_module_crm_industry_type_local` (`entry_id`, `lang_id`, `value`) VALUES ('198', '1', 'Hobby');
INSERT INTO `contrexx_module_crm_industry_type_local` (`entry_id`, `lang_id`, `value`) VALUES ('198', '2', 'Hobby');
INSERT INTO `contrexx_module_crm_industry_type_local` (`entry_id`, `lang_id`, `value`) VALUES ('199', '1', 'Fitness, Wellness, Körperpflege');
INSERT INTO `contrexx_module_crm_industry_type_local` (`entry_id`, `lang_id`, `value`) VALUES ('199', '2', 'Fitness, Wellness, Körperpflege');
INSERT INTO `contrexx_module_crm_industry_type_local` (`entry_id`, `lang_id`, `value`) VALUES ('200', '1', 'Sport & Fitness');
INSERT INTO `contrexx_module_crm_industry_type_local` (`entry_id`, `lang_id`, `value`) VALUES ('200', '2', 'Sport & Fitness');
INSERT INTO `contrexx_module_crm_industry_type_local` (`entry_id`, `lang_id`, `value`) VALUES ('201', '1', 'Friseur & Kosmetik');
INSERT INTO `contrexx_module_crm_industry_type_local` (`entry_id`, `lang_id`, `value`) VALUES ('201', '2', 'Friseur & Kosmetik');
INSERT INTO `contrexx_module_crm_industry_type_local` (`entry_id`, `lang_id`, `value`) VALUES ('202', '1', 'Entspannung');
INSERT INTO `contrexx_module_crm_industry_type_local` (`entry_id`, `lang_id`, `value`) VALUES ('202', '2', 'Entspannung');
INSERT INTO `contrexx_module_crm_industry_type_local` (`entry_id`, `lang_id`, `value`) VALUES ('203', '1', 'Gesundheit, Pflege, Medizin');
INSERT INTO `contrexx_module_crm_industry_type_local` (`entry_id`, `lang_id`, `value`) VALUES ('203', '2', 'Gesundheit, Pflege, Medizin');
INSERT INTO `contrexx_module_crm_industry_type_local` (`entry_id`, `lang_id`, `value`) VALUES ('204', '1', 'Ärzte & Krankenhäuser');
INSERT INTO `contrexx_module_crm_industry_type_local` (`entry_id`, `lang_id`, `value`) VALUES ('204', '2', 'Ärzte & Krankenhäuser');
INSERT INTO `contrexx_module_crm_industry_type_local` (`entry_id`, `lang_id`, `value`) VALUES ('205', '1', 'Krankenversicherung');
INSERT INTO `contrexx_module_crm_industry_type_local` (`entry_id`, `lang_id`, `value`) VALUES ('205', '2', 'Krankenversicherung');
INSERT INTO `contrexx_module_crm_industry_type_local` (`entry_id`, `lang_id`, `value`) VALUES ('206', '1', 'Medikamente, Sanitätsmaterial');
INSERT INTO `contrexx_module_crm_industry_type_local` (`entry_id`, `lang_id`, `value`) VALUES ('206', '2', 'Medikamente, Sanitätsmaterial');
INSERT INTO `contrexx_module_crm_industry_type_local` (`entry_id`, `lang_id`, `value`) VALUES ('207', '1', 'Medizinischer Service');
INSERT INTO `contrexx_module_crm_industry_type_local` (`entry_id`, `lang_id`, `value`) VALUES ('207', '2', 'Medizinischer Service');
INSERT INTO `contrexx_module_crm_industry_type_local` (`entry_id`, `lang_id`, `value`) VALUES ('208', '1', 'Medizinischer Service');
INSERT INTO `contrexx_module_crm_industry_type_local` (`entry_id`, `lang_id`, `value`) VALUES ('208', '2', 'Medizinischer Service');
INSERT INTO `contrexx_module_crm_industry_type_local` (`entry_id`, `lang_id`, `value`) VALUES ('209', '1', 'Heime & Pflegedienste');
INSERT INTO `contrexx_module_crm_industry_type_local` (`entry_id`, `lang_id`, `value`) VALUES ('209', '2', 'Heime & Pflegedienste');
INSERT INTO `contrexx_module_crm_industry_type_local` (`entry_id`, `lang_id`, `value`) VALUES ('210', '1', 'Soziale Einrichtungen');
INSERT INTO `contrexx_module_crm_industry_type_local` (`entry_id`, `lang_id`, `value`) VALUES ('210', '2', 'Soziale Einrichtungen');
INSERT INTO `contrexx_module_crm_industry_type_local` (`entry_id`, `lang_id`, `value`) VALUES ('211', '1', 'Therapie');
INSERT INTO `contrexx_module_crm_industry_type_local` (`entry_id`, `lang_id`, `value`) VALUES ('211', '2', 'Therapie');
INSERT INTO `contrexx_module_crm_industry_type_local` (`entry_id`, `lang_id`, `value`) VALUES ('212', '1', 'Aus- & Weiterbildung');
INSERT INTO `contrexx_module_crm_industry_type_local` (`entry_id`, `lang_id`, `value`) VALUES ('212', '2', 'Aus- & Weiterbildung');
INSERT INTO `contrexx_module_crm_industry_type_local` (`entry_id`, `lang_id`, `value`) VALUES ('213', '1', 'Hoch- & Fachschulen');
INSERT INTO `contrexx_module_crm_industry_type_local` (`entry_id`, `lang_id`, `value`) VALUES ('213', '2', 'Hoch- & Fachschulen');
INSERT INTO `contrexx_module_crm_industry_type_local` (`entry_id`, `lang_id`, `value`) VALUES ('214', '1', 'Schulen & Kinderbetreuung');
INSERT INTO `contrexx_module_crm_industry_type_local` (`entry_id`, `lang_id`, `value`) VALUES ('214', '2', 'Schulen & Kinderbetreuung');
INSERT INTO `contrexx_module_crm_industry_type_local` (`entry_id`, `lang_id`, `value`) VALUES ('215', '1', 'Hoch- & Fachschulen ');
INSERT INTO `contrexx_module_crm_industry_type_local` (`entry_id`, `lang_id`, `value`) VALUES ('215', '2', 'Hoch- & Fachschulen ');
INSERT INTO `contrexx_module_crm_industry_type_local` (`entry_id`, `lang_id`, `value`) VALUES ('216', '1', 'Unterricht, Nachhilfe ');
INSERT INTO `contrexx_module_crm_industry_type_local` (`entry_id`, `lang_id`, `value`) VALUES ('216', '2', 'Unterricht, Nachhilfe ');
INSERT INTO `contrexx_module_crm_industry_type_local` (`entry_id`, `lang_id`, `value`) VALUES ('217', '1', 'Werbung & Medien');
INSERT INTO `contrexx_module_crm_industry_type_local` (`entry_id`, `lang_id`, `value`) VALUES ('217', '2', 'Werbung & Medien');
INSERT INTO `contrexx_module_crm_industry_type_local` (`entry_id`, `lang_id`, `value`) VALUES ('218', '1', 'Werbeberatung');
INSERT INTO `contrexx_module_crm_industry_type_local` (`entry_id`, `lang_id`, `value`) VALUES ('218', '2', 'Werbeberatung');
INSERT INTO `contrexx_module_crm_industry_type_local` (`entry_id`, `lang_id`, `value`) VALUES ('219', '1', 'Agenturen');
INSERT INTO `contrexx_module_crm_industry_type_local` (`entry_id`, `lang_id`, `value`) VALUES ('219', '2', 'Agenturen');
INSERT INTO `contrexx_module_crm_industry_type_local` (`entry_id`, `lang_id`, `value`) VALUES ('220', '1', 'elektronische Medien');
INSERT INTO `contrexx_module_crm_industry_type_local` (`entry_id`, `lang_id`, `value`) VALUES ('220', '2', 'elektronische Medien');
INSERT INTO `contrexx_module_crm_industry_type_local` (`entry_id`, `lang_id`, `value`) VALUES ('221', '1', 'grafisches Gewerbe');
INSERT INTO `contrexx_module_crm_industry_type_local` (`entry_id`, `lang_id`, `value`) VALUES ('221', '2', 'grafisches Gewerbe');
INSERT INTO `contrexx_module_crm_industry_type_local` (`entry_id`, `lang_id`, `value`) VALUES ('222', '1', 'Verlage');
INSERT INTO `contrexx_module_crm_industry_type_local` (`entry_id`, `lang_id`, `value`) VALUES ('222', '2', 'Verlage');
INSERT INTO `contrexx_module_crm_industry_type_local` (`entry_id`, `lang_id`, `value`) VALUES ('223', '1', 'Werbemittel');
INSERT INTO `contrexx_module_crm_industry_type_local` (`entry_id`, `lang_id`, `value`) VALUES ('223', '2', 'Werbemittel');
INSERT INTO `contrexx_module_crm_industry_type_local` (`entry_id`, `lang_id`, `value`) VALUES ('224', '1', 'Printmedien');
INSERT INTO `contrexx_module_crm_industry_type_local` (`entry_id`, `lang_id`, `value`) VALUES ('224', '2', 'Printmedien');
INSERT INTO `contrexx_module_crm_industry_type_local` (`entry_id`, `lang_id`, `value`) VALUES ('225', '1', 'Bedarf & Leistungen für Firmen');
INSERT INTO `contrexx_module_crm_industry_type_local` (`entry_id`, `lang_id`, `value`) VALUES ('225', '2', 'Bedarf & Leistungen für Firmen');
INSERT INTO `contrexx_module_crm_industry_type_local` (`entry_id`, `lang_id`, `value`) VALUES ('226', '1', 'Dienstleistungen');
INSERT INTO `contrexx_module_crm_industry_type_local` (`entry_id`, `lang_id`, `value`) VALUES ('226', '2', 'Dienstleistungen');
INSERT INTO `contrexx_module_crm_industry_type_local` (`entry_id`, `lang_id`, `value`) VALUES ('227', '1', 'Material & Geräte');
INSERT INTO `contrexx_module_crm_industry_type_local` (`entry_id`, `lang_id`, `value`) VALUES ('227', '2', 'Material & Geräte');
INSERT INTO `contrexx_module_crm_industry_type_local` (`entry_id`, `lang_id`, `value`) VALUES ('228', '1', 'Personal');
INSERT INTO `contrexx_module_crm_industry_type_local` (`entry_id`, `lang_id`, `value`) VALUES ('228', '2', 'Personal');
INSERT INTO `contrexx_module_crm_industry_type_local` (`entry_id`, `lang_id`, `value`) VALUES ('229', '1', 'Industrie');
INSERT INTO `contrexx_module_crm_industry_type_local` (`entry_id`, `lang_id`, `value`) VALUES ('229', '2', 'Industrie');
INSERT INTO `contrexx_module_crm_industry_type_local` (`entry_id`, `lang_id`, `value`) VALUES ('230', '1', 'Industrie');
INSERT INTO `contrexx_module_crm_industry_type_local` (`entry_id`, `lang_id`, `value`) VALUES ('230', '2', 'Industrie');
INSERT INTO `contrexx_module_crm_industry_type_local` (`entry_id`, `lang_id`, `value`) VALUES ('231', '1', 'Forschung');
INSERT INTO `contrexx_module_crm_industry_type_local` (`entry_id`, `lang_id`, `value`) VALUES ('231', '2', 'Forschung');
INSERT INTO `contrexx_module_crm_industry_type_local` (`entry_id`, `lang_id`, `value`) VALUES ('232', '1', 'Ämter & Öffentliche Einrichtungen');
INSERT INTO `contrexx_module_crm_industry_type_local` (`entry_id`, `lang_id`, `value`) VALUES ('232', '2', 'Ämter & Öffentliche Einrichtungen');
INSERT INTO `contrexx_module_crm_industry_type_local` (`entry_id`, `lang_id`, `value`) VALUES ('233', '1', 'Behörden');
INSERT INTO `contrexx_module_crm_industry_type_local` (`entry_id`, `lang_id`, `value`) VALUES ('233', '2', 'Behörden');
INSERT INTO `contrexx_module_crm_industry_type_local` (`entry_id`, `lang_id`, `value`) VALUES ('234', '1', 'Schulen & Kinderbetreuung ');
INSERT INTO `contrexx_module_crm_industry_type_local` (`entry_id`, `lang_id`, `value`) VALUES ('234', '2', 'Schulen & Kinderbetreuung ');
INSERT INTO `contrexx_module_crm_industry_type_local` (`entry_id`, `lang_id`, `value`) VALUES ('235', '1', 'Verbände, Vereine, Kirchen, Parteien');
INSERT INTO `contrexx_module_crm_industry_type_local` (`entry_id`, `lang_id`, `value`) VALUES ('235', '2', 'Verbände, Vereine, Kirchen, Parteien');

INSERT INTO `contrexx_module_crm_memberships` (`id`, `sorting`, `status`) VALUES ('22', '1', '1');
INSERT INTO `contrexx_module_crm_memberships` (`id`, `sorting`, `status`) VALUES ('21', '5', '1');
INSERT INTO `contrexx_module_crm_memberships` (`id`, `sorting`, `status`) VALUES ('25', '2', '1');
INSERT INTO `contrexx_module_crm_memberships` (`id`, `sorting`, `status`) VALUES ('26', '3', '1');
INSERT INTO `contrexx_module_crm_memberships` (`id`, `sorting`, `status`) VALUES ('27', '4', '1');

INSERT INTO `contrexx_module_crm_membership_local` (`entry_id`, `lang_id`, `value`) VALUES ('27', '2', 'Solution Partner (Silber)');
INSERT INTO `contrexx_module_crm_membership_local` (`entry_id`, `lang_id`, `value`) VALUES ('27', '1', 'Kundengruppe B');
INSERT INTO `contrexx_module_crm_membership_local` (`entry_id`, `lang_id`, `value`) VALUES ('26', '2', 'Endkunden (Partnerpreis)');
INSERT INTO `contrexx_module_crm_membership_local` (`entry_id`, `lang_id`, `value`) VALUES ('26', '1', 'Kundengruppe A');
INSERT INTO `contrexx_module_crm_membership_local` (`entry_id`, `lang_id`, `value`) VALUES ('25', '2', 'Lieferanten');
INSERT INTO `contrexx_module_crm_membership_local` (`entry_id`, `lang_id`, `value`) VALUES ('25', '1', 'Lieferanten');
INSERT INTO `contrexx_module_crm_membership_local` (`entry_id`, `lang_id`, `value`) VALUES ('22', '2', 'Interessenten');
INSERT INTO `contrexx_module_crm_membership_local` (`entry_id`, `lang_id`, `value`) VALUES ('22', '1', 'Interessenten');
INSERT INTO `contrexx_module_crm_membership_local` (`entry_id`, `lang_id`, `value`) VALUES ('21', '2', 'Reseller');
INSERT INTO `contrexx_module_crm_membership_local` (`entry_id`, `lang_id`, `value`) VALUES ('21', '1', 'Reseller');

INSERT INTO `contrexx_module_crm_notes` (`id`, `name`, `status`, `icon`, `pos`, `system_defined`) VALUES ('42', 'Gesprächsnotizen', '1', '', '1', '0');
INSERT INTO `contrexx_module_crm_notes` (`id`, `name`, `status`, `icon`, `pos`, `system_defined`) VALUES ('75', 'Termin', '1', '', '3', '0');
INSERT INTO `contrexx_module_crm_notes` (`id`, `name`, `status`, `icon`, `pos`, `system_defined`) VALUES ('73', 'E-Mail Notizen', '1', '', '2', '0');
INSERT INTO `contrexx_module_crm_notes` (`id`, `name`, `status`, `icon`, `pos`, `system_defined`) VALUES ('74', 'Zugangsdaten', '1', '', '4', '0');

INSERT INTO `contrexx_module_crm_settings` (`setid`, `setname`, `setvalue`) VALUES ('1', 'allow_pm', '0');
INSERT INTO `contrexx_module_crm_settings` (`setid`, `setname`, `setvalue`) VALUES ('11', 'customer_default_language_backend', '0');
INSERT INTO `contrexx_module_crm_settings` (`setid`, `setname`, `setvalue`) VALUES ('12', 'customer_default_language_frontend', '0');
INSERT INTO `contrexx_module_crm_settings` (`setid`, `setname`, `setvalue`) VALUES ('13', 'default_user_group', '6');
INSERT INTO `contrexx_module_crm_settings` (`setid`, `setname`, `setvalue`) VALUES ('14', 'create_user_account', '1');
INSERT INTO `contrexx_module_crm_settings` (`setid`, `setname`, `setvalue`) VALUES ('15', 'emp_default_user_group', '8');
INSERT INTO `contrexx_module_crm_settings` (`setid`, `setname`, `setvalue`) VALUES ('16', 'user_account_mantatory', '0');
INSERT INTO `contrexx_module_crm_settings` (`setid`, `setname`, `setvalue`) VALUES ('17', 'default_country_value', '204');

INSERT INTO `contrexx_module_crm_stages` (`id`, `label`, `stage`, `status`, `sorting`) VALUES ('51', 'Auftragsbestätigung akzeptiert', '90', '1', '90');
INSERT INTO `contrexx_module_crm_stages` (`id`, `label`, `stage`, `status`, `sorting`) VALUES ('52', 'Bedarfsaufnahme', '10', '1', '10');
INSERT INTO `contrexx_module_crm_stages` (`id`, `label`, `stage`, `status`, `sorting`) VALUES ('49', 'Mündliche Zusage durch Entscheider', '80', '1', '80');
INSERT INTO `contrexx_module_crm_stages` (`id`, `label`, `stage`, `status`, `sorting`) VALUES ('50', 'Vertrag unterzeichnet', '100', '1', '100');
INSERT INTO `contrexx_module_crm_stages` (`id`, `label`, `stage`, `status`, `sorting`) VALUES ('48', 'Interne Beeinflusser für uns entschieden', '70', '1', '70');
INSERT INTO `contrexx_module_crm_stages` (`id`, `label`, `stage`, `status`, `sorting`) VALUES ('45', 'Richtofferte / Grundofferte', '20', '1', '20');
INSERT INTO `contrexx_module_crm_stages` (`id`, `label`, `stage`, `status`, `sorting`) VALUES ('46', 'Kunde favorisiert unser Angebot', '50', '1', '50');
INSERT INTO `contrexx_module_crm_stages` (`id`, `label`, `stage`, `status`, `sorting`) VALUES ('53', 'Gute Gründe für engere Wahl', '40', '1', '40');
INSERT INTO `contrexx_module_crm_stages` (`id`, `label`, `stage`, `status`, `sorting`) VALUES ('47', 'Beste Position, keine Mitbewerber mehr', '60', '1', '60');
INSERT INTO `contrexx_module_crm_stages` (`id`, `label`, `stage`, `status`, `sorting`) VALUES ('44', 'Erste Evaluation durch Kunde ausgeführt', '30', '1', '30');
INSERT INTO `contrexx_module_crm_stages` (`id`, `label`, `stage`, `status`, `sorting`) VALUES ('56', 'Auftrag nicht erhalten', '1', '1', '110');

INSERT INTO `contrexx_module_crm_success_rate` (`id`, `label`, `rate`, `status`, `sorting`) VALUES ('2', 'Erste Evaluation durch Kunde ausgeführt', '30', '1', '30');
INSERT INTO `contrexx_module_crm_success_rate` (`id`, `label`, `rate`, `status`, `sorting`) VALUES ('4', 'Richtofferte / Grundofferte', '20', '1', '20');
INSERT INTO `contrexx_module_crm_success_rate` (`id`, `label`, `rate`, `status`, `sorting`) VALUES ('6', 'Kunde favorisiert unser Angebot', '50', '1', '50');
INSERT INTO `contrexx_module_crm_success_rate` (`id`, `label`, `rate`, `status`, `sorting`) VALUES ('7', 'Beste Position, keine Mitbewerber mehr', '60', '1', '60');
INSERT INTO `contrexx_module_crm_success_rate` (`id`, `label`, `rate`, `status`, `sorting`) VALUES ('8', 'Interne Beeinflusser für uns entschieden', '70', '1', '70');
INSERT INTO `contrexx_module_crm_success_rate` (`id`, `label`, `rate`, `status`, `sorting`) VALUES ('9', 'Mündliche Zusage durch Entscheider', '80', '1', '80');
INSERT INTO `contrexx_module_crm_success_rate` (`id`, `label`, `rate`, `status`, `sorting`) VALUES ('10', 'Letter or telephone of intend', '90', '1', '90');
INSERT INTO `contrexx_module_crm_success_rate` (`id`, `label`, `rate`, `status`, `sorting`) VALUES ('11', 'Auftragsbestätigung akzeptiert', '100', '1', '100');
INSERT INTO `contrexx_module_crm_success_rate` (`id`, `label`, `rate`, `status`, `sorting`) VALUES ('48', 'Bedarfsaufnahme', '10', '1', '10');
INSERT INTO `contrexx_module_crm_success_rate` (`id`, `label`, `rate`, `status`, `sorting`) VALUES ('49', 'Gute Gründe für engere Wahl', '40', '1', '40');

INSERT INTO `contrexx_module_crm_task` (`id`, `task_id`, `task_title`, `task_type_id`, `customer_id`, `due_date`, `assigned_to`, `description`, `task_status`, `added_by`, `added_date_time`) VALUES ('38', 'TC666', 'Neues Factsheet mit CRM!', '52', '13776', '2014-03-28 16:02:40', '1', 'Neues Factsheet mit CRM Integration zusenden per E-Mail an Frau Muster zusenden.', '0', '0', '0000-00-00 00:00:00');

INSERT INTO `contrexx_module_crm_task_types` (`id`, `name`, `status`, `sorting`, `description`, `icon`, `system_defined`) VALUES ('52', 'Unterlagen zusenden', '1', '0', '', '', '0');
INSERT INTO `contrexx_module_crm_task_types` (`id`, `name`, `status`, `sorting`, `description`, `icon`, `system_defined`) VALUES ('53', 'Rückruf', '1', '0', '', '', '0');
INSERT INTO `contrexx_module_crm_task_types` (`id`, `name`, `status`, `sorting`, `description`, `icon`, `system_defined`) VALUES ('54', 'Nachfassen', '1', '0', '', '', '0');
INSERT INTO `contrexx_module_crm_task_types` (`id`, `name`, `status`, `sorting`, `description`, `icon`, `system_defined`) VALUES ('55', 'Treffen', '1', '0', '', '', '0');
INSERT INTO `contrexx_module_crm_task_types` (`id`, `name`, `status`, `sorting`, `description`, `icon`, `system_defined`) VALUES ('8', 'Phone call', '1', '1', '', '', '0');
INSERT INTO `contrexx_module_crm_task_types` (`id`, `name`, `status`, `sorting`, `description`, `icon`, `system_defined`) VALUES ('9', 'Demo', '1', '2', '', '', '0');
INSERT INTO `contrexx_module_crm_task_types` (`id`, `name`, `status`, `sorting`, `description`, `icon`, `system_defined`) VALUES ('10', 'E-mail', '1', '3', '', '', '0');
INSERT INTO `contrexx_module_crm_task_types` (`id`, `name`, `status`, `sorting`, `description`, `icon`, `system_defined`) VALUES ('11', 'Fax', '1', '4', '', '', '0');
INSERT INTO `contrexx_module_crm_task_types` (`id`, `name`, `status`, `sorting`, `description`, `icon`, `system_defined`) VALUES ('12', 'Execution control', '1', '5', '', '', '0');
INSERT INTO `contrexx_module_crm_task_types` (`id`, `name`, `status`, `sorting`, `description`, `icon`, `system_defined`) VALUES ('13', 'Lunch', '1', '6', '', '', '0');
INSERT INTO `contrexx_module_crm_task_types` (`id`, `name`, `status`, `sorting`, `description`, `icon`, `system_defined`) VALUES ('14', 'Appoinment', '1', '7', '', '', '0');
INSERT INTO `contrexx_module_crm_task_types` (`id`, `name`, `status`, `sorting`, `description`, `icon`, `system_defined`) VALUES ('15', 'Note', '1', '8', '', '', '0');
INSERT INTO `contrexx_module_crm_task_types` (`id`, `name`, `status`, `sorting`, `description`, `icon`, `system_defined`) VALUES ('16', 'Delivery', '1', '9', '', '', '0');
INSERT INTO `contrexx_module_crm_task_types` (`id`, `name`, `status`, `sorting`, `description`, `icon`, `system_defined`) VALUES ('17', 'Social networks', '1', '10', '', '', '0');
INSERT INTO `contrexx_module_crm_task_types` (`id`, `name`, `status`, `sorting`, `description`, `icon`, `system_defined`) VALUES ('18', 'Expression of gratitude', '1', '11', '', '', '0');

INSERT INTO `contrexx_module_data_categories` (`category_id`, `lang_id`, `is_active`, `parent_id`, `name`, `active`, `cmd`, `action`, `sort`, `box_height`, `box_width`, `template`) VALUES ('1', '1', '1', '0', 'Links', '1', '0', 'overlaybox', '1', '300', '500', '<!-- BEGIN datalist_category -->\r\n<!-- this displays the category and the subcategories -->\r\n<div class=\"datalist_block\">\r\n<dl>\r\n	<!-- BEGIN category -->\r\n	<dt class=\"cattitle\">[[CATTITLE]]</div></dt>\r\n	<dd class=\"catcontent\">\r\n		<dl>\r\n		<!-- BEGIN entry -->\r\n		<dt>[[TITLE]]</dt>\r\n		<dd>\r\n			[[IMAGE]] [[CONTENT]] <a href=\"[[HREF]]\" [[CLASS]] [[TARGET]]>[[TXT_MORE]]</a>\r\n			<div style=\"clear: both;\"></div>\r\n		</dd>\r\n		<!-- END entry -->\r\n		</dl>\r\n	</dd>\r\n	<!-- END category -->\r\n</dl>\r\n</div>\r\n<!-- END datalist_category -->\r\n\r\n<!-- BEGIN datalist_single_category-->\r\n<!-- this displays just the entries of the category -->\r\n<div class=\"datalist_block\">\r\n<dl>\r\n    <!-- BEGIN single_entry -->\r\n    <dt class=\"cattitle\">[[TITLE]]</dt>\r\n    <dd class=\"catcontent2\">\r\n        [[IMAGE]] <p>[[CONTENT]] <a href=\"[[HREF]]\" [[CLASS]] [[TARGET]]>[[TXT_MORE]]</a></p>\r\n        <div style=\"clear: both;\" ></div>\r\n    </dd>\r\n    <!-- END single_entry -->\r\n</dl>\r\n</div>\r\n<!-- END datalist_single_category -->');

INSERT INTO `contrexx_module_data_messages` (`message_id`, `user_id`, `time_created`, `time_edited`, `hits`, `active`, `sort`, `mode`, `release_time`, `release_time_end`) VALUES ('3', '0', '1213692489', '1213721384', '0', '1', '1', 'normal', '0', '0');
INSERT INTO `contrexx_module_data_messages` (`message_id`, `user_id`, `time_created`, `time_edited`, `hits`, `active`, `sort`, `mode`, `release_time`, `release_time_end`) VALUES ('4', '0', '1213711405', '1236273974', '0', '1', '2', 'normal', '1236207600', '0');
INSERT INTO `contrexx_module_data_messages` (`message_id`, `user_id`, `time_created`, `time_edited`, `hits`, `active`, `sort`, `mode`, `release_time`, `release_time_end`) VALUES ('5', '0', '1213712506', '1236273980', '0', '1', '3', 'normal', '1236207600', '0');

INSERT INTO `contrexx_module_data_messages_lang` (`message_id`, `lang_id`, `is_active`, `subject`, `content`, `tags`, `image`, `thumbnail`, `thumbnail_type`, `thumbnail_width`, `thumbnail_height`, `attachment`, `attachment_description`, `mode`, `forward_url`, `forward_target`) VALUES ('3', '1', '1', 'Itnews.ch', '&laquo;Ihr Recht auf Informations-Technologie&raquo; - Mit dieser Botschaft steigt ITNews.ch zur neuen Schweizer Multiplattform im IT-Bereich ein. ITNews.ch strebt mit Ihrem Portal der Gerechtigkeit entgegen, jederzeit auf die neusten und wichtigsten News und Ger&uuml;chte im Informationstechnologie-Bereich zugreifen zu k&ouml;nnen.<br />\r\n<br />\r\n<a href=\"http://www.itnews.ch\">www.itnews.ch</a>&nbsp;', '', '', '', 'original', '0', '0', '', '', 'normal', '', NULL);
INSERT INTO `contrexx_module_data_messages_lang` (`message_id`, `lang_id`, `is_active`, `subject`, `content`, `tags`, `image`, `thumbnail`, `thumbnail_type`, `thumbnail_width`, `thumbnail_height`, `attachment`, `attachment_description`, `mode`, `forward_url`, `forward_target`) VALUES ('4', '1', '1', 'cssmania.com', 'Contrexx Webseite auf cssmania.com', '', '', '', 'original', '80', '80', '', '', 'normal', 'http://cssmania.com/galleries/2008/03/16/contrexx.php', '_blank');
INSERT INTO `contrexx_module_data_messages_lang` (`message_id`, `lang_id`, `is_active`, `subject`, `content`, `tags`, `image`, `thumbnail`, `thumbnail_type`, `thumbnail_width`, `thumbnail_height`, `attachment`, `attachment_description`, `mode`, `forward_url`, `forward_target`) VALUES ('5', '1', '1', 'Contrexx Support', 'Wiki: <a href=\"http://contrexx.com/wiki/de/index.php?title=Hauptseite\">http://contrexx.com/wiki/de/index.php?title=Hauptseite</a><br />\r\nSupport-System: <a href=\"http://support.comvation.com\">http://support.comvation.com</a>', '', '', '', 'original', '80', '80', '', '', 'normal', '', NULL);

INSERT INTO `contrexx_module_data_message_to_category` (`message_id`, `category_id`, `lang_id`) VALUES ('3', '1', '1');
INSERT INTO `contrexx_module_data_message_to_category` (`message_id`, `category_id`, `lang_id`) VALUES ('4', '1', '1');
INSERT INTO `contrexx_module_data_message_to_category` (`message_id`, `category_id`, `lang_id`) VALUES ('5', '1', '1');

INSERT INTO `contrexx_module_data_placeholders` (`id`, `type`, `ref_id`, `placeholder`) VALUES ('19', 'entry', '3', 'DETAIL_3');
INSERT INTO `contrexx_module_data_placeholders` (`id`, `type`, `ref_id`, `placeholder`) VALUES ('27', 'cat', '1', 'LINKS');
INSERT INTO `contrexx_module_data_placeholders` (`id`, `type`, `ref_id`, `placeholder`) VALUES ('28', 'entry', '4', 'DETAIL_4');
INSERT INTO `contrexx_module_data_placeholders` (`id`, `type`, `ref_id`, `placeholder`) VALUES ('29', 'entry', '5', 'DETAIL_5');

INSERT INTO `contrexx_module_data_settings` (`name`, `value`) VALUES ('data_block_activated', '0');
INSERT INTO `contrexx_module_data_settings` (`name`, `value`) VALUES ('data_block_messages', '3');
INSERT INTO `contrexx_module_data_settings` (`name`, `value`) VALUES ('data_comments_activated', '1');
INSERT INTO `contrexx_module_data_settings` (`name`, `value`) VALUES ('data_comments_anonymous', '1');
INSERT INTO `contrexx_module_data_settings` (`name`, `value`) VALUES ('data_comments_autoactivate', '1');
INSERT INTO `contrexx_module_data_settings` (`name`, `value`) VALUES ('data_comments_editor', 'wysiwyg');
INSERT INTO `contrexx_module_data_settings` (`name`, `value`) VALUES ('data_comments_notification', '1');
INSERT INTO `contrexx_module_data_settings` (`name`, `value`) VALUES ('data_comments_timeout', '30');
INSERT INTO `contrexx_module_data_settings` (`name`, `value`) VALUES ('data_entry_action', 'overlaybox');
INSERT INTO `contrexx_module_data_settings` (`name`, `value`) VALUES ('data_general_introduction', '150');
INSERT INTO `contrexx_module_data_settings` (`name`, `value`) VALUES ('data_rss_activated', '0');
INSERT INTO `contrexx_module_data_settings` (`name`, `value`) VALUES ('data_rss_comments', '10');
INSERT INTO `contrexx_module_data_settings` (`name`, `value`) VALUES ('data_rss_messages', '5');
INSERT INTO `contrexx_module_data_settings` (`name`, `value`) VALUES ('data_shadowbox_height', '300');
INSERT INTO `contrexx_module_data_settings` (`name`, `value`) VALUES ('data_shadowbox_width', '500');
INSERT INTO `contrexx_module_data_settings` (`name`, `value`) VALUES ('data_tags_hitlist', '5');
INSERT INTO `contrexx_module_data_settings` (`name`, `value`) VALUES ('data_target_cmd', '0');
INSERT INTO `contrexx_module_data_settings` (`name`, `value`) VALUES ('data_template_category', '<!-- BEGIN datalist_category -->\r\n<!-- this displays the category and the subcategories -->\r\n<div class=\"datalist_block\">\r\n<dl>\r\n	<!-- BEGIN category -->\r\n	<dt class=\"cattitle\">[[CATTITLE]]</dt>\r\n	<dd class=\"catcontent\">\r\n		<dl>\r\n		<!-- BEGIN entry -->\r\n		<dt>[[TITLE]]</dt>\r\n		<dd>\r\n			[[IMAGE]] [[CONTENT]] <a href=\"[[HREF]]\" [[CLASS]] [[TARGET]]>[[TXT_MORE]]</a>\r\n			<br style=\"clear: both;\" />\r\n		</dd>\r\n		<!-- END entry -->\r\n		</dl>\r\n	</dd>\r\n	<!-- END category -->\r\n</dl>\r\n</div>\r\n<!-- END datalist_category -->\r\n\r\n<!-- BEGIN datalist_single_category-->\r\n<!-- this displays just the entries of the category -->\r\n<div class=\"datalist_block\">\r\n<dl>\r\n    <!-- BEGIN single_entry -->\r\n    <dt class=\"cattitle\">[[TITLE]]</dt>\r\n    <dd class=\"catcontent2\">\r\n        [[IMAGE]] <p>[[CONTENT]] <a href=\"[[HREF]]\" [[CLASS]] [[TARGET]]>[[TXT_MORE]]</a></p>\r\n        <div style=\"clear: both;\"></div>\r\n    </dd>\r\n    <!-- END single_entry -->\r\n</dl>\r\n</div>\r\n<!-- END datalist_single_category -->');
INSERT INTO `contrexx_module_data_settings` (`name`, `value`) VALUES ('data_template_entry', '<!-- BEGIN datalist_entry-->\r\n<div class=\"datalist_block\">\r\n<dl>\r\n    <dt>[[TITLE]]</dt>\r\n    <dd>\r\n        [[IMAGE]] [[CONTENT]] <a href=\"[[HREF]]\" [[CLASS]]>[[TXT_MORE]]</a>\r\n        <div style=\"clear: both;\"></div>\r\n    </dd>\r\n</dl>\r\n</div>\r\n<!-- END datalist_entry -->');
INSERT INTO `contrexx_module_data_settings` (`name`, `value`) VALUES ('data_template_shadowbox', '<!-- BEGIN shadowbox -->\r\n<html>\r\n<head>\r\n<link rel=\"stylesheet\" type=\"text/css\" href=\"themes/[[THEMES_PATH]]/modules.css\" />\r\n</head>\r\n<body style=\"background-color:#060606;\">\r\n<dl class=\"data_module\">\r\n    <dt>[[TITLE]]</dt>\r\n    <dd style=\"clear:left;\">\r\n	<!-- BEGIN image -->\r\n	<img src=\"[[PICTURE]]\" style=\"float: left; margin-right: 5px;\" />\r\n	<!-- END image -->\r\n        [[CONTENT]]\r\n        \r\n        <!-- BEGIN attachment -->\r\n    </dd>\r\n    <br />\r\n    <dt><img src=\"themes/default/images/arrow.gif\" width=\"16\" height=\"8\" /><a href=\"javascript:void(0);\" onclick=\"window.open(\'[[HREF]]\', \'attachment\');\">[[TXT_DOWNLOAD]]</a>\r\n        <!-- END attachment -->\r\n    </dt>\r\n</dl>\r\n<!--<br />\r\n<img src=\"themes/default/images/arrow.gif\" width=\"16\" height=\"8\" /><a onclick=\"Javascript:window.print();\" style=\"cursor:pointer;\">Drucken</a>-->\r\n</body>\r\n</html>\r\n<!-- END shadowbox -->');
INSERT INTO `contrexx_module_data_settings` (`name`, `value`) VALUES ('data_voting_activated', '0');

INSERT INTO `contrexx_module_directory_categories` (`id`, `parentid`, `name`, `description`, `displayorder`, `metadesc`, `metakeys`, `showentries`, `status`) VALUES ('4', '0', 'Contrexx specific Links  ', 'A selection of links that are all related to the Contrexx Open Source WCMS', '0', '', '', '1', '1');
INSERT INTO `contrexx_module_directory_categories` (`id`, `parentid`, `name`, `description`, `displayorder`, `metadesc`, `metakeys`, `showentries`, `status`) VALUES ('5', '0', 'Website Tools', 'Useful Tools', '0', '', '', '1', '1');
INSERT INTO `contrexx_module_directory_categories` (`id`, `parentid`, `name`, `description`, `displayorder`, `metadesc`, `metakeys`, `showentries`, `status`) VALUES ('9', '0', 'News', 'News about IT', '0', '', '', '1', '1');

INSERT INTO `contrexx_module_directory_dir` (`id`, `title`, `attachment`, `rss_file`, `rss_link`, `link`, `date`, `description`, `platform`, `language`, `relatedlinks`, `hits`, `status`, `addedby`, `provider`, `ip`, `validatedate`, `lastip`, `popular_date`, `popular_hits`, `xml_refresh`, `canton`, `searchkeys`, `company_name`, `street`, `zip`, `city`, `country`, `phone`, `contact`, `information`, `fax`, `mobile`, `mail`, `homepage`, `industry`, `legalform`, `conversion`, `employee`, `foundation`, `mwst`, `opening`, `holidays`, `places`, `logo`, `team`, `portfolio`, `offers`, `concept`, `map`, `lokal`, `spezial`, `premium`, `longitude`, `latitude`, `zoom`, `spez_field_1`, `spez_field_2`, `spez_field_3`, `spez_field_4`, `spez_field_5`, `spez_field_6`, `spez_field_7`, `spez_field_8`, `spez_field_9`, `spez_field_10`, `spez_field_11`, `spez_field_12`, `spez_field_13`, `spez_field_14`, `spez_field_15`, `spez_field_21`, `spez_field_22`, `spez_field_16`, `spez_field_17`, `spez_field_18`, `spez_field_19`, `spez_field_20`, `spez_field_23`, `spez_field_24`, `spez_field_25`, `spez_field_26`, `spez_field_27`, `spez_field_28`, `spez_field_29`, `youtube`) VALUES ('26', 'Smashingmagazine', '', '', '', 'http://www.smashingmagazine.com', '1292236792', 'Smashing Magazine delivers useful and innovative information for designers and Web developers. Our aim is to inform our readers about the latest trends and techniques in Web development: clearly, precisely and regularly. We try to convince you not with the quantity but with the quality of the information we present. That’s what makes us different. We smash you with the information that makes your life easier.', '', '', '', '3', '1', '1', '84-72-46-66.dclient.hispeed.ch', '84.72.46.66', '', '122.165.78.217', '1344549600', '0', '', '', '', '', '', '', '', '', '', '', '', '', '', '', '', '', '', '', '', '', '', '', '', '', NULL, '', '', '', '', NULL, NULL, '0', '0', '0.000000000000000', '0.000000000000000', '0.000000000000000', '', '', '', '', '', '', '', '', '', '', NULL, NULL, NULL, NULL, NULL, '', '', NULL, NULL, NULL, NULL, NULL, '', '', '', '', '', '', '', '');
INSERT INTO `contrexx_module_directory_dir` (`id`, `title`, `attachment`, `rss_file`, `rss_link`, `link`, `date`, `description`, `platform`, `language`, `relatedlinks`, `hits`, `status`, `addedby`, `provider`, `ip`, `validatedate`, `lastip`, `popular_date`, `popular_hits`, `xml_refresh`, `canton`, `searchkeys`, `company_name`, `street`, `zip`, `city`, `country`, `phone`, `contact`, `information`, `fax`, `mobile`, `mail`, `homepage`, `industry`, `legalform`, `conversion`, `employee`, `foundation`, `mwst`, `opening`, `holidays`, `places`, `logo`, `team`, `portfolio`, `offers`, `concept`, `map`, `lokal`, `spezial`, `premium`, `longitude`, `latitude`, `zoom`, `spez_field_1`, `spez_field_2`, `spez_field_3`, `spez_field_4`, `spez_field_5`, `spez_field_6`, `spez_field_7`, `spez_field_8`, `spez_field_9`, `spez_field_10`, `spez_field_11`, `spez_field_12`, `spez_field_13`, `spez_field_14`, `spez_field_15`, `spez_field_21`, `spez_field_22`, `spez_field_16`, `spez_field_17`, `spez_field_18`, `spez_field_19`, `spez_field_20`, `spez_field_23`, `spez_field_24`, `spez_field_25`, `spez_field_26`, `spez_field_27`, `spez_field_28`, `spez_field_29`, `youtube`) VALUES ('27', 'Comvation AG, Thun', '', '', '', 'http://www.comvation.com', '1292236792', 'Die COMVATION AG ist ein international tätiger Softwareentwickler und Lösungsintegrator, spezialisiert auf massgeschneiderte Internet-Auftritte und webbasierte Software-Lösungen. Zentrales Software-Produkt von Comvation ist das Web Content Management System Contrexx®.', '', '', '', '3', '1', 'System', '84-72-46-66.dclient.hispeed.ch', '84.72.46.66', '', '122.165.78.217', '1344549600', '0', '', '', '', '', 'Militärstrasse 6', '3600', 'Thun', '', '', '', '', '', '', '', '', '', '', '', '', '', '', '', '', '', NULL, '', '', '', '', NULL, NULL, '1', '0', '0.000000000000000', '0.000000000000000', '0.000000000000000', '', '', '', '', '', '', '', '', '', '', '8f68d8feb2bcac90b7d3d8c24b2a0ddc.jpg', NULL, NULL, NULL, NULL, '', '', NULL, NULL, NULL, NULL, NULL, '', '', '', '', '', '', '', '');
INSERT INTO `contrexx_module_directory_dir` (`id`, `title`, `attachment`, `rss_file`, `rss_link`, `link`, `date`, `description`, `platform`, `language`, `relatedlinks`, `hits`, `status`, `addedby`, `provider`, `ip`, `validatedate`, `lastip`, `popular_date`, `popular_hits`, `xml_refresh`, `canton`, `searchkeys`, `company_name`, `street`, `zip`, `city`, `country`, `phone`, `contact`, `information`, `fax`, `mobile`, `mail`, `homepage`, `industry`, `legalform`, `conversion`, `employee`, `foundation`, `mwst`, `opening`, `holidays`, `places`, `logo`, `team`, `portfolio`, `offers`, `concept`, `map`, `lokal`, `spezial`, `premium`, `longitude`, `latitude`, `zoom`, `spez_field_1`, `spez_field_2`, `spez_field_3`, `spez_field_4`, `spez_field_5`, `spez_field_6`, `spez_field_7`, `spez_field_8`, `spez_field_9`, `spez_field_10`, `spez_field_11`, `spez_field_12`, `spez_field_13`, `spez_field_14`, `spez_field_15`, `spez_field_21`, `spez_field_22`, `spez_field_16`, `spez_field_17`, `spez_field_18`, `spez_field_19`, `spez_field_20`, `spez_field_23`, `spez_field_24`, `spez_field_25`, `spez_field_26`, `spez_field_27`, `spez_field_28`, `spez_field_29`, `youtube`) VALUES ('28', 'KMU Markt Schweiz', '', '', '', 'http://www.kmumarkt.ch', '1292236792', 'Onlineverzeichnis und Suchmaschine für Schweizer KMU, Firmenverzeichnis.', '', '', '', '2', '1', 'System', '84-72-46-66.dclient.hispeed.ch', '84.72.46.66', '', '80.219.232.8', '1344549600', '0', '', '', '', '', '', '', '', '', '', '', '', '', '', '', '', '', '', '', '', '', '', '', '', '', NULL, '', '', '', '', NULL, NULL, '0', '0', '0.000000000000000', '0.000000000000000', '0.000000000000000', '', '', '', '', '', '', '', '', '', '', '3fb7dd287b4fb4cca701162d8ba63983.jpg', NULL, NULL, NULL, NULL, '', '', NULL, NULL, NULL, NULL, NULL, '', '', '', '', '', '', '', '');
INSERT INTO `contrexx_module_directory_dir` (`id`, `title`, `attachment`, `rss_file`, `rss_link`, `link`, `date`, `description`, `platform`, `language`, `relatedlinks`, `hits`, `status`, `addedby`, `provider`, `ip`, `validatedate`, `lastip`, `popular_date`, `popular_hits`, `xml_refresh`, `canton`, `searchkeys`, `company_name`, `street`, `zip`, `city`, `country`, `phone`, `contact`, `information`, `fax`, `mobile`, `mail`, `homepage`, `industry`, `legalform`, `conversion`, `employee`, `foundation`, `mwst`, `opening`, `holidays`, `places`, `logo`, `team`, `portfolio`, `offers`, `concept`, `map`, `lokal`, `spezial`, `premium`, `longitude`, `latitude`, `zoom`, `spez_field_1`, `spez_field_2`, `spez_field_3`, `spez_field_4`, `spez_field_5`, `spez_field_6`, `spez_field_7`, `spez_field_8`, `spez_field_9`, `spez_field_10`, `spez_field_11`, `spez_field_12`, `spez_field_13`, `spez_field_14`, `spez_field_15`, `spez_field_21`, `spez_field_22`, `spez_field_16`, `spez_field_17`, `spez_field_18`, `spez_field_19`, `spez_field_20`, `spez_field_23`, `spez_field_24`, `spez_field_25`, `spez_field_26`, `spez_field_27`, `spez_field_28`, `spez_field_29`, `youtube`) VALUES ('29', 'IT News Schweiz', '', '', '', 'http://www.itnews.ch', '1292236792', 'ITNews.ch, Ihre Schweizer Multiplattform im IT-Bereich.', '', '', '', '2', '1', 'System', '84-72-46-66.dclient.hispeed.ch', '84.72.46.66', '', '80.219.232.8', '1344549600', '0', '', '', '', '', '', '', '', '', '', '', '', '', '', '', '', '', '', '', '', '', '', '', '', '', NULL, '', '', '', '', NULL, NULL, '0', '0', '0.000000000000000', '0.000000000000000', '0.000000000000000', '', '', '', '', '', '', '', '', '', '', '378fb0b5766870ea81345481f9c0f57c.jpg', NULL, NULL, NULL, NULL, '', '', NULL, NULL, NULL, NULL, NULL, '', '', '', '', '', '', '', '');
INSERT INTO `contrexx_module_directory_dir` (`id`, `title`, `attachment`, `rss_file`, `rss_link`, `link`, `date`, `description`, `platform`, `language`, `relatedlinks`, `hits`, `status`, `addedby`, `provider`, `ip`, `validatedate`, `lastip`, `popular_date`, `popular_hits`, `xml_refresh`, `canton`, `searchkeys`, `company_name`, `street`, `zip`, `city`, `country`, `phone`, `contact`, `information`, `fax`, `mobile`, `mail`, `homepage`, `industry`, `legalform`, `conversion`, `employee`, `foundation`, `mwst`, `opening`, `holidays`, `places`, `logo`, `team`, `portfolio`, `offers`, `concept`, `map`, `lokal`, `spezial`, `premium`, `longitude`, `latitude`, `zoom`, `spez_field_1`, `spez_field_2`, `spez_field_3`, `spez_field_4`, `spez_field_5`, `spez_field_6`, `spez_field_7`, `spez_field_8`, `spez_field_9`, `spez_field_10`, `spez_field_11`, `spez_field_12`, `spez_field_13`, `spez_field_14`, `spez_field_15`, `spez_field_21`, `spez_field_22`, `spez_field_16`, `spez_field_17`, `spez_field_18`, `spez_field_19`, `spez_field_20`, `spez_field_23`, `spez_field_24`, `spez_field_25`, `spez_field_26`, `spez_field_27`, `spez_field_28`, `spez_field_29`, `youtube`) VALUES ('30', 'Contrexx Themes', '', '', '', 'http://www.contrexx.com/de/index.php?section=downloads&cmd=community&category=6', '1292236792', 'At CONTREXX THEMES, users can provide their templates for others and download other designs. The design templates are categorized by topic, architecture, and colours, and a simple search functionality is provided.', '', '', '', '2', '1', 'System', '84-72-46-66.dclient.hispeed.ch', '84.72.46.66', '', '80.219.232.8', '1344549600', '0', '', '', '', '', '', '', '', '', '', '', '', '', '', '', '', '', '', '', '', '', '', '', '', '', NULL, '', '', '', '', NULL, NULL, '0', '0', '0.000000000000000', '0.000000000000000', '0.000000000000000', '', '', '', '', '', '', '', '', '', '', 'b98c71500fc2ee21557c7775d83ec54f.jpg', NULL, NULL, NULL, NULL, '', '', NULL, NULL, NULL, NULL, NULL, '', '', '', '', '', '', '', '');
INSERT INTO `contrexx_module_directory_dir` (`id`, `title`, `attachment`, `rss_file`, `rss_link`, `link`, `date`, `description`, `platform`, `language`, `relatedlinks`, `hits`, `status`, `addedby`, `provider`, `ip`, `validatedate`, `lastip`, `popular_date`, `popular_hits`, `xml_refresh`, `canton`, `searchkeys`, `company_name`, `street`, `zip`, `city`, `country`, `phone`, `contact`, `information`, `fax`, `mobile`, `mail`, `homepage`, `industry`, `legalform`, `conversion`, `employee`, `foundation`, `mwst`, `opening`, `holidays`, `places`, `logo`, `team`, `portfolio`, `offers`, `concept`, `map`, `lokal`, `spezial`, `premium`, `longitude`, `latitude`, `zoom`, `spez_field_1`, `spez_field_2`, `spez_field_3`, `spez_field_4`, `spez_field_5`, `spez_field_6`, `spez_field_7`, `spez_field_8`, `spez_field_9`, `spez_field_10`, `spez_field_11`, `spez_field_12`, `spez_field_13`, `spez_field_14`, `spez_field_15`, `spez_field_21`, `spez_field_22`, `spez_field_16`, `spez_field_17`, `spez_field_18`, `spez_field_19`, `spez_field_20`, `spez_field_23`, `spez_field_24`, `spez_field_25`, `spez_field_26`, `spez_field_27`, `spez_field_28`, `spez_field_29`, `youtube`) VALUES ('32', 'Hotelcard.com', '', '', '', 'http://www.hotelcard.com', '1292236792', 'Mit der HOTELCARD übernachten Sie ein Jahr lang zum halben Preis!', '', '', '', '1', '1', 'System', '80-219-232-8.dclient.hispeed.ch', '80.219.232.8', '', '80.219.232.8', '1344549600', '0', '1291977961', '', '', '', '', '', '', '', '', '', '', '', '', '', '', '', '', '', '', '', '', '', '', '', NULL, '', '', '', '', NULL, NULL, '0', '0', '0.000000000000000', '0.000000000000000', '0.000000000000000', '', '', '', '', '', '', '', '', '', '', '199cd49415c8e843473fcf05d519ec89.jpg', NULL, NULL, NULL, NULL, '', '', NULL, NULL, NULL, NULL, NULL, '', '', '', '', '', '', '', '');

INSERT INTO `contrexx_module_directory_inputfields` (`id`, `typ`, `name`, `title`, `active`, `active_backend`, `is_required`, `read_only`, `sort`, `exp_search`, `is_search`) VALUES ('1', '1', 'title', 'TXT_DIR_F_TITLE', '1', '1', '1', '0', '1', '0', '0');
INSERT INTO `contrexx_module_directory_inputfields` (`id`, `typ`, `name`, `title`, `active`, `active_backend`, `is_required`, `read_only`, `sort`, `exp_search`, `is_search`) VALUES ('2', '2', 'description', 'TXT_DIR_F_DESCRIPTION', '1', '1', '1', '0', '2', '0', '0');
INSERT INTO `contrexx_module_directory_inputfields` (`id`, `typ`, `name`, `title`, `active`, `active_backend`, `is_required`, `read_only`, `sort`, `exp_search`, `is_search`) VALUES ('3', '3', 'platform', 'TXT_DIR_F_PLATFORM', '0', '0', '0', '0', '0', '1', '0');
INSERT INTO `contrexx_module_directory_inputfields` (`id`, `typ`, `name`, `title`, `active`, `active_backend`, `is_required`, `read_only`, `sort`, `exp_search`, `is_search`) VALUES ('4', '3', 'language', 'TXT_DIR_F_LANG', '0', '0', '0', '0', '0', '1', '0');
INSERT INTO `contrexx_module_directory_inputfields` (`id`, `typ`, `name`, `title`, `active`, `active_backend`, `is_required`, `read_only`, `sort`, `exp_search`, `is_search`) VALUES ('5', '1', 'addedby', 'TXT_DIR_F_ADDED_BY', '1', '1', '1', '0', '6', '0', '0');
INSERT INTO `contrexx_module_directory_inputfields` (`id`, `typ`, `name`, `title`, `active`, `active_backend`, `is_required`, `read_only`, `sort`, `exp_search`, `is_search`) VALUES ('6', '1', 'relatedlinks', 'TXT_DIR_F_RELATED_LINKS', '0', '0', '0', '0', '0', '1', '0');
INSERT INTO `contrexx_module_directory_inputfields` (`id`, `typ`, `name`, `title`, `active`, `active_backend`, `is_required`, `read_only`, `sort`, `exp_search`, `is_search`) VALUES ('7', '3', 'canton', 'TXT_DIR_F_CANTON', '0', '0', '0', '0', '0', '1', '0');
INSERT INTO `contrexx_module_directory_inputfields` (`id`, `typ`, `name`, `title`, `active`, `active_backend`, `is_required`, `read_only`, `sort`, `exp_search`, `is_search`) VALUES ('8', '2', 'searchkeys', 'TXT_DIR_F_SEARCH_KEYS', '0', '0', '0', '0', '0', '0', '0');
INSERT INTO `contrexx_module_directory_inputfields` (`id`, `typ`, `name`, `title`, `active`, `active_backend`, `is_required`, `read_only`, `sort`, `exp_search`, `is_search`) VALUES ('9', '1', 'company_name', 'TXT_DIR_F_CO_NAME', '0', '0', '0', '0', '0', '1', '0');
INSERT INTO `contrexx_module_directory_inputfields` (`id`, `typ`, `name`, `title`, `active`, `active_backend`, `is_required`, `read_only`, `sort`, `exp_search`, `is_search`) VALUES ('10', '1', 'street', 'TXT_DIR_F_STREET', '1', '1', '0', '0', '2', '1', '0');
INSERT INTO `contrexx_module_directory_inputfields` (`id`, `typ`, `name`, `title`, `active`, `active_backend`, `is_required`, `read_only`, `sort`, `exp_search`, `is_search`) VALUES ('11', '1', 'zip', 'TXT_DIR_F_PLZ', '1', '1', '0', '0', '3', '1', '0');
INSERT INTO `contrexx_module_directory_inputfields` (`id`, `typ`, `name`, `title`, `active`, `active_backend`, `is_required`, `read_only`, `sort`, `exp_search`, `is_search`) VALUES ('12', '1', 'phone', 'TXT_DIR_F_PHONE', '0', '0', '0', '0', '0', '1', '0');
INSERT INTO `contrexx_module_directory_inputfields` (`id`, `typ`, `name`, `title`, `active`, `active_backend`, `is_required`, `read_only`, `sort`, `exp_search`, `is_search`) VALUES ('13', '1', 'contact', 'TXT_DIR_F_PERSON', '0', '0', '0', '0', '0', '1', '0');
INSERT INTO `contrexx_module_directory_inputfields` (`id`, `typ`, `name`, `title`, `active`, `active_backend`, `is_required`, `read_only`, `sort`, `exp_search`, `is_search`) VALUES ('14', '1', 'city', 'TXT_DIR_CITY', '1', '1', '0', '0', '4', '1', '0');
INSERT INTO `contrexx_module_directory_inputfields` (`id`, `typ`, `name`, `title`, `active`, `active_backend`, `is_required`, `read_only`, `sort`, `exp_search`, `is_search`) VALUES ('15', '1', 'information', 'TXT_INFOZEILE', '0', '0', '0', '0', '0', '1', '0');
INSERT INTO `contrexx_module_directory_inputfields` (`id`, `typ`, `name`, `title`, `active`, `active_backend`, `is_required`, `read_only`, `sort`, `exp_search`, `is_search`) VALUES ('16', '1', 'fax', 'TXT_TELEFAX', '0', '0', '0', '0', '0', '1', '0');
INSERT INTO `contrexx_module_directory_inputfields` (`id`, `typ`, `name`, `title`, `active`, `active_backend`, `is_required`, `read_only`, `sort`, `exp_search`, `is_search`) VALUES ('17', '1', 'mobile', 'TXT_MOBILE', '0', '0', '0', '0', '0', '1', '0');
INSERT INTO `contrexx_module_directory_inputfields` (`id`, `typ`, `name`, `title`, `active`, `active_backend`, `is_required`, `read_only`, `sort`, `exp_search`, `is_search`) VALUES ('18', '1', 'mail', 'TXT_DIR_F_EMAIL', '0', '0', '0', '0', '0', '1', '0');
INSERT INTO `contrexx_module_directory_inputfields` (`id`, `typ`, `name`, `title`, `active`, `active_backend`, `is_required`, `read_only`, `sort`, `exp_search`, `is_search`) VALUES ('19', '1', 'homepage', 'TXT_HOMEPAGE', '0', '0', '0', '0', '0', '1', '0');
INSERT INTO `contrexx_module_directory_inputfields` (`id`, `typ`, `name`, `title`, `active`, `active_backend`, `is_required`, `read_only`, `sort`, `exp_search`, `is_search`) VALUES ('20', '1', 'industry', 'TXT_BRANCHE', '0', '0', '0', '0', '0', '1', '0');
INSERT INTO `contrexx_module_directory_inputfields` (`id`, `typ`, `name`, `title`, `active`, `active_backend`, `is_required`, `read_only`, `sort`, `exp_search`, `is_search`) VALUES ('21', '1', 'legalform', 'TXT_RECHTSFORM', '0', '0', '0', '0', '0', '1', '0');
INSERT INTO `contrexx_module_directory_inputfields` (`id`, `typ`, `name`, `title`, `active`, `active_backend`, `is_required`, `read_only`, `sort`, `exp_search`, `is_search`) VALUES ('22', '2', 'conversion', 'TXT_UMSATZ', '0', '0', '0', '0', '0', '0', '0');
INSERT INTO `contrexx_module_directory_inputfields` (`id`, `typ`, `name`, `title`, `active`, `active_backend`, `is_required`, `read_only`, `sort`, `exp_search`, `is_search`) VALUES ('23', '2', 'employee', 'TXT_MITARBEITER', '0', '0', '0', '0', '0', '1', '0');
INSERT INTO `contrexx_module_directory_inputfields` (`id`, `typ`, `name`, `title`, `active`, `active_backend`, `is_required`, `read_only`, `sort`, `exp_search`, `is_search`) VALUES ('24', '1', 'foundation', 'TXT_GRUENDUNGSJAHR', '0', '0', '0', '0', '0', '1', '0');
INSERT INTO `contrexx_module_directory_inputfields` (`id`, `typ`, `name`, `title`, `active`, `active_backend`, `is_required`, `read_only`, `sort`, `exp_search`, `is_search`) VALUES ('25', '1', 'mwst', 'TXT_MWST_NR', '0', '0', '0', '0', '0', '1', '0');
INSERT INTO `contrexx_module_directory_inputfields` (`id`, `typ`, `name`, `title`, `active`, `active_backend`, `is_required`, `read_only`, `sort`, `exp_search`, `is_search`) VALUES ('26', '2', 'opening', 'TXT_OEFFNUNGSZEITEN', '0', '0', '0', '0', '0', '0', '0');
INSERT INTO `contrexx_module_directory_inputfields` (`id`, `typ`, `name`, `title`, `active`, `active_backend`, `is_required`, `read_only`, `sort`, `exp_search`, `is_search`) VALUES ('27', '2', 'holidays', 'TXT_BETRIEBSFERIEN', '0', '0', '0', '0', '0', '0', '0');
INSERT INTO `contrexx_module_directory_inputfields` (`id`, `typ`, `name`, `title`, `active`, `active_backend`, `is_required`, `read_only`, `sort`, `exp_search`, `is_search`) VALUES ('28', '2', 'places', 'TXT_SUCHORTE', '0', '0', '0', '0', '0', '0', '0');
INSERT INTO `contrexx_module_directory_inputfields` (`id`, `typ`, `name`, `title`, `active`, `active_backend`, `is_required`, `read_only`, `sort`, `exp_search`, `is_search`) VALUES ('29', '4', 'logo', 'TXT_LOGO', '0', '0', '0', '0', '0', '0', '0');
INSERT INTO `contrexx_module_directory_inputfields` (`id`, `typ`, `name`, `title`, `active`, `active_backend`, `is_required`, `read_only`, `sort`, `exp_search`, `is_search`) VALUES ('30', '2', 'team', 'TXT_TEAM', '0', '0', '0', '0', '0', '0', '0');
INSERT INTO `contrexx_module_directory_inputfields` (`id`, `typ`, `name`, `title`, `active`, `active_backend`, `is_required`, `read_only`, `sort`, `exp_search`, `is_search`) VALUES ('32', '2', 'portfolio', 'TXT_REFERENZEN', '0', '0', '0', '0', '0', '0', '0');
INSERT INTO `contrexx_module_directory_inputfields` (`id`, `typ`, `name`, `title`, `active`, `active_backend`, `is_required`, `read_only`, `sort`, `exp_search`, `is_search`) VALUES ('33', '2', 'offers', 'TXT_ANGEBOTE', '0', '0', '0', '0', '0', '0', '0');
INSERT INTO `contrexx_module_directory_inputfields` (`id`, `typ`, `name`, `title`, `active`, `active_backend`, `is_required`, `read_only`, `sort`, `exp_search`, `is_search`) VALUES ('34', '2', 'concept', 'TXT_KONZEPT', '0', '0', '0', '0', '0', '0', '0');
INSERT INTO `contrexx_module_directory_inputfields` (`id`, `typ`, `name`, `title`, `active`, `active_backend`, `is_required`, `read_only`, `sort`, `exp_search`, `is_search`) VALUES ('35', '4', 'map', 'TXT_MAP', '0', '0', '0', '0', '0', '0', '0');
INSERT INTO `contrexx_module_directory_inputfields` (`id`, `typ`, `name`, `title`, `active`, `active_backend`, `is_required`, `read_only`, `sort`, `exp_search`, `is_search`) VALUES ('36', '4', 'lokal', 'TXT_LOKAL', '0', '0', '0', '0', '0', '0', '0');
INSERT INTO `contrexx_module_directory_inputfields` (`id`, `typ`, `name`, `title`, `active`, `active_backend`, `is_required`, `read_only`, `sort`, `exp_search`, `is_search`) VALUES ('37', '5', 'spez_field_1', '', '0', '0', '0', '0', '0', '1', '0');
INSERT INTO `contrexx_module_directory_inputfields` (`id`, `typ`, `name`, `title`, `active`, `active_backend`, `is_required`, `read_only`, `sort`, `exp_search`, `is_search`) VALUES ('38', '5', 'spez_field_2', '', '0', '0', '0', '0', '0', '1', '0');
INSERT INTO `contrexx_module_directory_inputfields` (`id`, `typ`, `name`, `title`, `active`, `active_backend`, `is_required`, `read_only`, `sort`, `exp_search`, `is_search`) VALUES ('39', '5', 'spez_field_3', '', '0', '0', '0', '0', '0', '1', '0');
INSERT INTO `contrexx_module_directory_inputfields` (`id`, `typ`, `name`, `title`, `active`, `active_backend`, `is_required`, `read_only`, `sort`, `exp_search`, `is_search`) VALUES ('40', '5', 'spez_field_4', '', '0', '0', '0', '0', '0', '1', '0');
INSERT INTO `contrexx_module_directory_inputfields` (`id`, `typ`, `name`, `title`, `active`, `active_backend`, `is_required`, `read_only`, `sort`, `exp_search`, `is_search`) VALUES ('41', '5', 'spez_field_5', '', '0', '0', '0', '0', '0', '1', '0');
INSERT INTO `contrexx_module_directory_inputfields` (`id`, `typ`, `name`, `title`, `active`, `active_backend`, `is_required`, `read_only`, `sort`, `exp_search`, `is_search`) VALUES ('42', '6', 'spez_field_6', '', '0', '0', '0', '0', '0', '1', '0');
INSERT INTO `contrexx_module_directory_inputfields` (`id`, `typ`, `name`, `title`, `active`, `active_backend`, `is_required`, `read_only`, `sort`, `exp_search`, `is_search`) VALUES ('43', '6', 'spez_field_7', '', '0', '0', '0', '0', '0', '1', '0');
INSERT INTO `contrexx_module_directory_inputfields` (`id`, `typ`, `name`, `title`, `active`, `active_backend`, `is_required`, `read_only`, `sort`, `exp_search`, `is_search`) VALUES ('44', '6', 'spez_field_8', '', '0', '0', '0', '0', '0', '1', '0');
INSERT INTO `contrexx_module_directory_inputfields` (`id`, `typ`, `name`, `title`, `active`, `active_backend`, `is_required`, `read_only`, `sort`, `exp_search`, `is_search`) VALUES ('45', '6', 'spez_field_9', '', '0', '0', '0', '0', '0', '1', '0');
INSERT INTO `contrexx_module_directory_inputfields` (`id`, `typ`, `name`, `title`, `active`, `active_backend`, `is_required`, `read_only`, `sort`, `exp_search`, `is_search`) VALUES ('46', '6', 'spez_field_10', '', '0', '0', '0', '0', '0', '1', '0');
INSERT INTO `contrexx_module_directory_inputfields` (`id`, `typ`, `name`, `title`, `active`, `active_backend`, `is_required`, `read_only`, `sort`, `exp_search`, `is_search`) VALUES ('47', '7', 'spez_field_11', 'Screenshot', '1', '1', '1', '0', '5', '0', '0');
INSERT INTO `contrexx_module_directory_inputfields` (`id`, `typ`, `name`, `title`, `active`, `active_backend`, `is_required`, `read_only`, `sort`, `exp_search`, `is_search`) VALUES ('48', '7', 'spez_field_12', 'Grafik', '0', '0', '0', '0', '0', '0', '0');
INSERT INTO `contrexx_module_directory_inputfields` (`id`, `typ`, `name`, `title`, `active`, `active_backend`, `is_required`, `read_only`, `sort`, `exp_search`, `is_search`) VALUES ('49', '7', 'spez_field_13', '', '0', '0', '0', '0', '0', '0', '0');
INSERT INTO `contrexx_module_directory_inputfields` (`id`, `typ`, `name`, `title`, `active`, `active_backend`, `is_required`, `read_only`, `sort`, `exp_search`, `is_search`) VALUES ('50', '7', 'spez_field_14', '', '0', '0', '0', '0', '0', '0', '0');
INSERT INTO `contrexx_module_directory_inputfields` (`id`, `typ`, `name`, `title`, `active`, `active_backend`, `is_required`, `read_only`, `sort`, `exp_search`, `is_search`) VALUES ('51', '7', 'spez_field_15', '', '0', '0', '0', '0', '0', '0', '0');
INSERT INTO `contrexx_module_directory_inputfields` (`id`, `typ`, `name`, `title`, `active`, `active_backend`, `is_required`, `read_only`, `sort`, `exp_search`, `is_search`) VALUES ('52', '8', 'spez_field_21', 'Land', '0', '0', '0', '0', '0', '1', '0');
INSERT INTO `contrexx_module_directory_inputfields` (`id`, `typ`, `name`, `title`, `active`, `active_backend`, `is_required`, `read_only`, `sort`, `exp_search`, `is_search`) VALUES ('53', '8', 'spez_field_22', '', '0', '0', '0', '0', '0', '1', '0');
INSERT INTO `contrexx_module_directory_inputfields` (`id`, `typ`, `name`, `title`, `active`, `active_backend`, `is_required`, `read_only`, `sort`, `exp_search`, `is_search`) VALUES ('54', '7', 'spez_field_18', '', '0', '0', '0', '0', '0', '0', '0');
INSERT INTO `contrexx_module_directory_inputfields` (`id`, `typ`, `name`, `title`, `active`, `active_backend`, `is_required`, `read_only`, `sort`, `exp_search`, `is_search`) VALUES ('55', '7', 'spez_field_19', '', '0', '0', '0', '0', '0', '0', '0');
INSERT INTO `contrexx_module_directory_inputfields` (`id`, `typ`, `name`, `title`, `active`, `active_backend`, `is_required`, `read_only`, `sort`, `exp_search`, `is_search`) VALUES ('56', '7', 'spez_field_20', '', '0', '0', '0', '0', '0', '0', '0');
INSERT INTO `contrexx_module_directory_inputfields` (`id`, `typ`, `name`, `title`, `active`, `active_backend`, `is_required`, `read_only`, `sort`, `exp_search`, `is_search`) VALUES ('57', '9', 'spez_field_23', '', '0', '0', '0', '0', '0', '1', '0');
INSERT INTO `contrexx_module_directory_inputfields` (`id`, `typ`, `name`, `title`, `active`, `active_backend`, `is_required`, `read_only`, `sort`, `exp_search`, `is_search`) VALUES ('58', '9', 'spez_field_24', '', '0', '0', '0', '0', '0', '1', '0');
INSERT INTO `contrexx_module_directory_inputfields` (`id`, `typ`, `name`, `title`, `active`, `active_backend`, `is_required`, `read_only`, `sort`, `exp_search`, `is_search`) VALUES ('59', '10', 'spez_field_25', '', '0', '0', '0', '0', '0', '0', '0');
INSERT INTO `contrexx_module_directory_inputfields` (`id`, `typ`, `name`, `title`, `active`, `active_backend`, `is_required`, `read_only`, `sort`, `exp_search`, `is_search`) VALUES ('60', '10', 'spez_field_26', '', '0', '0', '0', '0', '0', '0', '0');
INSERT INTO `contrexx_module_directory_inputfields` (`id`, `typ`, `name`, `title`, `active`, `active_backend`, `is_required`, `read_only`, `sort`, `exp_search`, `is_search`) VALUES ('61', '10', 'spez_field_27', '', '0', '0', '0', '0', '0', '0', '0');
INSERT INTO `contrexx_module_directory_inputfields` (`id`, `typ`, `name`, `title`, `active`, `active_backend`, `is_required`, `read_only`, `sort`, `exp_search`, `is_search`) VALUES ('62', '10', 'spez_field_28', '', '0', '0', '0', '0', '0', '0', '0');
INSERT INTO `contrexx_module_directory_inputfields` (`id`, `typ`, `name`, `title`, `active`, `active_backend`, `is_required`, `read_only`, `sort`, `exp_search`, `is_search`) VALUES ('63', '10', 'spez_field_29', '', '0', '0', '0', '0', '0', '0', '0');
INSERT INTO `contrexx_module_directory_inputfields` (`id`, `typ`, `name`, `title`, `active`, `active_backend`, `is_required`, `read_only`, `sort`, `exp_search`, `is_search`) VALUES ('64', '7', 'spez_field_16', '', '0', '0', '0', '0', '0', '0', '0');
INSERT INTO `contrexx_module_directory_inputfields` (`id`, `typ`, `name`, `title`, `active`, `active_backend`, `is_required`, `read_only`, `sort`, `exp_search`, `is_search`) VALUES ('65', '7', 'spez_field_17', '', '0', '0', '0', '0', '0', '0', '0');
INSERT INTO `contrexx_module_directory_inputfields` (`id`, `typ`, `name`, `title`, `active`, `active_backend`, `is_required`, `read_only`, `sort`, `exp_search`, `is_search`) VALUES ('66', '1', 'link', 'TXT_DIRECTORY_LINK', '1', '1', '1', '0', '3', '0', '0');
INSERT INTO `contrexx_module_directory_inputfields` (`id`, `typ`, `name`, `title`, `active`, `active_backend`, `is_required`, `read_only`, `sort`, `exp_search`, `is_search`) VALUES ('67', '11', 'attachment', 'TXT_DIRECTORY_ATTACHMENT', '0', '0', '0', '0', '0', '0', '0');
INSERT INTO `contrexx_module_directory_inputfields` (`id`, `typ`, `name`, `title`, `active`, `active_backend`, `is_required`, `read_only`, `sort`, `exp_search`, `is_search`) VALUES ('68', '12', 'rss_link', 'TXT_DIRECTORY_RSS_FEED', '0', '0', '0', '0', '0', '0', '0');
INSERT INTO `contrexx_module_directory_inputfields` (`id`, `typ`, `name`, `title`, `active`, `active_backend`, `is_required`, `read_only`, `sort`, `exp_search`, `is_search`) VALUES ('69', '13', 'googlemap', 'TXT_DIR_F_GOOGLEMAP', '0', '0', '0', '0', '0', '0', '0');
INSERT INTO `contrexx_module_directory_inputfields` (`id`, `typ`, `name`, `title`, `active`, `active_backend`, `is_required`, `read_only`, `sort`, `exp_search`, `is_search`) VALUES ('70', '3', 'country', 'TXT_DIR_F_COUNTRY', '0', '0', '0', '0', '0', '0', '0');
INSERT INTO `contrexx_module_directory_inputfields` (`id`, `typ`, `name`, `title`, `active`, `active_backend`, `is_required`, `read_only`, `sort`, `exp_search`, `is_search`) VALUES ('71', '1', 'youtube', 'TXT_DIRECTORY_YOUTUBE', '0', '0', '0', '0', '0', '0', '0');

INSERT INTO `contrexx_module_directory_levels` (`id`, `parentid`, `name`, `description`, `metadesc`, `metakeys`, `displayorder`, `showlevels`, `showcategories`, `onlyentries`, `status`) VALUES ('1', '0', 'Demo Ebene', 'Demo Ebene', '', '', '0', '1', '1', '0', '1');

INSERT INTO `contrexx_module_directory_mail` (`id`, `title`, `content`) VALUES ('1', '[[URL]] - Eintrag aufgeschaltet', 'Hallo [[FIRSTNAME]] [[LASTNAME]] ([[USERNAME]])\r\n\r\nDein Eintrag mit dem Titel \"[[TITLE]]\" wurde auf [[URL]] erfolgreich aufgeschaltet. \r\n\r\nBenutze folgenden Link um direkt zu Deinem Eintrag zu gelangen:\r\n[[LINK]]\r\n\r\nMit freundlichen Grüssen\r\n[[URL]] - Team\r\n\r\n[[DATE]]');
INSERT INTO `contrexx_module_directory_mail` (`id`, `title`, `content`) VALUES ('2', '[[URL]] - Neuer Eintrag', 'Hallo Admin\r\n\r\nAuf [[URL]] wurde ein Eintrag aufgeschaltet oder editiert. Bitte überprüfen Sie diesen und Bestätigen Sie ihn falls nötig.\r\n\r\nEintrag Details:\r\n\r\nTitel: [[TITLE]]\r\nBenutzername: [[USERNAME]]\r\nVorname: [[FIRSTNAME]]\r\nNachname:[[LASTNAME]]\r\nLink: [[LINK]]\r\n\r\nAutomatisch generierte Nachricht\r\n[[DATE]]');

INSERT INTO `contrexx_module_directory_rel_dir_cat` (`dir_id`, `cat_id`) VALUES ('26', '5');
INSERT INTO `contrexx_module_directory_rel_dir_cat` (`dir_id`, `cat_id`) VALUES ('27', '4');
INSERT INTO `contrexx_module_directory_rel_dir_cat` (`dir_id`, `cat_id`) VALUES ('28', '4');
INSERT INTO `contrexx_module_directory_rel_dir_cat` (`dir_id`, `cat_id`) VALUES ('29', '9');
INSERT INTO `contrexx_module_directory_rel_dir_cat` (`dir_id`, `cat_id`) VALUES ('30', '4');
INSERT INTO `contrexx_module_directory_rel_dir_cat` (`dir_id`, `cat_id`) VALUES ('32', '9');

INSERT INTO `contrexx_module_directory_settings` (`setid`, `setname`, `setvalue`, `settyp`) VALUES ('1', 'levels', '0', '2');
INSERT INTO `contrexx_module_directory_settings` (`setid`, `setname`, `setvalue`, `settyp`) VALUES ('5', 'xmlLimit', '10', '1');
INSERT INTO `contrexx_module_directory_settings` (`setid`, `setname`, `setvalue`, `settyp`) VALUES ('6', 'platform', '', '0');
INSERT INTO `contrexx_module_directory_settings` (`setid`, `setname`, `setvalue`, `settyp`) VALUES ('7', 'language', ',Deutsch,English,Italian,French', '0');
INSERT INTO `contrexx_module_directory_settings` (`setid`, `setname`, `setvalue`, `settyp`) VALUES ('10', 'latest_content', '3', '1');
INSERT INTO `contrexx_module_directory_settings` (`setid`, `setname`, `setvalue`, `settyp`) VALUES ('11', 'latest_xml', '10', '1');
INSERT INTO `contrexx_module_directory_settings` (`setid`, `setname`, `setvalue`, `settyp`) VALUES ('12', 'entryStatus', '1', '2');
INSERT INTO `contrexx_module_directory_settings` (`setid`, `setname`, `setvalue`, `settyp`) VALUES ('13', 'description', '1', '2');
INSERT INTO `contrexx_module_directory_settings` (`setid`, `setname`, `setvalue`, `settyp`) VALUES ('14', 'populardays', '7', '1');
INSERT INTO `contrexx_module_directory_settings` (`setid`, `setname`, `setvalue`, `settyp`) VALUES ('16', 'canton', ',Aargau,Appenzell-Ausserrhoden,Appenzell-Innerrhoden,Basel-Land,\r\nBasel-Stadt,Bern,Freiburg,Genf,Glarus,Graubünden,Jura,Luzern,\r\nNeuenburg,Nidwalden,Obwalden,St. Gallen,Schaffhausen,Schwyz,\r\nSolothurn,Thurgau,Tessin,Uri,Waadt,Wallis,Zug,Zürich', '0');
INSERT INTO `contrexx_module_directory_settings` (`setid`, `setname`, `setvalue`, `settyp`) VALUES ('17', 'refreshfeeds', '1', '1');
INSERT INTO `contrexx_module_directory_settings` (`setid`, `setname`, `setvalue`, `settyp`) VALUES ('22', 'mark_new_entrees', '7', '1');
INSERT INTO `contrexx_module_directory_settings` (`setid`, `setname`, `setvalue`, `settyp`) VALUES ('23', 'showConfirm', '1', '2');
INSERT INTO `contrexx_module_directory_settings` (`setid`, `setname`, `setvalue`, `settyp`) VALUES ('26', 'addFeed', '1', '2');
INSERT INTO `contrexx_module_directory_settings` (`setid`, `setname`, `setvalue`, `settyp`) VALUES ('27', 'addFeed_only_community', '1', '2');
INSERT INTO `contrexx_module_directory_settings` (`setid`, `setname`, `setvalue`, `settyp`) VALUES ('28', 'editFeed', '1', '2');
INSERT INTO `contrexx_module_directory_settings` (`setid`, `setname`, `setvalue`, `settyp`) VALUES ('29', 'editFeed_status', '1', '2');
INSERT INTO `contrexx_module_directory_settings` (`setid`, `setname`, `setvalue`, `settyp`) VALUES ('30', 'adminMail', '', '1');
INSERT INTO `contrexx_module_directory_settings` (`setid`, `setname`, `setvalue`, `settyp`) VALUES ('31', 'indexview', '0', '2');
INSERT INTO `contrexx_module_directory_settings` (`setid`, `setname`, `setvalue`, `settyp`) VALUES ('32', 'spez_field_21', ',Germany,\r\nSwitzerland,\r\nAustria,\r\nLiechtenstein,\r\nUnited States,\r\nAlbania,\r\nAlgeria,\r\nAndorra,\r\nAngola,\r\nAnguilla,\r\nAntigua and Barbuda,\r\nArgentina,\r\nArmenia,\r\nAruba,\r\nAustralia,\r\nAzerbaijan Republic,\r\nBahamas,\r\nBahrain,\r\nBarbados,\r\nBelgium,\r\nBelize,\r\nBenin,\r\nBermuda,\r\nBhutan,\r\nBolivia,\r\nBosnia and Herzegovina,\r\nBotswana,\r\nBrazil,\r\nBritish Virgin Islands,\r\nBrunei,\r\nBulgaria,\r\nBurkina Faso,\r\nBurundi,\r\nCambodia,\r\nCanada,\r\nCape Verde,\r\nCayman Islands,\r\nChad,\r\nChile,\r\nChina Worldwide,\r\nColombia,\r\nComoros,\r\nCook Islands,\r\nCosta Rica,\r\nCroatia,\r\nCyprus,\r\nCzech Republic,\r\nDemocratic Republic of the Congo,\r\nDenmark,\r\nDjibouti,\r\nDominica,\r\nDominican Republic,\r\nEcuador,\r\nEl Salvador,\r\nEritrea,\r\nEstonia,\r\nEthiopia,\r\nFalkland Islands,\r\nFaroe Islands,\r\nFederated States of Micronesia,\r\nFiji,\r\nFinland,\r\nFrance,\r\nFrench Guiana,\r\nFrench Polynesia,\r\nGabon Republic,\r\nGambia,\r\nGibraltar,\r\nGreece,\r\nGreenland,\r\nGrenada,\r\nGuadeloupe,\r\nGuatemala,\r\nGuinea,\r\nGuinea Bissau,\r\nGuyana,\r\nHonduras,\r\nHong Kong,\r\nHungary,\r\nIceland,\r\nIndia,\r\nIndonesia,\r\nIreland,\r\nIsrael,\r\nItaly,\r\nJamaica,\r\nJapan,\r\nJordan,\r\nKazakhstan,\r\nKenya,\r\nKiribati,\r\nKuwait,\r\nKyrgyzstan,\r\nLaos,\r\nLatvia,\r\nLesotho,\r\nLithuania,\r\nLuxembourg,\r\nMadagascar,\r\nMalawi,\r\nMalaysia,\r\nMaldives,\r\nMali,\r\nMalta,\r\nMarshall Islands,\r\nMartinique,\r\nMauritania,\r\nMauritius,\r\nMayotte,\r\nMexico,\r\nMongolia,\r\nMontserrat,\r\nMorocco,\r\nMozambique,\r\nNamibia,\r\nNauru,\r\nNepal,\r\nNetherlands,\r\nNetherlands Antilles,\r\nNew Caledonia,\r\nNew Zealand,\r\nNicaragua,\r\nNiger,\r\nNiue,\r\nNorfolk Island,\r\nNorway,\r\nOman,\r\nPalau,\r\nPanama,\r\nPapua New Guinea,\r\nPeru,\r\nPhilippines,\r\nPitcairn Islands,\r\nPoland,\r\nPortugal,\r\nQatar,\r\nRepublic of the Congo,\r\nReunion,\r\nRomania,\r\nRussia,\r\nRwanda,\r\nSaint Vincent and the Grenadines,\r\nSamoa,\r\nSan Marino,\r\nSão Tomé and Príncipe,\r\nSaudi Arabia,\r\nSenegal,\r\nSeychelles,\r\nSierra Leone,\r\nSingapore,\r\nSlovakia,\r\nSlovenia,\r\nSolomon Islands,\r\nSomalia,\r\nSouth Africa,\r\nSouth Korea,\r\nSpain,\r\nSri Lanka,\r\nSt. Helena,\r\nSt. Kitts and Nevis,\r\nSt. Lucia,\r\nSt. Pierre and Miquelon,\r\nSuriname,\r\nSvalbard and Jan Mayen Islands,\r\nSwaziland,\r\nSweden,\r\nTaiwan,\r\nTajikistan,\r\nTanzania,\r\nThailand,\r\nTogo,\r\nTonga,\r\nTrinidad and Tobago,\r\nTunisia,\r\nTurkey,\r\nTurkmenistan,\r\nTurks and Caicos Islands,\r\nTuvalu,\r\nUganda,\r\nUkraine,\r\nUnited Arab Emirates,\r\nUnited Kingdom,\r\nUruguay,\r\nVanuatu,\r\nVatican City State,\r\nVenezuela,\r\nVietnam,\r\nWallis and Futuna Islands,\r\nYemen,\r\nZambia', '0');
INSERT INTO `contrexx_module_directory_settings` (`setid`, `setname`, `setvalue`, `settyp`) VALUES ('33', 'spez_field_22', '', '0');
INSERT INTO `contrexx_module_directory_settings` (`setid`, `setname`, `setvalue`, `settyp`) VALUES ('34', 'thumbSize', '120', '1');
INSERT INTO `contrexx_module_directory_settings` (`setid`, `setname`, `setvalue`, `settyp`) VALUES ('35', 'sortOrder', '0', '2');
INSERT INTO `contrexx_module_directory_settings` (`setid`, `setname`, `setvalue`, `settyp`) VALUES ('36', 'spez_field_23', '', '0');
INSERT INTO `contrexx_module_directory_settings` (`setid`, `setname`, `setvalue`, `settyp`) VALUES ('37', 'spez_field_24', '', '0');
INSERT INTO `contrexx_module_directory_settings` (`setid`, `setname`, `setvalue`, `settyp`) VALUES ('38', 'encodeFilename', '1', '2');
INSERT INTO `contrexx_module_directory_settings` (`setid`, `setname`, `setvalue`, `settyp`) VALUES ('39', 'country', ',Schweiz,Deutschland,Österreich,Weltweit', '0');
INSERT INTO `contrexx_module_directory_settings` (`setid`, `setname`, `setvalue`, `settyp`) VALUES ('40', 'pagingLimit', '4', '1');
INSERT INTO `contrexx_module_directory_settings` (`setid`, `setname`, `setvalue`, `settyp`) VALUES ('41', 'youtubeWidth', '20', '1');
INSERT INTO `contrexx_module_directory_settings` (`setid`, `setname`, `setvalue`, `settyp`) VALUES ('42', 'youtubeHeight', '300', '1');
INSERT INTO `contrexx_module_directory_settings` (`setid`, `setname`, `setvalue`, `settyp`) VALUES ('43', 'youtubeWidth', '400', '1');
INSERT INTO `contrexx_module_directory_settings` (`setid`, `setname`, `setvalue`, `settyp`) VALUES ('44', 'youtubeHeight', '300', '1');

INSERT INTO `contrexx_module_directory_settings_google` (`setid`, `setname`, `setvalue`, `settyp`) VALUES ('1', 'googleSeach', '0', '2');
INSERT INTO `contrexx_module_directory_settings_google` (`setid`, `setname`, `setvalue`, `settyp`) VALUES ('2', 'googleResults', '', '1');
INSERT INTO `contrexx_module_directory_settings_google` (`setid`, `setname`, `setvalue`, `settyp`) VALUES ('26', 'googleId', '', '1');
INSERT INTO `contrexx_module_directory_settings_google` (`setid`, `setname`, `setvalue`, `settyp`) VALUES ('27', 'googleLang', '', '1');

INSERT INTO `contrexx_module_docsys` (`id`, `date`, `title`, `author`, `text`, `source`, `url1`, `url2`, `lang`, `userid`, `startdate`, `enddate`, `status`, `changelog`) VALUES ('1', '1292236792', 'Google Sitemaps', 'system', '<div><strong><font size=\"2\">Nutzen und Funktion der Google Sitemaps</font></strong></div>\r\n<div>&nbsp;</div>\r\n<div><font size=\"2\">Google Sitemaps sind ein neuer Dienst, welcher von der Suchmaschine Google angeboten. Der Service ist momentan noch in der BETA-Phase, hat sich im Bereich der Suchmaschinen Optimierung bereits etabliert.</font></div>\r\n<div>&nbsp;</div>\r\n<div><font size=\"2\">Das Sitemapprotokoll dient dazu, Suchmaschinen die URLs auf Ihren Websites zu melden, die zum Durchsuchen verf&uuml;gbar sind. In ihrer einfachsten Form ist eine Sitemap, die das Sitemapprotokoll verwendet, eine XML-Datei, in der URLs f&uuml;r eine Website aufgelistet werden. Beachten Sie jedoch, dass das Sitemapprotokoll nur eine Erg&auml;nzung, keinen Ersatz f&uuml;r die crawlerbasierten Verfahren darstellt, die von Suchmaschinen bereits zur Erkundung von URLs genutzt werden. Indem Sie eine Sitemap (oder mehrere) bei einer Suchmaschine einreichen, tragen Sie dazu bei, dass die Crawler der Suchmaschine bessere Ergebnisse beim Durchsuchen Ihrer Website erzielen.</font></div>\r\n<div>&nbsp;</div>\r\n<div><font size=\"2\">Contrexx erstellt beim &Auml;ndern und Erstellen Ihres Seiteninhaltes automatisch ein Sitemap-File f&uuml;r Sie. Damit dieses File von Google auch gefunden wird, m&uuml;ssen Sie sich jedoch manuell auf der Google-Seite f&uuml;r den Dienst registrieren. Dies k&ouml;nnen Sie auf folgender Seite machen: </font><a href=\"https://www.google.com/webmasters/sitemaps/login?hl=de\"><font size=\"2\">https://www.google.com/webmasters/sitemaps/login?hl=de</font></a></div>\r\n<div>&nbsp;</div>\r\n<div>&nbsp;</div>\r\n<div><font size=\"2\">Sie k&ouml;nnen die automatische Erstellung der Google-Sitemap in folgendem Menu aktivieren:</font></div>\r\n<ul>\r\n    <li>Administration &gt; Grundeinstellung &gt; System &gt; Subsysteme</li>\r\n</ul>\r\n<div><font size=\"2\">Sobald Sie den Menupunkt auf aktiviert gesetzt haben, wird bei jeder &Auml;nderung Ihres Seiteninhalts automatisch eine Sitemap generiert. Diese befindet sich im Hauptverzeichnis Ihres Webservers und tr&auml;gt den Namen <strong>sitemap.xml</strong>.</font></div>\r\n<div>&nbsp;</div>\r\n<div>&nbsp;</div>\r\n<div><font size=\"2\">Beispiel: </font><a href=\"http://www.beispiel.ch/\"><font size=\"2\">http://www.beispiel.ch</font></a></div>\r\n<div><font size=\"2\">Pfad zur Sitemap-Datei: </font><a href=\"http://www.beispiel.ch/sitemap.xml\"><font size=\"2\">http://www.beispiel.ch/sitemap.xml</font></a></div>\r\n<div>&nbsp;</div>\r\n<div><font size=\"2\">Beachten Sie bitte, dass zur fehlerfreien Erstellung mindestens die Berechtigungen 666 auf die Datei sitemap.xml gesetzt sein m&uuml;ssen. Ansonsten kann die Datei nicht geschrieben werden. Ausserdem muss unbedingt eine Datei mit dem Namen sitemap.xml vorhanden sein, da wir aus Sicherheitsgr&uuml;nden im Hauptverzeichnis keine neuen Dateien erzeugen k&ouml;nnen.</font></div>\r\n<div>&nbsp;</div>', '', '', '', '1', '1', '0', '0', '1', '1235730488');

INSERT INTO `contrexx_module_docsys_categories` (`catid`, `name`, `lang`, `sort_style`) VALUES ('1', 'Anleitungen', '1', 'alpha');
INSERT INTO `contrexx_module_docsys_categories` (`catid`, `name`, `lang`, `sort_style`) VALUES ('2', 'Produkt Infos', '1', 'alpha');
INSERT INTO `contrexx_module_docsys_categories` (`catid`, `name`, `lang`, `sort_style`) VALUES ('3', 'Beschreibungen', '1', 'alpha');

INSERT INTO `contrexx_module_downloads_category` (`id`, `parent_id`, `is_active`, `visibility`, `owner_id`, `order`, `deletable_by_owner`, `modify_access_by_owner`, `read_access_id`, `add_subcategories_access_id`, `manage_subcategories_access_id`, `add_files_access_id`, `manage_files_access_id`, `image`) VALUES ('10', '0', '1', '1', '1', '3', '1', '1', '61', '62', '63', '64', '65', '');
INSERT INTO `contrexx_module_downloads_category` (`id`, `parent_id`, `is_active`, `visibility`, `owner_id`, `order`, `deletable_by_owner`, `modify_access_by_owner`, `read_access_id`, `add_subcategories_access_id`, `manage_subcategories_access_id`, `add_files_access_id`, `manage_files_access_id`, `image`) VALUES ('12', '10', '1', '1', '1', '2', '1', '1', '53', '70', '71', '72', '73', '');
INSERT INTO `contrexx_module_downloads_category` (`id`, `parent_id`, `is_active`, `visibility`, `owner_id`, `order`, `deletable_by_owner`, `modify_access_by_owner`, `read_access_id`, `add_subcategories_access_id`, `manage_subcategories_access_id`, `add_files_access_id`, `manage_files_access_id`, `image`) VALUES ('13', '10', '1', '1', '1', '1', '1', '1', '54', '74', '75', '76', '77', '');
INSERT INTO `contrexx_module_downloads_category` (`id`, `parent_id`, `is_active`, `visibility`, `owner_id`, `order`, `deletable_by_owner`, `modify_access_by_owner`, `read_access_id`, `add_subcategories_access_id`, `manage_subcategories_access_id`, `add_files_access_id`, `manage_files_access_id`, `image`) VALUES ('14', '0', '1', '1', '1', '1', '1', '1', '0', '53', '54', '55', '56', '');

INSERT INTO `contrexx_module_downloads_category_locale` (`lang_id`, `category_id`, `name`, `description`) VALUES ('1', '10', 'Community', 'Dateiaustausch der Mitglieder');
INSERT INTO `contrexx_module_downloads_category_locale` (`lang_id`, `category_id`, `name`, `description`) VALUES ('1', '12', 'Tools', '');
INSERT INTO `contrexx_module_downloads_category_locale` (`lang_id`, `category_id`, `name`, `description`) VALUES ('1', '13', 'Bilder', '');
INSERT INTO `contrexx_module_downloads_category_locale` (`lang_id`, `category_id`, `name`, `description`) VALUES ('1', '14', 'Contrexx Produktbilder', 'Bilder zu den einzelnen Contrexx Editions');
INSERT INTO `contrexx_module_downloads_category_locale` (`lang_id`, `category_id`, `name`, `description`) VALUES ('2', '10', 'Community', 'Data Exchange for members');
INSERT INTO `contrexx_module_downloads_category_locale` (`lang_id`, `category_id`, `name`, `description`) VALUES ('2', '12', 'Tools', '');
INSERT INTO `contrexx_module_downloads_category_locale` (`lang_id`, `category_id`, `name`, `description`) VALUES ('2', '13', 'Bilder', '');
INSERT INTO `contrexx_module_downloads_category_locale` (`lang_id`, `category_id`, `name`, `description`) VALUES ('2', '14', 'Contrexx Product Pictures', 'Pictures of each Contrexx Edition');
INSERT INTO `contrexx_module_downloads_category_locale` (`lang_id`, `category_id`, `name`, `description`) VALUES ('3', '10', 'Community', 'Data Exchange for members');
INSERT INTO `contrexx_module_downloads_category_locale` (`lang_id`, `category_id`, `name`, `description`) VALUES ('3', '12', 'Tools', '');
INSERT INTO `contrexx_module_downloads_category_locale` (`lang_id`, `category_id`, `name`, `description`) VALUES ('3', '13', 'Bilder', '');
INSERT INTO `contrexx_module_downloads_category_locale` (`lang_id`, `category_id`, `name`, `description`) VALUES ('3', '14', 'Contrexx Product Pictures', 'Pictures of each Contrexx Edition');
INSERT INTO `contrexx_module_downloads_category_locale` (`lang_id`, `category_id`, `name`, `description`) VALUES ('4', '10', 'Community', 'Data Exchange for members');
INSERT INTO `contrexx_module_downloads_category_locale` (`lang_id`, `category_id`, `name`, `description`) VALUES ('4', '12', 'Tools', '');
INSERT INTO `contrexx_module_downloads_category_locale` (`lang_id`, `category_id`, `name`, `description`) VALUES ('4', '13', 'Bilder', '');
INSERT INTO `contrexx_module_downloads_category_locale` (`lang_id`, `category_id`, `name`, `description`) VALUES ('4', '14', 'Contrexx Product Pictures', 'Pictures of each Contrexx Edition');
INSERT INTO `contrexx_module_downloads_category_locale` (`lang_id`, `category_id`, `name`, `description`) VALUES ('5', '10', 'Community', 'Data Exchange for members');
INSERT INTO `contrexx_module_downloads_category_locale` (`lang_id`, `category_id`, `name`, `description`) VALUES ('5', '12', 'Tools', '');
INSERT INTO `contrexx_module_downloads_category_locale` (`lang_id`, `category_id`, `name`, `description`) VALUES ('5', '13', 'Bilder', '');
INSERT INTO `contrexx_module_downloads_category_locale` (`lang_id`, `category_id`, `name`, `description`) VALUES ('5', '14', 'Contrexx Product Pictures', 'Pictures of each Contrexx Edition');
INSERT INTO `contrexx_module_downloads_category_locale` (`lang_id`, `category_id`, `name`, `description`) VALUES ('6', '10', 'Community', 'Data Exchange for members');
INSERT INTO `contrexx_module_downloads_category_locale` (`lang_id`, `category_id`, `name`, `description`) VALUES ('6', '12', 'Tools', '');
INSERT INTO `contrexx_module_downloads_category_locale` (`lang_id`, `category_id`, `name`, `description`) VALUES ('6', '13', 'Bilder', '');
INSERT INTO `contrexx_module_downloads_category_locale` (`lang_id`, `category_id`, `name`, `description`) VALUES ('6', '14', 'Contrexx Product Pictures', 'Pictures of each Contrexx Edition');

INSERT INTO `contrexx_module_downloads_download` (`id`, `type`, `mime_type`, `icon`, `size`, `image`, `owner_id`, `access_id`, `license`, `version`, `author`, `website`, `ctime`, `mtime`, `is_active`, `visibility`, `order`, `views`, `download_count`, `expiration`, `validity`) VALUES ('4', 'file', 'image', 'png', '141592', 'images/Downloads/produktbild_contrexx_free.png', '1', '0', 'Contrexx® Free', '3.1', 'Comvation AG', 'http://www.contrexx.com', '1292505824', '1379409783', '1', '1', '0', '15', '29', '0', '0');
INSERT INTO `contrexx_module_downloads_download` (`id`, `type`, `mime_type`, `icon`, `size`, `image`, `owner_id`, `access_id`, `license`, `version`, `author`, `website`, `ctime`, `mtime`, `is_active`, `visibility`, `order`, `views`, `download_count`, `expiration`, `validity`) VALUES ('5', 'file', 'image', 'png', '172408', 'images/Downloads/produktbild_contrexx_nonprofit.png', '1', '0', 'Contrexx® Non-Profit', '3.1', 'Comvation AG', 'http://www.contrexx.com', '1292506378', '1378365920', '1', '1', '0', '11', '4', '0', '0');
INSERT INTO `contrexx_module_downloads_download` (`id`, `type`, `mime_type`, `icon`, `size`, `image`, `owner_id`, `access_id`, `license`, `version`, `author`, `website`, `ctime`, `mtime`, `is_active`, `visibility`, `order`, `views`, `download_count`, `expiration`, `validity`) VALUES ('6', 'file', 'image', 'png', '146125', 'images/Downloads/produktbild_contrexx_business.png', '1', '0', 'Contrexx® Business', '3.1', 'Comvation AG', 'http://www.contrexx.com', '1292506490', '1378365929', '1', '1', '0', '10', '5', '0', '0');

INSERT INTO `contrexx_module_downloads_download_locale` (`lang_id`, `download_id`, `name`, `source`, `source_name`, `description`, `metakeys`) VALUES ('1', '4', 'Contrexx® Free', 'images/Downloads/produktbild_contrexx_free.png', 'produktbild_contrexx_free.png', 'Produktbild von Contrexx® Free', '');
INSERT INTO `contrexx_module_downloads_download_locale` (`lang_id`, `download_id`, `name`, `source`, `source_name`, `description`, `metakeys`) VALUES ('2', '4', 'Contrexx® Free', 'images/Downloads/produktbild_contrexx_free.png', 'produktbild_contrexx_free.png', 'Produktbild von Contrexx® Free', '');
INSERT INTO `contrexx_module_downloads_download_locale` (`lang_id`, `download_id`, `name`, `source`, `source_name`, `description`, `metakeys`) VALUES ('1', '5', 'Contrexx® Non-Profit', 'images/Downloads/produktbild_contrexx_nonprofit.png', 'produktbild_contrexx_nonprofit.png', 'Produktbild von Contrexx® Non-Profit', '');
INSERT INTO `contrexx_module_downloads_download_locale` (`lang_id`, `download_id`, `name`, `source`, `source_name`, `description`, `metakeys`) VALUES ('2', '5', 'Contrexx® Non-Profit', 'images/Downloads/produktbild_contrexx_nonprofit.png', 'produktbild_contrexx_nonprofit.png', 'Produktbild von Contrexx® Non-Profit', '');
INSERT INTO `contrexx_module_downloads_download_locale` (`lang_id`, `download_id`, `name`, `source`, `source_name`, `description`, `metakeys`) VALUES ('1', '6', 'Contrexx® Business', 'images/Downloads/produktbild_contrexx_business.png', 'produktbild_contrexx_business.png', 'Produktbild von Contrexx® Business', '');
INSERT INTO `contrexx_module_downloads_download_locale` (`lang_id`, `download_id`, `name`, `source`, `source_name`, `description`, `metakeys`) VALUES ('2', '6', 'Contrexx® Business', 'images/Downloads/produktbild_contrexx_business.png', 'produktbild_contrexx_business.png', 'Produktbild von Contrexx® Business', '');

INSERT INTO `contrexx_module_downloads_rel_download_category` (`download_id`, `category_id`, `order`) VALUES ('4', '14', '1');
INSERT INTO `contrexx_module_downloads_rel_download_category` (`download_id`, `category_id`, `order`) VALUES ('5', '14', '2');
INSERT INTO `contrexx_module_downloads_rel_download_category` (`download_id`, `category_id`, `order`) VALUES ('6', '14', '3');

INSERT INTO `contrexx_module_downloads_settings` (`id`, `name`, `value`) VALUES ('1', 'overview_cols_count', '2');
INSERT INTO `contrexx_module_downloads_settings` (`id`, `name`, `value`) VALUES ('2', 'overview_max_subcats', '5');
INSERT INTO `contrexx_module_downloads_settings` (`id`, `name`, `value`) VALUES ('3', 'use_attr_size', '1');
INSERT INTO `contrexx_module_downloads_settings` (`id`, `name`, `value`) VALUES ('4', 'use_attr_license', '1');
INSERT INTO `contrexx_module_downloads_settings` (`id`, `name`, `value`) VALUES ('5', 'use_attr_version', '1');
INSERT INTO `contrexx_module_downloads_settings` (`id`, `name`, `value`) VALUES ('6', 'use_attr_author', '1');
INSERT INTO `contrexx_module_downloads_settings` (`id`, `name`, `value`) VALUES ('7', 'use_attr_website', '1');
INSERT INTO `contrexx_module_downloads_settings` (`id`, `name`, `value`) VALUES ('8', 'most_viewed_file_count', '5');
INSERT INTO `contrexx_module_downloads_settings` (`id`, `name`, `value`) VALUES ('9', 'most_downloaded_file_count', '5');
INSERT INTO `contrexx_module_downloads_settings` (`id`, `name`, `value`) VALUES ('10', 'most_popular_file_count', '5');
INSERT INTO `contrexx_module_downloads_settings` (`id`, `name`, `value`) VALUES ('11', 'newest_file_count', '5');
INSERT INTO `contrexx_module_downloads_settings` (`id`, `name`, `value`) VALUES ('12', 'updated_file_count', '5');
INSERT INTO `contrexx_module_downloads_settings` (`id`, `name`, `value`) VALUES ('13', 'new_file_time_limit', '604800');
INSERT INTO `contrexx_module_downloads_settings` (`id`, `name`, `value`) VALUES ('14', 'updated_file_time_limit', '604800');
INSERT INTO `contrexx_module_downloads_settings` (`id`, `name`, `value`) VALUES ('15', 'associate_user_to_groups', '');
INSERT INTO `contrexx_module_downloads_settings` (`id`, `name`, `value`) VALUES ('16', 'use_attr_metakeys', '1');

INSERT INTO `contrexx_module_ecard_settings` (`setting_name`, `setting_value`) VALUES ('emailText', '[[ECARD_SENDER_NAME]] hat Ihnen eine E-Card geschickt.<br />\r\nSie können diese während den nächsten [[ECARD_VALID_DAYS]] Tagen unter [[ECARD_URL]] abrufen.');
INSERT INTO `contrexx_module_ecard_settings` (`setting_name`, `setting_value`) VALUES ('maxCharacters', '100');
INSERT INTO `contrexx_module_ecard_settings` (`setting_name`, `setting_value`) VALUES ('maxHeight', '300');
INSERT INTO `contrexx_module_ecard_settings` (`setting_name`, `setting_value`) VALUES ('maxHeightThumb', '80');
INSERT INTO `contrexx_module_ecard_settings` (`setting_name`, `setting_value`) VALUES ('maxLines', '50');
INSERT INTO `contrexx_module_ecard_settings` (`setting_name`, `setting_value`) VALUES ('maxWidth', '300');
INSERT INTO `contrexx_module_ecard_settings` (`setting_name`, `setting_value`) VALUES ('maxWidthThumb', '80');
INSERT INTO `contrexx_module_ecard_settings` (`setting_name`, `setting_value`) VALUES ('motive_0', 'Bild_001.jpg');
INSERT INTO `contrexx_module_ecard_settings` (`setting_name`, `setting_value`) VALUES ('motive_1', 'Bild_002.jpg');
INSERT INTO `contrexx_module_ecard_settings` (`setting_name`, `setting_value`) VALUES ('motive_2', '');
INSERT INTO `contrexx_module_ecard_settings` (`setting_name`, `setting_value`) VALUES ('motive_3', '');
INSERT INTO `contrexx_module_ecard_settings` (`setting_name`, `setting_value`) VALUES ('motive_4', '');
INSERT INTO `contrexx_module_ecard_settings` (`setting_name`, `setting_value`) VALUES ('motive_5', '');
INSERT INTO `contrexx_module_ecard_settings` (`setting_name`, `setting_value`) VALUES ('motive_6', '');
INSERT INTO `contrexx_module_ecard_settings` (`setting_name`, `setting_value`) VALUES ('motive_7', '');
INSERT INTO `contrexx_module_ecard_settings` (`setting_name`, `setting_value`) VALUES ('motive_8', '');
INSERT INTO `contrexx_module_ecard_settings` (`setting_name`, `setting_value`) VALUES ('subject', 'Sie haben eine E-Card erhalten!');
INSERT INTO `contrexx_module_ecard_settings` (`setting_name`, `setting_value`) VALUES ('validdays', '30');

INSERT INTO `contrexx_module_egov_configuration` (`name`, `value`) VALUES ('set_calendar_background', '#FFFFFFF');
INSERT INTO `contrexx_module_egov_configuration` (`name`, `value`) VALUES ('set_calendar_border', '#C9C9C9');
INSERT INTO `contrexx_module_egov_configuration` (`name`, `value`) VALUES ('set_calendar_color_1', '#D5FFDA');
INSERT INTO `contrexx_module_egov_configuration` (`name`, `value`) VALUES ('set_calendar_color_2', '#F7FFB4');
INSERT INTO `contrexx_module_egov_configuration` (`name`, `value`) VALUES ('set_calendar_color_3', '#FFAEAE');
INSERT INTO `contrexx_module_egov_configuration` (`name`, `value`) VALUES ('set_calendar_date_desc', '(Das Datum wird durch das Anklicken im Kalender übernommen.)');
INSERT INTO `contrexx_module_egov_configuration` (`name`, `value`) VALUES ('set_calendar_date_label', 'Reservieren für das ausgewählte Datum');
INSERT INTO `contrexx_module_egov_configuration` (`name`, `value`) VALUES ('set_calendar_legende_1', 'Freie Tage');
INSERT INTO `contrexx_module_egov_configuration` (`name`, `value`) VALUES ('set_calendar_legende_2', 'Teilweise reserviert');
INSERT INTO `contrexx_module_egov_configuration` (`name`, `value`) VALUES ('set_calendar_legende_3', 'Reserviert');
INSERT INTO `contrexx_module_egov_configuration` (`name`, `value`) VALUES ('set_orderentry_email', 'Diese Daten wurden eingegeben:\r\n\r\n[[ORDER_VALUE]]\r\n');
INSERT INTO `contrexx_module_egov_configuration` (`name`, `value`) VALUES ('set_orderentry_name', 'Contrexx Demo Webseite');
INSERT INTO `contrexx_module_egov_configuration` (`name`, `value`) VALUES ('set_orderentry_recipient', 'info@example.com');
INSERT INTO `contrexx_module_egov_configuration` (`name`, `value`) VALUES ('set_orderentry_sender', 'info@example.com');
INSERT INTO `contrexx_module_egov_configuration` (`name`, `value`) VALUES ('set_orderentry_subject', 'Bestellung/Anfrage für [[PRODUCT_NAME]] eingegangen');
INSERT INTO `contrexx_module_egov_configuration` (`name`, `value`) VALUES ('set_paypal_currency', 'CHF');
INSERT INTO `contrexx_module_egov_configuration` (`name`, `value`) VALUES ('set_paypal_email', 'demo');
INSERT INTO `contrexx_module_egov_configuration` (`name`, `value`) VALUES ('set_paypal_ipn', '1');
INSERT INTO `contrexx_module_egov_configuration` (`name`, `value`) VALUES ('set_recipient_email', '');
INSERT INTO `contrexx_module_egov_configuration` (`name`, `value`) VALUES ('set_sender_email', 'info@example.com');
INSERT INTO `contrexx_module_egov_configuration` (`name`, `value`) VALUES ('set_sender_name', 'Contrexx Demo');
INSERT INTO `contrexx_module_egov_configuration` (`name`, `value`) VALUES ('set_state_email', 'Guten Tag\r\n\r\nHerzlichen Dank für Ihren Besuch bei der Contrexx Demo Webseite.\r\nIhre Bestellung/Anfrage wurde bearbeitet. Falls es sich um ein Download Produkt handelt, finden Sie ihre Bestellung im Anhang.\r\n\r\nIhre Angaben:\r\n[[ORDER_VALUE]]\r\n\r\nFreundliche Grüsse\r\nIhr Online-Team');
INSERT INTO `contrexx_module_egov_configuration` (`name`, `value`) VALUES ('set_state_subject', 'Bestellung/Anfrage: [[PRODUCT_NAME]]');

INSERT INTO `contrexx_module_egov_products` (`product_id`, `product_autostatus`, `product_name`, `product_desc`, `product_price`, `product_per_day`, `product_quantity`, `product_quantity_limit`, `product_target_email`, `product_target_url`, `product_message`, `product_status`, `product_electro`, `product_file`, `product_sender_name`, `product_sender_email`, `product_target_subject`, `product_target_body`, `product_paypal`, `product_paypal_sandbox`, `product_paypal_currency`, `product_orderby`, `yellowpay`, `alternative_names`) VALUES ('3', '1', 'Produkteschulung Contrexx WCMS Version 2.0 (limitierte Plätze)', 'Produkteschulung in Thun (Schweiz).<br />', '299.00', 'yes', '20', '1', 'info@example.com', '', '<p>Besten Dank f&uuml;r Ihre Anmeldung!<br />\r\nSie erhalten in K&uuml;rze eine E-Mail Nachricht mit den wichtigsten Informationen.</p>', '1', '0', '', 'Contrexx Demo', 'info@example.com', 'Bestellung/Anfrage: [[PRODUCT_NAME]]', 'Guten Tag\r\n\r\nHerzlichen Dank für Ihren Besuch bei der Contrexx Demo Webseite.\r\nIhre Bestellung/Anfrage wurde bearbeitet. Falls es sich um ein Download Produkt handelt, finden Sie ihre Bestellung im Anhang.\r\n\r\nIhre Angaben:\r\n[[ORDER_VALUE]]\r\n\r\nFreundliche Grüsse\r\nIhr Online-Team', '0', 'demo', 'CHF', '0', '0', '');

INSERT INTO `contrexx_module_egov_product_fields` (`id`, `product`, `name`, `type`, `attributes`, `is_required`, `check_type`, `order_id`) VALUES ('7', '3', 'Anrede', 'select', 'Bitte w&auml;hlen Sie,Frau,Herr,Herr und Frau', '0', '1', '0');
INSERT INTO `contrexx_module_egov_product_fields` (`id`, `product`, `name`, `type`, `attributes`, `is_required`, `check_type`, `order_id`) VALUES ('8', '3', 'Vorname', 'text', '', '1', '1', '1');
INSERT INTO `contrexx_module_egov_product_fields` (`id`, `product`, `name`, `type`, `attributes`, `is_required`, `check_type`, `order_id`) VALUES ('9', '3', 'Nachname', 'text', '', '1', '1', '2');
INSERT INTO `contrexx_module_egov_product_fields` (`id`, `product`, `name`, `type`, `attributes`, `is_required`, `check_type`, `order_id`) VALUES ('10', '3', 'Firma', 'text', '', '0', '1', '3');
INSERT INTO `contrexx_module_egov_product_fields` (`id`, `product`, `name`, `type`, `attributes`, `is_required`, `check_type`, `order_id`) VALUES ('11', '3', 'Zusatz', 'text', '', '0', '1', '4');
INSERT INTO `contrexx_module_egov_product_fields` (`id`, `product`, `name`, `type`, `attributes`, `is_required`, `check_type`, `order_id`) VALUES ('12', '3', 'Strasse', 'text', '', '0', '1', '5');
INSERT INTO `contrexx_module_egov_product_fields` (`id`, `product`, `name`, `type`, `attributes`, `is_required`, `check_type`, `order_id`) VALUES ('13', '3', 'Nummer', 'text', '', '0', '1', '6');
INSERT INTO `contrexx_module_egov_product_fields` (`id`, `product`, `name`, `type`, `attributes`, `is_required`, `check_type`, `order_id`) VALUES ('14', '3', 'Postleitzahl', 'text', '', '0', '1', '7');
INSERT INTO `contrexx_module_egov_product_fields` (`id`, `product`, `name`, `type`, `attributes`, `is_required`, `check_type`, `order_id`) VALUES ('15', '3', 'Ort', 'text', '', '0', '1', '8');
INSERT INTO `contrexx_module_egov_product_fields` (`id`, `product`, `name`, `type`, `attributes`, `is_required`, `check_type`, `order_id`) VALUES ('16', '3', 'Land', 'text', '', '0', '1', '9');
INSERT INTO `contrexx_module_egov_product_fields` (`id`, `product`, `name`, `type`, `attributes`, `is_required`, `check_type`, `order_id`) VALUES ('17', '3', 'E-Mail', 'text', '', '1', '1', '10');
INSERT INTO `contrexx_module_egov_product_fields` (`id`, `product`, `name`, `type`, `attributes`, `is_required`, `check_type`, `order_id`) VALUES ('18', '3', 'Bemerkungen', 'textarea', '', '0', '1', '11');

INSERT INTO `contrexx_module_feed_category` (`id`, `name`, `status`, `time`, `lang`, `pos`) VALUES ('1', 'Internet News', '1', '1134028532', '1', '0');

INSERT INTO `contrexx_module_feed_news` (`id`, `subid`, `name`, `link`, `filename`, `articles`, `cache`, `time`, `image`, `status`, `pos`) VALUES ('3', '1', 'pressetext.schweiz News', 'http://www.pressetext.ch/produkte/rss/schlagzeilen.mc?land=ch&channel=ht&show=rss_2', '', '10', '3600', '1292836792', '1', '1', '3');
INSERT INTO `contrexx_module_feed_news` (`id`, `subid`, `name`, `link`, `filename`, `articles`, `cache`, `time`, `image`, `status`, `pos`) VALUES ('4', '1', 'pressetext.deutschland News', 'http://pressetext.com/produkte/rss/schlagzeilen.mc?land=de&channel=ht&show=rss_2', '', '10', '3600', '1236268968', '1', '1', '4');
INSERT INTO `contrexx_module_feed_news` (`id`, `subid`, `name`, `link`, `filename`, `articles`, `cache`, `time`, `image`, `status`, `pos`) VALUES ('5', '1', 'pressetext.österreich News', 'http://pressetext.com/produkte/rss/schlagzeilen.mc?land=at&channel=ht&show=rss_2', '', '50', '3600', '1235730600', '1', '1', '5');

INSERT INTO `contrexx_module_filesharing_mail_template` (`id`, `lang_id`, `subject`, `content`) VALUES ('1', '1', 'Jemand teilt eine Datei mit Ihnen', 'Guten Tag,\r\n\r\nJemand hat auf [[DOMAIN]] eine Datei mit Ihnen geteilt.\r\n\r\n<!-- BEGIN filesharing_file -->\r\nDownload-Link: [[FILE_DOWNLOAD]]\r\n<!-- END filesharing_file -->\r\n\r\nDie Person hat eine Nachricht hinterlassen:\r\n[[MESSAGE]]\r\n\r\nFreundliche Grüsse');
INSERT INTO `contrexx_module_filesharing_mail_template` (`id`, `lang_id`, `subject`, `content`) VALUES ('2', '2', 'Somebody is sharing a file with you', 'Hi,\r\n\r\nSomebody shared a file with you on [[DOMAIN]].\r\n\r\n<!-- BEGIN filesharing_file -->\r\nDownload link: [[FILE_DOWNLOAD]]\r\n<!-- END filesharing_file -->\r\n\r\nThe person has left a message for you:\r\n[[MESSAGE]]\r\n\r\nBest regards');

INSERT INTO `contrexx_module_forum_access` (`category_id`, `group_id`, `read`, `write`, `edit`, `delete`, `move`, `close`, `sticky`) VALUES ('1', '0', '1', '0', '0', '0', '0', '0', '0');
INSERT INTO `contrexx_module_forum_access` (`category_id`, `group_id`, `read`, `write`, `edit`, `delete`, `move`, `close`, `sticky`) VALUES ('1', '3', '1', '0', '0', '0', '0', '0', '0');
INSERT INTO `contrexx_module_forum_access` (`category_id`, `group_id`, `read`, `write`, `edit`, `delete`, `move`, `close`, `sticky`) VALUES ('1', '4', '1', '1', '1', '1', '0', '0', '0');
INSERT INTO `contrexx_module_forum_access` (`category_id`, `group_id`, `read`, `write`, `edit`, `delete`, `move`, `close`, `sticky`) VALUES ('1', '5', '1', '1', '0', '0', '0', '0', '0');
INSERT INTO `contrexx_module_forum_access` (`category_id`, `group_id`, `read`, `write`, `edit`, `delete`, `move`, `close`, `sticky`) VALUES ('6', '0', '1', '0', '0', '0', '0', '0', '0');
INSERT INTO `contrexx_module_forum_access` (`category_id`, `group_id`, `read`, `write`, `edit`, `delete`, `move`, `close`, `sticky`) VALUES ('6', '3', '1', '0', '0', '0', '0', '0', '0');
INSERT INTO `contrexx_module_forum_access` (`category_id`, `group_id`, `read`, `write`, `edit`, `delete`, `move`, `close`, `sticky`) VALUES ('6', '4', '1', '1', '1', '1', '0', '0', '0');
INSERT INTO `contrexx_module_forum_access` (`category_id`, `group_id`, `read`, `write`, `edit`, `delete`, `move`, `close`, `sticky`) VALUES ('6', '5', '1', '1', '0', '0', '0', '0', '0');
INSERT INTO `contrexx_module_forum_access` (`category_id`, `group_id`, `read`, `write`, `edit`, `delete`, `move`, `close`, `sticky`) VALUES ('9', '0', '0', '0', '0', '0', '0', '0', '0');
INSERT INTO `contrexx_module_forum_access` (`category_id`, `group_id`, `read`, `write`, `edit`, `delete`, `move`, `close`, `sticky`) VALUES ('9', '3', '0', '0', '0', '0', '0', '0', '0');
INSERT INTO `contrexx_module_forum_access` (`category_id`, `group_id`, `read`, `write`, `edit`, `delete`, `move`, `close`, `sticky`) VALUES ('9', '4', '0', '0', '0', '0', '0', '0', '0');
INSERT INTO `contrexx_module_forum_access` (`category_id`, `group_id`, `read`, `write`, `edit`, `delete`, `move`, `close`, `sticky`) VALUES ('9', '5', '0', '0', '0', '0', '0', '0', '0');

INSERT INTO `contrexx_module_forum_categories` (`id`, `parent_id`, `order_id`, `status`) VALUES ('1', '0', '2', '1');
INSERT INTO `contrexx_module_forum_categories` (`id`, `parent_id`, `order_id`, `status`) VALUES ('6', '1', '99', '1');
INSERT INTO `contrexx_module_forum_categories` (`id`, `parent_id`, `order_id`, `status`) VALUES ('8', '0', '99', '1');
INSERT INTO `contrexx_module_forum_categories` (`id`, `parent_id`, `order_id`, `status`) VALUES ('9', '8', '99', '1');

INSERT INTO `contrexx_module_forum_categories_lang` (`category_id`, `lang_id`, `name`, `description`) VALUES ('1', '1', 'Beispielskategorie', 'Diese Kategorie soll als Beispiel dienen.');
INSERT INTO `contrexx_module_forum_categories_lang` (`category_id`, `lang_id`, `name`, `description`) VALUES ('1', '2', 'Beispielskategorie', 'Sample Category');
INSERT INTO `contrexx_module_forum_categories_lang` (`category_id`, `lang_id`, `name`, `description`) VALUES ('1', '3', 'Beispielskategorie', 'Diese Kategorie soll als Beispiel dienen.');
INSERT INTO `contrexx_module_forum_categories_lang` (`category_id`, `lang_id`, `name`, `description`) VALUES ('6', '1', 'Forenregeln', 'Beispielforum');
INSERT INTO `contrexx_module_forum_categories_lang` (`category_id`, `lang_id`, `name`, `description`) VALUES ('8', '2', 'Rules', 'Rules');
INSERT INTO `contrexx_module_forum_categories_lang` (`category_id`, `lang_id`, `name`, `description`) VALUES ('8', '3', 'Rules', 'Rules');
INSERT INTO `contrexx_module_forum_categories_lang` (`category_id`, `lang_id`, `name`, `description`) VALUES ('9', '2', 'Readme - Sample Rules', 'here you should read the sample rules of this board before starting topics');
INSERT INTO `contrexx_module_forum_categories_lang` (`category_id`, `lang_id`, `name`, `description`) VALUES ('9', '3', 'Readme - Sample Rules', 'here you should read the sample rules of this board before starting topics');

INSERT INTO `contrexx_module_forum_postings` (`id`, `category_id`, `thread_id`, `prev_post_id`, `user_id`, `time_created`, `time_edited`, `is_locked`, `is_sticky`, `rating`, `views`, `icon`, `keywords`, `subject`, `content`, `attachment`) VALUES ('4', '6', '1', '0', '1', '1292234985', '1292235345', '', '', '0', '15', '1', 'foren regeln, regeln,', 'Forenregeln', 'Lorem ipsum dolor sit amet, consectetur adipisicing elit, sed do eiusmod tempor incididunt ut labore et dolore magna aliqua. Ut enim ad minim veniam, quis nostrud exercitation ullamco laboris nisi ut aliquip ex ea commodo consequat. Duis aute irure dolor in reprehenderit in voluptate velit esse cillum dolore eu fugiat nulla pariatur. Excepteur sint occaecat cupidatat non proident, sunt in culpa qui officia deserunt mollit anim id est laborum.\r\n', '');
INSERT INTO `contrexx_module_forum_postings` (`id`, `category_id`, `thread_id`, `prev_post_id`, `user_id`, `time_created`, `time_edited`, `is_locked`, `is_sticky`, `rating`, `views`, `icon`, `keywords`, `subject`, `content`, `attachment`) VALUES ('5', '6', '1', '4', '1', '1292947019', '0', '', '', '0', '2', '1', 'board rules', 'Board Rules', 'here you should read the sample rules of this board.\r\n', '');

INSERT INTO `contrexx_module_forum_settings` (`id`, `name`, `value`) VALUES ('1', 'thread_paging', '10');
INSERT INTO `contrexx_module_forum_settings` (`id`, `name`, `value`) VALUES ('2', 'posting_paging', '10');
INSERT INTO `contrexx_module_forum_settings` (`id`, `name`, `value`) VALUES ('3', 'latest_entries_count', '5');
INSERT INTO `contrexx_module_forum_settings` (`id`, `name`, `value`) VALUES ('4', 'block_template', '<div id=\"forum\">    \r\n         <div class=\"div_board\">\r\n	         <div class=\"div_title\">[[TXT_FORUM_LATEST_ENTRIES]]</div>\r\n		<table cellspacing=\"0\" cellpadding=\"0\">\r\n			<tr class=\"row3\">\r\n				<th width=\"65%\" style=\"text-align: left;\">[[TXT_FORUM_THREAD]]</th>\r\n				<th width=\"15%\" style=\"text-align: left;\">[[TXT_FORUM_OVERVIEW_FORUM]]</th>		\r\n				<th width=\"15%\" style=\"text-align: left;\">[[TXT_FORUM_THREAD_STRATER]]</th>		\r\n				<th width=\"1%\" style=\"text-align: left;\">[[TXT_FORUM_POST_COUNT]]</th>		\r\n				<th width=\"4%\" style=\"text-align: left;\">[[TXT_FORUM_THREAD_CREATE_DATE]]</th>\r\n			</tr>\r\n			<!-- BEGIN latestPosts -->\r\n			<tr class=\"row_[[FORUM_ROWCLASS]]\">\r\n				<td>[[FORUM_THREAD]]</td>\r\n				<td>[[FORUM_FORUM_NAME]]</td>\r\n				<td>[[FORUM_THREAD_STARTER]]</td>\r\n				<td>[[FORUM_POST_COUNT]]</td>\r\n				<td>[[FORUM_THREAD_CREATE_DATE]]</td>\r\n			</tr>	\r\n			<!-- END latestPosts -->	\r\n		</table>\r\n	</div>\r\n</div>');
INSERT INTO `contrexx_module_forum_settings` (`id`, `name`, `value`) VALUES ('5', 'notification_template', '[[FORUM_USERNAME]],\r\n\r\nEs wurde ein neuer Beitrag im Thema \\\"[[FORUM_THREAD_SUBJECT]]\\\", gestartet \r\nvon \\\"[[FORUM_THREAD_STARTER]]\\\", geschrieben.\r\n\r\nDer neue Beitrag umfasst folgenden Inhalt:\r\n\r\n-----------------NACHRICHT START-----------------\r\n-----Betreff-----\r\n[[FORUM_LATEST_SUBJECT]]\r\n\r\n----Nachricht----\r\n[[FORUM_LATEST_MESSAGE]]\r\n-----------------NACHRICHT ENDE------------------\r\n\r\nUm den ganzen Diskussionsverlauf zu sehen oder zur Abmeldung dieser \r\nBenachrichtigung, besuchen Sie folgenden Link:\r\n[[FORUM_THREAD_URL]]\r\n');
INSERT INTO `contrexx_module_forum_settings` (`id`, `name`, `value`) VALUES ('6', 'notification_subject', 'Neuer Beitrag in \\\"[[FORUM_THREAD_SUBJECT]]\\\"');
INSERT INTO `contrexx_module_forum_settings` (`id`, `name`, `value`) VALUES ('7', 'notification_from_email', 'noreply@example.com');
INSERT INTO `contrexx_module_forum_settings` (`id`, `name`, `value`) VALUES ('8', 'notification_from_name', 'nobody');
INSERT INTO `contrexx_module_forum_settings` (`id`, `name`, `value`) VALUES ('9', 'banned_words', 'penis enlargement,free porn,(?i:buy\\\\s*?(?:cheap\\\\s*?)?viagra)');
INSERT INTO `contrexx_module_forum_settings` (`id`, `name`, `value`) VALUES ('10', 'wysiwyg_editor', '1');
INSERT INTO `contrexx_module_forum_settings` (`id`, `name`, `value`) VALUES ('11', 'tag_count', '1');
INSERT INTO `contrexx_module_forum_settings` (`id`, `name`, `value`) VALUES ('12', 'latest_post_per_thread', '0');
INSERT INTO `contrexx_module_forum_settings` (`id`, `name`, `value`) VALUES ('13', 'allowed_extensions', '7z,aiff,asf,avi,bmp,csv,doc,fla,flv,gif,gz,gzip,jpeg,jpg,mid,mov,mp3,mp4,mpc,mpeg,mpg,ods,odt,pdf,png,ppt,pxd,qt,ram,rar,rm,rmi,rmvb,rtf,sdc,sitd,swf,sxc,sxw,tar,tgz,tif,tiff,txt,vsd,wav,wma,wmv,xls,xml,zip');

INSERT INTO `contrexx_module_forum_statistics` (`category_id`, `thread_count`, `post_count`, `last_post_id`) VALUES ('6', '1', '2', '5');
INSERT INTO `contrexx_module_forum_statistics` (`category_id`, `thread_count`, `post_count`, `last_post_id`) VALUES ('9', '0', '0', '0');

INSERT INTO `contrexx_module_gallery_categories` (`id`, `pid`, `sorting`, `status`, `comment`, `voting`, `backendProtected`, `backend_access_id`, `frontendProtected`, `frontend_access_id`) VALUES ('1', '0', '1', '1', '0', '0', '0', '0', '0', '0');

INSERT INTO `contrexx_module_gallery_language` (`gallery_id`, `lang_id`, `name`, `value`) VALUES ('1', '1', 'name', 'Contrexx Software');
INSERT INTO `contrexx_module_gallery_language` (`gallery_id`, `lang_id`, `name`, `value`) VALUES ('1', '1', 'desc', 'Die Contrexx Editionen');
INSERT INTO `contrexx_module_gallery_language` (`gallery_id`, `lang_id`, `name`, `value`) VALUES ('1', '2', 'name', 'Contrexx Software');
INSERT INTO `contrexx_module_gallery_language` (`gallery_id`, `lang_id`, `name`, `value`) VALUES ('1', '2', 'desc', 'The Contrexx Editions');
INSERT INTO `contrexx_module_gallery_language` (`gallery_id`, `lang_id`, `name`, `value`) VALUES ('1', '3', 'name', 'Contrexx Software');
INSERT INTO `contrexx_module_gallery_language` (`gallery_id`, `lang_id`, `name`, `value`) VALUES ('1', '3', 'desc', 'The Contrexx Editions');
INSERT INTO `contrexx_module_gallery_language` (`gallery_id`, `lang_id`, `name`, `value`) VALUES ('1', '4', 'name', 'Contrexx Software');
INSERT INTO `contrexx_module_gallery_language` (`gallery_id`, `lang_id`, `name`, `value`) VALUES ('1', '4', 'desc', 'The Contrexx Editions');
INSERT INTO `contrexx_module_gallery_language` (`gallery_id`, `lang_id`, `name`, `value`) VALUES ('1', '5', 'name', 'Contrexx Software');
INSERT INTO `contrexx_module_gallery_language` (`gallery_id`, `lang_id`, `name`, `value`) VALUES ('1', '5', 'desc', 'The Contrexx Editions');
INSERT INTO `contrexx_module_gallery_language` (`gallery_id`, `lang_id`, `name`, `value`) VALUES ('1', '6', 'name', 'Contrexx Software');
INSERT INTO `contrexx_module_gallery_language` (`gallery_id`, `lang_id`, `name`, `value`) VALUES ('1', '6', 'desc', 'The Contrexx Editions');

INSERT INTO `contrexx_module_gallery_language_pics` (`picture_id`, `lang_id`, `name`, `desc`) VALUES ('1', '1', 'Contrexx Free', '');
INSERT INTO `contrexx_module_gallery_language_pics` (`picture_id`, `lang_id`, `name`, `desc`) VALUES ('1', '2', 'Contrexx Free', '');
INSERT INTO `contrexx_module_gallery_language_pics` (`picture_id`, `lang_id`, `name`, `desc`) VALUES ('1', '3', 'Contrexx Free', '');
INSERT INTO `contrexx_module_gallery_language_pics` (`picture_id`, `lang_id`, `name`, `desc`) VALUES ('1', '4', 'Contrexx Free', '');
INSERT INTO `contrexx_module_gallery_language_pics` (`picture_id`, `lang_id`, `name`, `desc`) VALUES ('1', '5', 'Contrexx Free', '');
INSERT INTO `contrexx_module_gallery_language_pics` (`picture_id`, `lang_id`, `name`, `desc`) VALUES ('1', '6', 'Contrexx Free', '');
INSERT INTO `contrexx_module_gallery_language_pics` (`picture_id`, `lang_id`, `name`, `desc`) VALUES ('2', '1', 'Contrexx Non-Profit', '');
INSERT INTO `contrexx_module_gallery_language_pics` (`picture_id`, `lang_id`, `name`, `desc`) VALUES ('2', '2', 'Contrexx Non-Profit', '');
INSERT INTO `contrexx_module_gallery_language_pics` (`picture_id`, `lang_id`, `name`, `desc`) VALUES ('2', '3', 'Contrexx Non-Profit', '');
INSERT INTO `contrexx_module_gallery_language_pics` (`picture_id`, `lang_id`, `name`, `desc`) VALUES ('2', '4', 'Contrexx Non-Profit', '');
INSERT INTO `contrexx_module_gallery_language_pics` (`picture_id`, `lang_id`, `name`, `desc`) VALUES ('2', '5', 'Contrexx Non-Profit', '');
INSERT INTO `contrexx_module_gallery_language_pics` (`picture_id`, `lang_id`, `name`, `desc`) VALUES ('2', '6', 'Contrexx Non-Profit', '');
INSERT INTO `contrexx_module_gallery_language_pics` (`picture_id`, `lang_id`, `name`, `desc`) VALUES ('3', '1', 'Contrexx Business', '');
INSERT INTO `contrexx_module_gallery_language_pics` (`picture_id`, `lang_id`, `name`, `desc`) VALUES ('3', '2', 'Contrexx Business', '');
INSERT INTO `contrexx_module_gallery_language_pics` (`picture_id`, `lang_id`, `name`, `desc`) VALUES ('3', '3', 'Contrexx Business', '');
INSERT INTO `contrexx_module_gallery_language_pics` (`picture_id`, `lang_id`, `name`, `desc`) VALUES ('3', '4', 'Contrexx Business', '');
INSERT INTO `contrexx_module_gallery_language_pics` (`picture_id`, `lang_id`, `name`, `desc`) VALUES ('3', '5', 'Contrexx Business', '');
INSERT INTO `contrexx_module_gallery_language_pics` (`picture_id`, `lang_id`, `name`, `desc`) VALUES ('3', '6', 'Contrexx Business', '');

INSERT INTO `contrexx_module_gallery_pictures` (`id`, `catid`, `validated`, `status`, `catimg`, `sorting`, `size_show`, `path`, `link`, `lastedit`, `size_type`, `size_proz`, `size_abs_h`, `size_abs_w`, `quality`) VALUES ('1', '1', '1', '1', '0', '3', '1', 'contrexx_free.png', '', '1358242130', 'abs', '25', '274', '274', '95');
INSERT INTO `contrexx_module_gallery_pictures` (`id`, `catid`, `validated`, `status`, `catimg`, `sorting`, `size_show`, `path`, `link`, `lastedit`, `size_type`, `size_proz`, `size_abs_h`, `size_abs_w`, `quality`) VALUES ('2', '1', '1', '1', '0', '2', '1', 'contrexx_nonprofit.png', '', '1358242112', 'abs', '25', '274', '274', '95');
INSERT INTO `contrexx_module_gallery_pictures` (`id`, `catid`, `validated`, `status`, `catimg`, `sorting`, `size_show`, `path`, `link`, `lastedit`, `size_type`, `size_proz`, `size_abs_h`, `size_abs_w`, `quality`) VALUES ('3', '1', '1', '1', '1', '1', '1', 'contrexx_business.png', '', '1358242094', 'abs', '25', '274', '274', '95');

INSERT INTO `contrexx_module_gallery_settings` (`id`, `name`, `value`) VALUES ('1', 'max_images_upload', '10');
INSERT INTO `contrexx_module_gallery_settings` (`id`, `name`, `value`) VALUES ('2', 'standard_quality', '95');
INSERT INTO `contrexx_module_gallery_settings` (`id`, `name`, `value`) VALUES ('3', 'standard_size_proz', '25');
INSERT INTO `contrexx_module_gallery_settings` (`id`, `name`, `value`) VALUES ('4', 'standard_width_abs', '274');
INSERT INTO `contrexx_module_gallery_settings` (`id`, `name`, `value`) VALUES ('6', 'standard_height_abs', '0');
INSERT INTO `contrexx_module_gallery_settings` (`id`, `name`, `value`) VALUES ('7', 'standard_size_type', 'abs');
INSERT INTO `contrexx_module_gallery_settings` (`id`, `name`, `value`) VALUES ('8', 'validation_show_limit', '10');
INSERT INTO `contrexx_module_gallery_settings` (`id`, `name`, `value`) VALUES ('9', 'validation_standard_type', 'all');
INSERT INTO `contrexx_module_gallery_settings` (`id`, `name`, `value`) VALUES ('11', 'show_names', 'on');
INSERT INTO `contrexx_module_gallery_settings` (`id`, `name`, `value`) VALUES ('12', 'quality', '95');
INSERT INTO `contrexx_module_gallery_settings` (`id`, `name`, `value`) VALUES ('13', 'show_comments', 'off');
INSERT INTO `contrexx_module_gallery_settings` (`id`, `name`, `value`) VALUES ('14', 'show_voting', 'off');
INSERT INTO `contrexx_module_gallery_settings` (`id`, `name`, `value`) VALUES ('15', 'enable_popups', 'on');
INSERT INTO `contrexx_module_gallery_settings` (`id`, `name`, `value`) VALUES ('16', 'image_width', '4000');
INSERT INTO `contrexx_module_gallery_settings` (`id`, `name`, `value`) VALUES ('17', 'paging', '30');
INSERT INTO `contrexx_module_gallery_settings` (`id`, `name`, `value`) VALUES ('18', 'show_latest', 'on');
INSERT INTO `contrexx_module_gallery_settings` (`id`, `name`, `value`) VALUES ('19', 'show_random', 'on');
INSERT INTO `contrexx_module_gallery_settings` (`id`, `name`, `value`) VALUES ('20', 'header_type', 'hierarchy');
INSERT INTO `contrexx_module_gallery_settings` (`id`, `name`, `value`) VALUES ('21', 'show_ext', 'on');
INSERT INTO `contrexx_module_gallery_settings` (`id`, `name`, `value`) VALUES ('22', 'show_file_name', 'off');
INSERT INTO `contrexx_module_gallery_settings` (`id`, `name`, `value`) VALUES ('23', 'slide_show', 'slideshow');
INSERT INTO `contrexx_module_gallery_settings` (`id`, `name`, `value`) VALUES ('24', 'slide_show_seconds', '3');

INSERT INTO `contrexx_module_guestbook` (`id`, `status`, `name`, `forename`, `gender`, `url`, `email`, `comment`, `ip`, `location`, `lang_id`, `datetime`) VALUES ('1', '1', 'COMVATION', 'Internet Solutions AG', 'M', 'http://www.contrexx.com/', 'nospam@example.com', 'This is a sample entry.\r\n\r\nsincerely yours\r\nCOMVATION AG', '127.0.0.1', 'Schweiz', '2', '2010-12-13 09:00:10');

INSERT INTO `contrexx_module_guestbook_settings` (`name`, `value`) VALUES ('guestbook_send_notification_email', '0');
INSERT INTO `contrexx_module_guestbook_settings` (`name`, `value`) VALUES ('guestbook_activate_submitted_entries', '0');
INSERT INTO `contrexx_module_guestbook_settings` (`name`, `value`) VALUES ('guestbook_replace_at', '1');
INSERT INTO `contrexx_module_guestbook_settings` (`name`, `value`) VALUES ('guestbook_only_lang_entries', '0');

INSERT INTO `contrexx_module_jobs_categories` (`catid`, `name`, `lang`, `sort_style`) VALUES ('1', 'Informatik', '1', 'alpha');
INSERT INTO `contrexx_module_jobs_categories` (`catid`, `name`, `lang`, `sort_style`) VALUES ('2', 'Gastronomie', '1', 'alpha');
INSERT INTO `contrexx_module_jobs_categories` (`catid`, `name`, `lang`, `sort_style`) VALUES ('3', 'Baugewerbe', '1', 'alpha');
INSERT INTO `contrexx_module_jobs_categories` (`catid`, `name`, `lang`, `sort_style`) VALUES ('4', 'Grafik / Zeichner', '1', 'alpha');
INSERT INTO `contrexx_module_jobs_categories` (`catid`, `name`, `lang`, `sort_style`) VALUES ('5', 'Gastronomie', '1', 'alpha');
INSERT INTO `contrexx_module_jobs_categories` (`catid`, `name`, `lang`, `sort_style`) VALUES ('6', 'Landwirtschaft', '1', 'alpha');
INSERT INTO `contrexx_module_jobs_categories` (`catid`, `name`, `lang`, `sort_style`) VALUES ('7', 'Kaufmännische Berufe', '1', 'alpha');
INSERT INTO `contrexx_module_jobs_categories` (`catid`, `name`, `lang`, `sort_style`) VALUES ('8', 'Mechanik', '1', 'alpha');
INSERT INTO `contrexx_module_jobs_categories` (`catid`, `name`, `lang`, `sort_style`) VALUES ('9', 'Medizin', '1', 'alpha');
INSERT INTO `contrexx_module_jobs_categories` (`catid`, `name`, `lang`, `sort_style`) VALUES ('10', 'Bankgewerbe', '1', 'alpha');
INSERT INTO `contrexx_module_jobs_categories` (`catid`, `name`, `lang`, `sort_style`) VALUES ('11', 'Verkauf', '1', 'alpha');

INSERT INTO `contrexx_module_jobs_location` (`id`, `name`) VALUES ('1', 'New York');
INSERT INTO `contrexx_module_jobs_location` (`id`, `name`) VALUES ('2', 'Tokyo');
INSERT INTO `contrexx_module_jobs_location` (`id`, `name`) VALUES ('3', 'London');
INSERT INTO `contrexx_module_jobs_location` (`id`, `name`) VALUES ('4', 'Zürich');
INSERT INTO `contrexx_module_jobs_location` (`id`, `name`) VALUES ('5', 'Thun');
INSERT INTO `contrexx_module_jobs_location` (`id`, `name`) VALUES ('6', 'Los Angeles');
INSERT INTO `contrexx_module_jobs_location` (`id`, `name`) VALUES ('7', 'Shanghai');
INSERT INTO `contrexx_module_jobs_location` (`id`, `name`) VALUES ('8', 'Moskau');
INSERT INTO `contrexx_module_jobs_location` (`id`, `name`) VALUES ('9', 'Dublin');

INSERT INTO `contrexx_module_jobs_settings` (`id`, `name`, `value`) VALUES ('1', 'footnote', 'Hat Ihnen diese Bewerbung zugesagt? \r\nDann können Sie sich sogleich telefonisch, per E-mail oder Web Formular bewerben.');
INSERT INTO `contrexx_module_jobs_settings` (`id`, `name`, `value`) VALUES ('2', 'link', 'Online für diese Stelle bewerben.');
INSERT INTO `contrexx_module_jobs_settings` (`id`, `name`, `value`) VALUES ('3', 'url', 'index.php?section=contact&cmd=5&44=%URL%&43=%TITLE%');
INSERT INTO `contrexx_module_jobs_settings` (`id`, `name`, `value`) VALUES ('4', 'show_location_fe', '1');

INSERT INTO `contrexx_module_knowledge_articles` (`id`, `category`, `active`, `hits`, `votes`, `votevalue`, `sort`, `date_created`, `date_updated`) VALUES ('1', '1', '1', '20', '2', '14', '0', '1292236792', '1292847652');
INSERT INTO `contrexx_module_knowledge_articles` (`id`, `category`, `active`, `hits`, `votes`, `votevalue`, `sort`, `date_created`, `date_updated`) VALUES ('4', '0', '0', '0', '0', '0', '0', '1292236792', '1292236792');
INSERT INTO `contrexx_module_knowledge_articles` (`id`, `category`, `active`, `hits`, `votes`, `votevalue`, `sort`, `date_created`, `date_updated`) VALUES ('5', '0', '0', '0', '0', '0', '0', '1292236792', '1292236792');
INSERT INTO `contrexx_module_knowledge_articles` (`id`, `category`, `active`, `hits`, `votes`, `votevalue`, `sort`, `date_created`, `date_updated`) VALUES ('6', '0', '0', '0', '0', '0', '0', '1292236792', '1292236792');
INSERT INTO `contrexx_module_knowledge_articles` (`id`, `category`, `active`, `hits`, `votes`, `votevalue`, `sort`, `date_created`, `date_updated`) VALUES ('7', '2', '1', '50', '2', '15', '0', '1292405974', '1292849754');

INSERT INTO `contrexx_module_knowledge_article_content` (`id`, `article`, `lang`, `question`, `answer`) VALUES ('184', '1', '1', 'Was ist Contrexx?', 'Contrexx&reg; ist ein modernes, einzigartiges und modulares Web Content Management System (WCMS) f&uuml;r die komplette Verwaltung einer Webseite. Zudem kann Contrexx&reg; auch f&uuml;r andere&nbsp;Informationsangebote wie Intranet, Extranet, eShop, Portal und weiteres eingesetzt werden. Das Contrexx&reg; basiert auf neuster PHP und MySQL Technologie und besticht in der einfachen Bedienung.');
INSERT INTO `contrexx_module_knowledge_article_content` (`id`, `article`, `lang`, `question`, `answer`) VALUES ('185', '1', '2', 'What is Contrexx?', 'Contrexx&reg; is a powerful Open Source Web Content Management System (WCMS) which will assist you in the creation, administration and maintenance of contents for the internet or intranet. It\'s a completely web-based system with an easy-to-use WYSIWYG editor and intuitive user interface. Contrexx&reg; is very flexible, by adding modules you can customize the CMS according to your individual demands and it requires no technical knowledge or previous training. Visit us online at <a rel=\"nofollow\" title=\"http://www.contrexx.com/\" class=\"external\" href=\"http://www.contrexx.com/\">http://www.contrexx.com/</a> to learn more.');
INSERT INTO `contrexx_module_knowledge_article_content` (`id`, `article`, `lang`, `question`, `answer`) VALUES ('186', '1', '3', 'What is Contrexx?', 'Contrexx&reg; is a powerful Open Source Web Content Management System (WCMS)  which will assist you in the creation, administration and maintenance  of contents for the internet or intranet. It\'s a completely web-based  system with an easy-to-use WYSIWYG editor and intuitive user interface.  Contrexx&reg; is very flexible, by adding modules you can customize the CMS  according to your individual demands and it requires no technical  knowledge or previous training. Visit us online at <a href=\"http://www.contrexx.com/\" class=\"external\" title=\"http://www.contrexx.com/\" rel=\"nofollow\">http://www.contrexx.com/</a> to learn more.');
INSERT INTO `contrexx_module_knowledge_article_content` (`id`, `article`, `lang`, `question`, `answer`) VALUES ('187', '7', '1', 'Wie erstelle ich einen neuen Eintrag?', '<h3>1. Im Backend einloggen</h3> <p>Melden Sie sich zuerst im Backend Ihrer Website an. Die URL&nbsp;zum Backend lautet jeweils <a href=\"http://www.DOMAINNAME.TLD/cadmin\">http://www.DOMAINNAME.TLD/cadmin</a></p> <h3>2. Neuen Artikel erstellen</h3> <p>Navigieren Sie nach &quot;Module/Wissensdatenbank/Artikel&quot; und klicken Sie dort auf die Schaltfl&auml;che &quot;Hinzuf&uuml;gen&quot;.</p> <h3>3. Kategorie festlegen</h3> <p>W&auml;hlen Sie die Kategorie, unter welcher der Artikel erscheinen soll.</p> <img height=\"23\" width=\"412\" src=\"images/content/knowledgebase/wie_erstelle_ich_einen_neuen_eintrag_schritt_3_de.jpg\" alt=\"\" /><br /> <br /> <h3>4. Frage festlegen</h3> <p>Definieren Sie die Frage, welche beantwortet werden soll.</p> <img height=\"47\" border=\"0\" width=\"475\" alt=\"\" src=\"images/content/knowledgebase/wie_erstelle_ich_einen_neuen_eintrag_schritt_4_de.jpg\" /><br /> <br /> <h3>5. Stichworte festlegen</h3> <p>W&auml;hlen Sie vorhandene Stichworte aus oder f&uuml;gen Sie neue hinzu.</p> <img height=\"21\" width=\"378\" alt=\"\" src=\"images/content/knowledgebase/wie_erstelle_ich_einen_neuen_eintrag_schritt_5_de.jpg\" /><br /> <br /> <h3>6. Antwort schreiben</h3> <p>Schreiben Sie die Antwort im Editor.</p> <img height=\"102\" width=\"425\" alt=\"\" src=\"images/content/knowledgebase/wie_erstelle_ich_einen_neuen_eintrag_schritt_6_de.jpg\" /><br /> <br /> <h3>7. Eintrag speichern</h3> <p>Klicken Sie nun auf die Schaltfl&auml;che &quot;Speichern&quot;.</p>');
INSERT INTO `contrexx_module_knowledge_article_content` (`id`, `article`, `lang`, `question`, `answer`) VALUES ('188', '7', '2', 'How do I create a new entry?', '<h3>1. Backend login</h3> <p>First login to your backend. The url is always named on <a href=\"http://www.DOMAINNAME.TLD/cadmin\">http://www.DOMAINNAME.TLD/cadmin</a></p> <h3>2. Create a new entry</h3> <p>Navigate to &quot;Module/Knowledge base/Articles&quot; and click on the button &quot;Add&quot;.</p> <h3>3. Set the category</h3> <p>Choose the category in which the entry should appear.</p> <img height=\"23\" width=\"408\" alt=\"\" src=\"images/content/knowledgebase/wie_erstelle_ich_einen_neuen_eintrag_schritt_3_en.jpg\" /><br /> <br /> <h3>4. Set the question</h3> <p>Define the question that has to be answered.</p> <img height=\"49\" border=\"0\" width=\"412\" src=\"images/content/knowledgebase/wie_erstelle_ich_einen_neuen_eintrag_schritt_4_en.jpg\" alt=\"\" /><br /> <br /> <h3>5. Set the keywords</h3> <p>Choose some existing keywords or add new ones.</p> <img height=\"22\" width=\"348\" src=\"images/content/knowledgebase/wie_erstelle_ich_einen_neuen_eintrag_schritt_5_en.jpg\" alt=\"\" /><br /> <br /> <h3>6. Write the answer</h3> <p>Type in the answer into the editor.</p> <img height=\"104\" width=\"424\" src=\"images/content/knowledgebase/wie_erstelle_ich_einen_neuen_eintrag_schritt_6_en.jpg\" alt=\"\" /><br /> <br /> <h3>7. Save the entry</h3> <p>Now click on the button &quot;Save&quot;.</p>');
INSERT INTO `contrexx_module_knowledge_article_content` (`id`, `article`, `lang`, `question`, `answer`) VALUES ('189', '7', '3', 'How do I create a new entry?', '<h3>1. Backend login</h3> <p>First login to your backend. The url is always named on <a href=\"http://www.DOMAINNAME.TLD/cadmin\">http://www.DOMAINNAME.TLD/cadmin</a></p> <h3>2. Create a new entry</h3> <p>Navigate to &quot;Module/Knowledge base/Articles&quot; and click on the button &quot;Add&quot;.</p> <h3>3. Set the category</h3> <p>Choose the category in which the entry should appear.</p> <img height=\"23\" width=\"408\" alt=\"\" src=\"images/content/knowledgebase/wie_erstelle_ich_einen_neuen_eintrag_schritt_3_en.jpg\" /><br /> <br /> <h3>4. Set the question</h3> <p>Define the question that has to be answered.</p> <img height=\"49\" border=\"0\" width=\"412\" src=\"images/content/knowledgebase/wie_erstelle_ich_einen_neuen_eintrag_schritt_4_en.jpg\" alt=\"\" /><br /> <br /> <h3>5. Set the keywords</h3> <p>Choose some existing keywords or add new ones.</p> <img height=\"22\" width=\"348\" src=\"images/content/knowledgebase/wie_erstelle_ich_einen_neuen_eintrag_schritt_5_en.jpg\" alt=\"\" /><br /> <br /> <h3>6. Write the answer</h3> <p>Type in the answer into the editor.</p> <img height=\"104\" width=\"424\" src=\"images/content/knowledgebase/wie_erstelle_ich_einen_neuen_eintrag_schritt_6_en.jpg\" alt=\"\" /><br /> <br /> <h3>7. Save the entry</h3> <p>Now click on the button &quot;Save&quot;.</p>');

INSERT INTO `contrexx_module_knowledge_categories` (`id`, `active`, `parent`, `sort`) VALUES ('1', '1', '0', '1');
INSERT INTO `contrexx_module_knowledge_categories` (`id`, `active`, `parent`, `sort`) VALUES ('2', '1', '0', '0');

INSERT INTO `contrexx_module_knowledge_categories_content` (`id`, `category`, `name`, `lang`) VALUES ('25', '1', 'Über Contrexx WCMS', '1');
INSERT INTO `contrexx_module_knowledge_categories_content` (`id`, `category`, `name`, `lang`) VALUES ('26', '1', 'About Contrexx WCMS', '2');
INSERT INTO `contrexx_module_knowledge_categories_content` (`id`, `category`, `name`, `lang`) VALUES ('27', '1', 'About Contrexx WCMS', '3');
INSERT INTO `contrexx_module_knowledge_categories_content` (`id`, `category`, `name`, `lang`) VALUES ('31', '2', 'Anleitungen zur Wissensdatenbank', '1');
INSERT INTO `contrexx_module_knowledge_categories_content` (`id`, `category`, `name`, `lang`) VALUES ('32', '2', 'Instructions for the knowledgebase', '2');
INSERT INTO `contrexx_module_knowledge_categories_content` (`id`, `category`, `name`, `lang`) VALUES ('33', '2', 'Instructions for the knowledgebase', '3');

INSERT INTO `contrexx_module_knowledge_settings` (`id`, `name`, `value`) VALUES ('1', 'max_subcategories', '5');
INSERT INTO `contrexx_module_knowledge_settings` (`id`, `name`, `value`) VALUES ('2', 'column_number', '2');
INSERT INTO `contrexx_module_knowledge_settings` (`id`, `name`, `value`) VALUES ('3', 'max_rating', '8');
INSERT INTO `contrexx_module_knowledge_settings` (`id`, `name`, `value`) VALUES ('6', 'best_rated_sidebar_template', '<div class=\"clearfix\">\r\n<ul class=\"knowledge_sidebar\">\r\n<!-- BEGIN article -->\r\n<li><a href=\"[[URL]]\">[[ARTICLE]]</a></li>\r\n<!-- END article -->\r\n</ul>\r\n</div>');
INSERT INTO `contrexx_module_knowledge_settings` (`id`, `name`, `value`) VALUES ('7', 'best_rated_sidebar_length', '82');
INSERT INTO `contrexx_module_knowledge_settings` (`id`, `name`, `value`) VALUES ('8', 'best_rated_sidebar_amount', '5');
INSERT INTO `contrexx_module_knowledge_settings` (`id`, `name`, `value`) VALUES ('9', 'tag_cloud_sidebar_template', '[[CLOUD]] <br style=\"clear: both;\" />');
INSERT INTO `contrexx_module_knowledge_settings` (`id`, `name`, `value`) VALUES ('10', 'most_read_sidebar_template', '<div class=\"clearfix\">\r\n<ul class=\"knowledge_sidebar\">\r\n<!-- BEGIN article -->\r\n<li><a href=\"[[URL]]\">[[ARTICLE]]</a></li>\r\n<!-- END article -->\r\n</ul>\r\n</div>');
INSERT INTO `contrexx_module_knowledge_settings` (`id`, `name`, `value`) VALUES ('12', 'most_read_sidebar_length', '79');
INSERT INTO `contrexx_module_knowledge_settings` (`id`, `name`, `value`) VALUES ('13', 'most_read_sidebar_amount', '5');
INSERT INTO `contrexx_module_knowledge_settings` (`id`, `name`, `value`) VALUES ('14', 'best_rated_siderbar_template', '');
INSERT INTO `contrexx_module_knowledge_settings` (`id`, `name`, `value`) VALUES ('15', 'most_read_amount', '5');
INSERT INTO `contrexx_module_knowledge_settings` (`id`, `name`, `value`) VALUES ('16', 'best_rated_amount', '5');

INSERT INTO `contrexx_module_knowledge_tags` (`id`, `name`, `lang`) VALUES ('1', 'comvation', '1');
INSERT INTO `contrexx_module_knowledge_tags` (`id`, `name`, `lang`) VALUES ('2', 'thun', '1');
INSERT INTO `contrexx_module_knowledge_tags` (`id`, `name`, `lang`) VALUES ('3', 'cms', '1');
INSERT INTO `contrexx_module_knowledge_tags` (`id`, `name`, `lang`) VALUES ('4', 'contrexx', '1');
INSERT INTO `contrexx_module_knowledge_tags` (`id`, `name`, `lang`) VALUES ('5', 'contrexx', '2');
INSERT INTO `contrexx_module_knowledge_tags` (`id`, `name`, `lang`) VALUES ('6', 'cms', '2');
INSERT INTO `contrexx_module_knowledge_tags` (`id`, `name`, `lang`) VALUES ('7', 'thun', '2');
INSERT INTO `contrexx_module_knowledge_tags` (`id`, `name`, `lang`) VALUES ('8', 'comvation', '2');
INSERT INTO `contrexx_module_knowledge_tags` (`id`, `name`, `lang`) VALUES ('9', 'thun cms', '1');
INSERT INTO `contrexx_module_knowledge_tags` (`id`, `name`, `lang`) VALUES ('10', 'neuer artikel', '1');
INSERT INTO `contrexx_module_knowledge_tags` (`id`, `name`, `lang`) VALUES ('11', 'aritkel anlegen', '1');
INSERT INTO `contrexx_module_knowledge_tags` (`id`, `name`, `lang`) VALUES ('12', 'neu', '1');
INSERT INTO `contrexx_module_knowledge_tags` (`id`, `name`, `lang`) VALUES ('13', 'nouvelle page', '3');
INSERT INTO `contrexx_module_knowledge_tags` (`id`, `name`, `lang`) VALUES ('14', 'nouveau article', '3');
INSERT INTO `contrexx_module_knowledge_tags` (`id`, `name`, `lang`) VALUES ('15', 'wcms', '1');
INSERT INTO `contrexx_module_knowledge_tags` (`id`, `name`, `lang`) VALUES ('16', 'contrexx', '3');
INSERT INTO `contrexx_module_knowledge_tags` (`id`, `name`, `lang`) VALUES ('17', 'cms', '3');
INSERT INTO `contrexx_module_knowledge_tags` (`id`, `name`, `lang`) VALUES ('18', 'thun', '3');
INSERT INTO `contrexx_module_knowledge_tags` (`id`, `name`, `lang`) VALUES ('19', 'comvation', '3');
INSERT INTO `contrexx_module_knowledge_tags` (`id`, `name`, `lang`) VALUES ('20', 'eintrag erstellen', '1');
INSERT INTO `contrexx_module_knowledge_tags` (`id`, `name`, `lang`) VALUES ('21', 'neuer eintrag', '1');
INSERT INTO `contrexx_module_knowledge_tags` (`id`, `name`, `lang`) VALUES ('22', 'new', '2');
INSERT INTO `contrexx_module_knowledge_tags` (`id`, `name`, `lang`) VALUES ('23', 'new entry', '2');
INSERT INTO `contrexx_module_knowledge_tags` (`id`, `name`, `lang`) VALUES ('24', 'create entry', '2');
INSERT INTO `contrexx_module_knowledge_tags` (`id`, `name`, `lang`) VALUES ('25', 'new entry', '3');
INSERT INTO `contrexx_module_knowledge_tags` (`id`, `name`, `lang`) VALUES ('26', 'new', '3');
INSERT INTO `contrexx_module_knowledge_tags` (`id`, `name`, `lang`) VALUES ('27', 'create entry', '3');
INSERT INTO `contrexx_module_knowledge_tags` (`id`, `name`, `lang`) VALUES ('28', 'wcms', '2');
INSERT INTO `contrexx_module_knowledge_tags` (`id`, `name`, `lang`) VALUES ('29', 'wcms', '3');

INSERT INTO `contrexx_module_knowledge_tags_articles` (`article`, `tag`) VALUES ('1', '1');
INSERT INTO `contrexx_module_knowledge_tags_articles` (`article`, `tag`) VALUES ('1', '2');
INSERT INTO `contrexx_module_knowledge_tags_articles` (`article`, `tag`) VALUES ('1', '4');
INSERT INTO `contrexx_module_knowledge_tags_articles` (`article`, `tag`) VALUES ('1', '5');
INSERT INTO `contrexx_module_knowledge_tags_articles` (`article`, `tag`) VALUES ('1', '7');
INSERT INTO `contrexx_module_knowledge_tags_articles` (`article`, `tag`) VALUES ('1', '8');
INSERT INTO `contrexx_module_knowledge_tags_articles` (`article`, `tag`) VALUES ('1', '15');
INSERT INTO `contrexx_module_knowledge_tags_articles` (`article`, `tag`) VALUES ('1', '16');
INSERT INTO `contrexx_module_knowledge_tags_articles` (`article`, `tag`) VALUES ('1', '18');
INSERT INTO `contrexx_module_knowledge_tags_articles` (`article`, `tag`) VALUES ('1', '19');
INSERT INTO `contrexx_module_knowledge_tags_articles` (`article`, `tag`) VALUES ('1', '28');
INSERT INTO `contrexx_module_knowledge_tags_articles` (`article`, `tag`) VALUES ('1', '29');
INSERT INTO `contrexx_module_knowledge_tags_articles` (`article`, `tag`) VALUES ('7', '12');
INSERT INTO `contrexx_module_knowledge_tags_articles` (`article`, `tag`) VALUES ('7', '20');
INSERT INTO `contrexx_module_knowledge_tags_articles` (`article`, `tag`) VALUES ('7', '21');
INSERT INTO `contrexx_module_knowledge_tags_articles` (`article`, `tag`) VALUES ('7', '22');
INSERT INTO `contrexx_module_knowledge_tags_articles` (`article`, `tag`) VALUES ('7', '23');
INSERT INTO `contrexx_module_knowledge_tags_articles` (`article`, `tag`) VALUES ('7', '24');
INSERT INTO `contrexx_module_knowledge_tags_articles` (`article`, `tag`) VALUES ('7', '25');
INSERT INTO `contrexx_module_knowledge_tags_articles` (`article`, `tag`) VALUES ('7', '26');
INSERT INTO `contrexx_module_knowledge_tags_articles` (`article`, `tag`) VALUES ('7', '27');

INSERT INTO `contrexx_module_livecam` (`id`, `currentImagePath`, `archivePath`, `thumbnailPath`, `maxImageWidth`, `thumbMaxSize`, `shadowboxActivate`, `showFrom`, `showTill`) VALUES ('1', 'http://heimenschwand.ch/webcam/current.jpg', '/webcam/cam1/archive', '/webcam/cam1/thumbs', '400', '120', '0', '1411596037', '1411682377');

INSERT INTO `contrexx_module_livecam_settings` (`setid`, `setname`, `setvalue`) VALUES ('1', 'amount_of_cams', '1');

INSERT INTO `contrexx_module_market` (`id`, `name`, `email`, `type`, `title`, `description`, `color`, `premium`, `picture`, `catid`, `price`, `regdate`, `enddate`, `userid`, `userdetails`, `status`, `regkey`, `paypal`, `sort_id`, `spez_field_1`, `spez_field_2`, `spez_field_3`, `spez_field_4`, `spez_field_5`) VALUES ('8', 'CMS System Benutzer', 'support@comvation.com', 'offer', 'Contrexx® CMS Software', 'Contrexx® ist ein modernes, einzigartiges und modulares Web Content Management System (WCMS) für die komplette Verwaltung einer Webseite. Zudem kann Contrexx® auch für andere Informationsangebote wie Intranet, Extranet, eShop, Portal und weiteres eingesetzt werden. Das Contrexx® basiert auf neuster PHP und MySQL Technologie und besticht in der einfachen Bedienung', '', '0', '9d4cb8ed9e74fe0b84c32980142a4640.jpg', '11', '990', '1292236792', '1378850400', '1', '0', '1', '', '0', '0', '', '', '', '', '');

INSERT INTO `contrexx_module_market_categories` (`id`, `name`, `description`, `displayorder`, `status`) VALUES ('4', 'Antiquitäten & Kunst', 'Bilder, Antikes, Porzellan, Keramik, Skulpturen, Stiche, Kunstdrucke, Malerei, Grafiken, antike Einrichtung. Kaufe antike und moderne Waren und Kunst.', '0', '1');
INSERT INTO `contrexx_module_market_categories` (`id`, `name`, `description`, `displayorder`, `status`) VALUES ('6', 'Audio, TV & Video', '', '0', '1');
INSERT INTO `contrexx_module_market_categories` (`id`, `name`, `description`, `displayorder`, `status`) VALUES ('7', 'Auto & Motorrad', '', '0', '1');
INSERT INTO `contrexx_module_market_categories` (`id`, `name`, `description`, `displayorder`, `status`) VALUES ('8', 'Briefmarken', '', '0', '1');
INSERT INTO `contrexx_module_market_categories` (`id`, `name`, `description`, `displayorder`, `status`) VALUES ('9', 'Bücher & Comics', '', '0', '1');
INSERT INTO `contrexx_module_market_categories` (`id`, `name`, `description`, `displayorder`, `status`) VALUES ('10', 'Büro & Gewerbe', '', '0', '1');
INSERT INTO `contrexx_module_market_categories` (`id`, `name`, `description`, `displayorder`, `status`) VALUES ('11', 'Computer & Netzwerk', '', '0', '1');
INSERT INTO `contrexx_module_market_categories` (`id`, `name`, `description`, `displayorder`, `status`) VALUES ('12', 'Filme & DVD', '', '0', '1');
INSERT INTO `contrexx_module_market_categories` (`id`, `name`, `description`, `displayorder`, `status`) VALUES ('13', 'Foto & Optik', '', '0', '1');
INSERT INTO `contrexx_module_market_categories` (`id`, `name`, `description`, `displayorder`, `status`) VALUES ('14', 'Games & Spielkonsolen', '', '0', '1');
INSERT INTO `contrexx_module_market_categories` (`id`, `name`, `description`, `displayorder`, `status`) VALUES ('15', 'Handwerk & Garten', '', '0', '1');
INSERT INTO `contrexx_module_market_categories` (`id`, `name`, `description`, `displayorder`, `status`) VALUES ('16', 'Handy, Festnetz, Funk', '', '0', '1');
INSERT INTO `contrexx_module_market_categories` (`id`, `name`, `description`, `displayorder`, `status`) VALUES ('17', 'Haushalt & Wohnen', '', '0', '1');
INSERT INTO `contrexx_module_market_categories` (`id`, `name`, `description`, `displayorder`, `status`) VALUES ('18', 'Kind & Baby', '', '0', '1');
INSERT INTO `contrexx_module_market_categories` (`id`, `name`, `description`, `displayorder`, `status`) VALUES ('19', 'Kleidung & Accessoires', '', '0', '1');
INSERT INTO `contrexx_module_market_categories` (`id`, `name`, `description`, `displayorder`, `status`) VALUES ('20', 'Kosmetik & Pflege', '', '0', '1');
INSERT INTO `contrexx_module_market_categories` (`id`, `name`, `description`, `displayorder`, `status`) VALUES ('21', 'Modellbau & Hobby', '', '0', '1');
INSERT INTO `contrexx_module_market_categories` (`id`, `name`, `description`, `displayorder`, `status`) VALUES ('22', 'Münzen', '', '0', '1');
INSERT INTO `contrexx_module_market_categories` (`id`, `name`, `description`, `displayorder`, `status`) VALUES ('23', 'Musik & Musikinstrumente', '', '0', '1');
INSERT INTO `contrexx_module_market_categories` (`id`, `name`, `description`, `displayorder`, `status`) VALUES ('24', 'Sammeln & Seltenes', '', '0', '1');
INSERT INTO `contrexx_module_market_categories` (`id`, `name`, `description`, `displayorder`, `status`) VALUES ('25', 'Spielzeug & Basteln', '', '0', '1');
INSERT INTO `contrexx_module_market_categories` (`id`, `name`, `description`, `displayorder`, `status`) VALUES ('26', 'Sport', '', '0', '1');
INSERT INTO `contrexx_module_market_categories` (`id`, `name`, `description`, `displayorder`, `status`) VALUES ('27', 'Tickets & Gutscheine', '', '0', '1');
INSERT INTO `contrexx_module_market_categories` (`id`, `name`, `description`, `displayorder`, `status`) VALUES ('28', 'Tierzubehör', '', '0', '1');
INSERT INTO `contrexx_module_market_categories` (`id`, `name`, `description`, `displayorder`, `status`) VALUES ('29', 'Uhren & Schmuck', '', '0', '1');
INSERT INTO `contrexx_module_market_categories` (`id`, `name`, `description`, `displayorder`, `status`) VALUES ('30', 'Wein & Genuss', '', '0', '1');

INSERT INTO `contrexx_module_market_mail` (`id`, `title`, `content`, `mailto`, `mailcc`, `active`) VALUES ('1', 'Ihr Contrexx.com-Inserat mit dem Titel [[TITLE]] wurde freigeschaltet', 'Lieber Inserent\r\n\r\nBesten Dank für Ihre Geduld. Um eine hohe Qualität auf Contrexx.com garantieren zu können, haben wir Ihr Inserat geprüft. \r\n\r\nIhr Inserat mit dem Titel «[[TITLE]]» und der ID \"[[ID]]\" wurde von unseren Mitarbeiterinnen und Mitarbeitern geprüft und freigeschaltet.\r\n\r\nIhr Inserat ist ab sofort unter [[URL]] einsehbar.\r\n\r\nSie können Ihr Inserat jederzeit unter [[LINK]] gratis ändern oder löschen.\r\n\r\nHoffentlich bis bald wieder auf Contrexx.com und mit freundlichen Grüssen\r\n\r\nIhr Contrexx.com Team\r\n\r\nAutomatisch generierte Nachricht\r\n[[DATE]]\r\n\r\n\r\nhttp://www.contrexx.com/\r\nContrexx.com - Der Schweizer Marktplatz', '', '', '1');
INSERT INTO `contrexx_module_market_mail` (`id`, `title`, `content`, `mailto`, `mailcc`, `active`) VALUES ('2', 'Neues Inserat auf [[URL]] - ID: [[ID]]', 'Hallo \r\n\r\nAuf [[URL]] wurde ein neues Inserat eingetragen.\r\n\r\nID:          [[ID]]\r\nTitel:       [[TITLE]]\r\nCode:        [[CODE]]\r\nUsername:    [[USERNAME]]\r\nName:        [[NAME]]\r\nE-Mail:      [[EMAIL]]\r\n\r\nAutomatisch generierte Nachricht\r\n[[DATE]]\r\n', '', '', '1');

INSERT INTO `contrexx_module_market_paypal` (`id`, `active`, `profile`, `price`, `price_premium`) VALUES ('1', '0', 'noreply@example.com', '5.00', '2.00');

INSERT INTO `contrexx_module_market_settings` (`id`, `name`, `value`, `description`, `type`) VALUES ('1', 'maxday', '14', 'TXT_MARKET_SET_MAXDAYS', '1');
INSERT INTO `contrexx_module_market_settings` (`id`, `name`, `value`, `description`, `type`) VALUES ('2', 'description', '0', 'TXT_MARKET_SET_DESCRIPTION', '2');
INSERT INTO `contrexx_module_market_settings` (`id`, `name`, `value`, `description`, `type`) VALUES ('3', 'paging', '10', 'TXT_MARKET_SET_PAGING', '1');
INSERT INTO `contrexx_module_market_settings` (`id`, `name`, `value`, `description`, `type`) VALUES ('4', 'currency', 'CHF', 'TXT_MARKET_SET_CURRENCY', '1');
INSERT INTO `contrexx_module_market_settings` (`id`, `name`, `value`, `description`, `type`) VALUES ('5', 'addEntry_only_community', '1', 'TXT_MARKET_SET_ADD_ENTRY_ONLY_COMMUNITY', '2');
INSERT INTO `contrexx_module_market_settings` (`id`, `name`, `value`, `description`, `type`) VALUES ('6', 'addEntry', '1', 'TXT_MARKET_SET_ADD_ENTRY', '2');
INSERT INTO `contrexx_module_market_settings` (`id`, `name`, `value`, `description`, `type`) VALUES ('7', 'editEntry', '1', 'TXT_MARKET_SET_EDIT_ENTRY', '2');
INSERT INTO `contrexx_module_market_settings` (`id`, `name`, `value`, `description`, `type`) VALUES ('8', 'indexview', '0', 'TXT_MARKET_SET_INDEXVIEW', '2');
INSERT INTO `contrexx_module_market_settings` (`id`, `name`, `value`, `description`, `type`) VALUES ('9', 'maxdayStatus', '0', 'TXT_MARKET_SET_MAXDAYS_ON', '2');
INSERT INTO `contrexx_module_market_settings` (`id`, `name`, `value`, `description`, `type`) VALUES ('10', 'searchPrice', '100,200,500,1000,2000,5000', 'TXT_MARKET_SET_EXP_SEARCH_PRICE', '3');
INSERT INTO `contrexx_module_market_settings` (`id`, `name`, `value`, `description`, `type`) VALUES ('11', 'codeMode', '1', 'TXT_MARKET_SET_CODE_MODE', '2');

INSERT INTO `contrexx_module_market_spez_fields` (`id`, `name`, `value`, `type`, `lang_id`, `active`) VALUES ('1', 'spez_field_1', '', '1', '1', '0');
INSERT INTO `contrexx_module_market_spez_fields` (`id`, `name`, `value`, `type`, `lang_id`, `active`) VALUES ('2', 'spez_field_2', '', '1', '1', '0');
INSERT INTO `contrexx_module_market_spez_fields` (`id`, `name`, `value`, `type`, `lang_id`, `active`) VALUES ('3', 'spez_field_3', '', '1', '1', '0');
INSERT INTO `contrexx_module_market_spez_fields` (`id`, `name`, `value`, `type`, `lang_id`, `active`) VALUES ('4', 'spez_field_4', '', '1', '1', '0');
INSERT INTO `contrexx_module_market_spez_fields` (`id`, `name`, `value`, `type`, `lang_id`, `active`) VALUES ('5', 'spez_field_5', '', '1', '1', '0');

INSERT INTO `contrexx_module_mediadir_categories` (`id`, `parent_id`, `order`, `show_subcategories`, `show_entries`, `picture`, `active`) VALUES ('177', '0', '0', '0', '1', '', '1');
INSERT INTO `contrexx_module_mediadir_categories` (`id`, `parent_id`, `order`, `show_subcategories`, `show_entries`, `picture`, `active`) VALUES ('178', '0', '0', '0', '1', '', '1');
INSERT INTO `contrexx_module_mediadir_categories` (`id`, `parent_id`, `order`, `show_subcategories`, `show_entries`, `picture`, `active`) VALUES ('179', '0', '0', '0', '1', '', '1');
INSERT INTO `contrexx_module_mediadir_categories` (`id`, `parent_id`, `order`, `show_subcategories`, `show_entries`, `picture`, `active`) VALUES ('176', '0', '0', '0', '1', '', '1');

INSERT INTO `contrexx_module_mediadir_categories_names` (`lang_id`, `category_id`, `category_name`, `category_description`) VALUES ('2', '179', 'Kunden', 'Die zufriedenen Kunden von MaxMuster AG');
INSERT INTO `contrexx_module_mediadir_categories_names` (`lang_id`, `category_id`, `category_name`, `category_description`) VALUES ('1', '179', 'Kunden', 'Die zufriedenen Kunden von MaxMuster AG');
INSERT INTO `contrexx_module_mediadir_categories_names` (`lang_id`, `category_id`, `category_name`, `category_description`) VALUES ('3', '178', 'Verkauf', '');
INSERT INTO `contrexx_module_mediadir_categories_names` (`lang_id`, `category_id`, `category_name`, `category_description`) VALUES ('1', '176', 'Administration', '');
INSERT INTO `contrexx_module_mediadir_categories_names` (`lang_id`, `category_id`, `category_name`, `category_description`) VALUES ('2', '176', 'Administration', '');
INSERT INTO `contrexx_module_mediadir_categories_names` (`lang_id`, `category_id`, `category_name`, `category_description`) VALUES ('3', '176', 'Administration', '');
INSERT INTO `contrexx_module_mediadir_categories_names` (`lang_id`, `category_id`, `category_name`, `category_description`) VALUES ('1', '177', 'Entwicklung', '');
INSERT INTO `contrexx_module_mediadir_categories_names` (`lang_id`, `category_id`, `category_name`, `category_description`) VALUES ('2', '177', 'Entwicklung', '');
INSERT INTO `contrexx_module_mediadir_categories_names` (`lang_id`, `category_id`, `category_name`, `category_description`) VALUES ('3', '177', 'Entwicklung', '');
INSERT INTO `contrexx_module_mediadir_categories_names` (`lang_id`, `category_id`, `category_name`, `category_description`) VALUES ('1', '178', 'Verkauf', '');
INSERT INTO `contrexx_module_mediadir_categories_names` (`lang_id`, `category_id`, `category_name`, `category_description`) VALUES ('2', '178', 'Verkauf', '');
INSERT INTO `contrexx_module_mediadir_categories_names` (`lang_id`, `category_id`, `category_name`, `category_description`) VALUES ('3', '179', 'Kunden', 'Die zufriedenen Kunden von MaxMuster AG');

INSERT INTO `contrexx_module_mediadir_comments` (`id`, `entry_id`, `added_by`, `date`, `ip`, `name`, `mail`, `url`, `notification`, `comment`) VALUES ('1', '372', '0', '1345030871', '46.127.25.132', 'wer', 'werwer', 'wer', '0', 'werwerwerwerwer');
INSERT INTO `contrexx_module_mediadir_comments` (`id`, `entry_id`, `added_by`, `date`, `ip`, `name`, `mail`, `url`, `notification`, `comment`) VALUES ('2', '392', '1', '1345039752', '46.127.25.132', 'system', 'info#comvation.com', '', '0', 'Wow, that\'s a company!!!');

INSERT INTO `contrexx_module_mediadir_entries` (`id`, `order`, `form_id`, `create_date`, `update_date`, `validate_date`, `added_by`, `updated_by`, `lang_id`, `hits`, `popular_hits`, `popular_date`, `last_ip`, `ready_to_confirm`, `confirmed`, `active`, `duration_type`, `duration_start`, `duration_end`, `duration_notification`, `translation_status`) VALUES ('404', '0', '24', '1348035851', '1348050152', '1348035851', '1', '1', '1', '1', '1', '1357858800', '46.127.25.186', '1', '1', '1', '1', '1348005600', '1348005600', '0', '');
INSERT INTO `contrexx_module_mediadir_entries` (`id`, `order`, `form_id`, `create_date`, `update_date`, `validate_date`, `added_by`, `updated_by`, `lang_id`, `hits`, `popular_hits`, `popular_date`, `last_ip`, `ready_to_confirm`, `confirmed`, `active`, `duration_type`, `duration_start`, `duration_end`, `duration_notification`, `translation_status`) VALUES ('405', '0', '24', '1348036303', '1348050158', '1348036303', '1', '1', '1', '1', '1', '1357858800', '46.127.25.186', '1', '1', '1', '1', '1348005600', '1348005600', '0', '');
INSERT INTO `contrexx_module_mediadir_entries` (`id`, `order`, `form_id`, `create_date`, `update_date`, `validate_date`, `added_by`, `updated_by`, `lang_id`, `hits`, `popular_hits`, `popular_date`, `last_ip`, `ready_to_confirm`, `confirmed`, `active`, `duration_type`, `duration_start`, `duration_end`, `duration_notification`, `translation_status`) VALUES ('402', '0', '23', '1348035686', '1348035686', '1348035686', '1', '1', '1', '0', '0', '1348035686', '46.127.25.132', '1', '1', '1', '1', '1348005600', '1348005600', '0', '');
INSERT INTO `contrexx_module_mediadir_entries` (`id`, `order`, `form_id`, `create_date`, `update_date`, `validate_date`, `added_by`, `updated_by`, `lang_id`, `hits`, `popular_hits`, `popular_date`, `last_ip`, `ready_to_confirm`, `confirmed`, `active`, `duration_type`, `duration_start`, `duration_end`, `duration_notification`, `translation_status`) VALUES ('400', '0', '23', '1348035629', '1348035629', '1348035629', '1', '1', '1', '0', '0', '1348035629', '46.127.25.132', '1', '1', '1', '1', '1348005600', '1348005600', '0', '');
INSERT INTO `contrexx_module_mediadir_entries` (`id`, `order`, `form_id`, `create_date`, `update_date`, `validate_date`, `added_by`, `updated_by`, `lang_id`, `hits`, `popular_hits`, `popular_date`, `last_ip`, `ready_to_confirm`, `confirmed`, `active`, `duration_type`, `duration_start`, `duration_end`, `duration_notification`, `translation_status`) VALUES ('401', '0', '23', '1348035655', '1348035655', '1348035655', '1', '1', '1', '0', '0', '1348035655', '46.127.25.132', '1', '1', '1', '1', '1348005600', '1348005600', '0', '');
INSERT INTO `contrexx_module_mediadir_entries` (`id`, `order`, `form_id`, `create_date`, `update_date`, `validate_date`, `added_by`, `updated_by`, `lang_id`, `hits`, `popular_hits`, `popular_date`, `last_ip`, `ready_to_confirm`, `confirmed`, `active`, `duration_type`, `duration_start`, `duration_end`, `duration_notification`, `translation_status`) VALUES ('403', '0', '24', '1348035826', '1348050141', '1348035826', '1', '1', '1', '1', '1', '1357858800', '46.127.25.186', '1', '1', '1', '1', '1348005600', '1348005600', '0', '');

INSERT INTO `contrexx_module_mediadir_forms` (`id`, `order`, `picture`, `active`, `use_level`, `use_category`, `use_ready_to_confirm`, `cmd`) VALUES ('24', '99', '/images/MediaDir/uploads/referenzen.jpg', '1', '1', '1', '0', 'referenzen');
INSERT INTO `contrexx_module_mediadir_forms` (`id`, `order`, `picture`, `active`, `use_level`, `use_category`, `use_ready_to_confirm`, `cmd`) VALUES ('23', '99', '/images/MediaDir/uploads/team.jpg', '1', '1', '1', '0', 'team');

INSERT INTO `contrexx_module_mediadir_form_names` (`lang_id`, `form_id`, `form_name`, `form_description`) VALUES ('3', '23', 'Team', 'Die Mitarbeiter von MaxMuster AG');
INSERT INTO `contrexx_module_mediadir_form_names` (`lang_id`, `form_id`, `form_name`, `form_description`) VALUES ('2', '23', 'Team', 'Die Mitarbeiter von MaxMuster AG');
INSERT INTO `contrexx_module_mediadir_form_names` (`lang_id`, `form_id`, `form_name`, `form_description`) VALUES ('1', '23', 'Team', 'Die Mitarbeiter von MaxMuster AG');
INSERT INTO `contrexx_module_mediadir_form_names` (`lang_id`, `form_id`, `form_name`, `form_description`) VALUES ('3', '24', 'Referenzen', 'Die Referenzen von MaxMuster AG');
INSERT INTO `contrexx_module_mediadir_form_names` (`lang_id`, `form_id`, `form_name`, `form_description`) VALUES ('2', '24', 'Referenzen', 'Die Referenzen von MaxMuster AG');
INSERT INTO `contrexx_module_mediadir_form_names` (`lang_id`, `form_id`, `form_name`, `form_description`) VALUES ('1', '24', 'Referenzen', 'Die Referenzen von MaxMuster AG');

INSERT INTO `contrexx_module_mediadir_inputfields` (`id`, `form`, `type`, `verification`, `search`, `required`, `order`, `show_in`, `context_type`) VALUES ('180', '24', '8', '1', '0', '0', '9', '1', '');
INSERT INTO `contrexx_module_mediadir_inputfields` (`id`, `form`, `type`, `verification`, `search`, `required`, `order`, `show_in`, `context_type`) VALUES ('175', '24', '2', '1', '0', '0', '8', '1', '');
INSERT INTO `contrexx_module_mediadir_inputfields` (`id`, `form`, `type`, `verification`, `search`, `required`, `order`, `show_in`, `context_type`) VALUES ('176', '24', '2', '1', '0', '0', '7', '1', '');
INSERT INTO `contrexx_module_mediadir_inputfields` (`id`, `form`, `type`, `verification`, `search`, `required`, `order`, `show_in`, `context_type`) VALUES ('178', '24', '2', '1', '0', '0', '6', '1', '');
INSERT INTO `contrexx_module_mediadir_inputfields` (`id`, `form`, `type`, `verification`, `search`, `required`, `order`, `show_in`, `context_type`) VALUES ('179', '24', '1', '3', '0', '0', '5', '1', '');
INSERT INTO `contrexx_module_mediadir_inputfields` (`id`, `form`, `type`, `verification`, `search`, `required`, `order`, `show_in`, `context_type`) VALUES ('177', '24', '1', '1', '0', '0', '4', '1', '');
INSERT INTO `contrexx_module_mediadir_inputfields` (`id`, `form`, `type`, `verification`, `search`, `required`, `order`, `show_in`, `context_type`) VALUES ('174', '24', '1', '1', '0', '0', '3', '1', '');
INSERT INTO `contrexx_module_mediadir_inputfields` (`id`, `form`, `type`, `verification`, `search`, `required`, `order`, `show_in`, `context_type`) VALUES ('173', '24', '1', '1', '0', '0', '2', '1', '');
INSERT INTO `contrexx_module_mediadir_inputfields` (`id`, `form`, `type`, `verification`, `search`, `required`, `order`, `show_in`, `context_type`) VALUES ('171', '23', '8', '1', '0', '0', '7', '1', '');
INSERT INTO `contrexx_module_mediadir_inputfields` (`id`, `form`, `type`, `verification`, `search`, `required`, `order`, `show_in`, `context_type`) VALUES ('170', '23', '2', '1', '0', '0', '6', '1', '');
INSERT INTO `contrexx_module_mediadir_inputfields` (`id`, `form`, `type`, `verification`, `search`, `required`, `order`, `show_in`, `context_type`) VALUES ('169', '23', '1', '5', '0', '0', '5', '1', '');
INSERT INTO `contrexx_module_mediadir_inputfields` (`id`, `form`, `type`, `verification`, `search`, `required`, `order`, `show_in`, `context_type`) VALUES ('172', '23', '1', '1', '0', '0', '4', '1', '');
INSERT INTO `contrexx_module_mediadir_inputfields` (`id`, `form`, `type`, `verification`, `search`, `required`, `order`, `show_in`, `context_type`) VALUES ('168', '23', '1', '1', '0', '0', '3', '1', '');
INSERT INTO `contrexx_module_mediadir_inputfields` (`id`, `form`, `type`, `verification`, `search`, `required`, `order`, `show_in`, `context_type`) VALUES ('167', '23', '1', '1', '0', '0', '2', '1', '');

INSERT INTO `contrexx_module_mediadir_inputfield_names` (`lang_id`, `form_id`, `field_id`, `field_name`, `field_default_value`, `field_info`) VALUES ('3', '24', '180', 'Logo', '', '');
INSERT INTO `contrexx_module_mediadir_inputfield_names` (`lang_id`, `form_id`, `field_id`, `field_name`, `field_default_value`, `field_info`) VALUES ('2', '24', '180', 'Logo', '', '');
INSERT INTO `contrexx_module_mediadir_inputfield_names` (`lang_id`, `form_id`, `field_id`, `field_name`, `field_default_value`, `field_info`) VALUES ('1', '24', '180', 'Logo', '', '');
INSERT INTO `contrexx_module_mediadir_inputfield_names` (`lang_id`, `form_id`, `field_id`, `field_name`, `field_default_value`, `field_info`) VALUES ('3', '24', '175', 'Meinung', '', '');
INSERT INTO `contrexx_module_mediadir_inputfield_names` (`lang_id`, `form_id`, `field_id`, `field_name`, `field_default_value`, `field_info`) VALUES ('2', '24', '175', 'Meinung', '', '');
INSERT INTO `contrexx_module_mediadir_inputfield_names` (`lang_id`, `form_id`, `field_id`, `field_name`, `field_default_value`, `field_info`) VALUES ('1', '24', '175', 'Meinung des Kunden', '', '');
INSERT INTO `contrexx_module_mediadir_inputfield_names` (`lang_id`, `form_id`, `field_id`, `field_name`, `field_default_value`, `field_info`) VALUES ('3', '24', '176', 'Projektbeschrieb', '', '');
INSERT INTO `contrexx_module_mediadir_inputfield_names` (`lang_id`, `form_id`, `field_id`, `field_name`, `field_default_value`, `field_info`) VALUES ('2', '24', '176', 'Projektbeschrieb', '', '');
INSERT INTO `contrexx_module_mediadir_inputfield_names` (`lang_id`, `form_id`, `field_id`, `field_name`, `field_default_value`, `field_info`) VALUES ('1', '24', '176', 'Projektbeschrieb', '', '');
INSERT INTO `contrexx_module_mediadir_inputfield_names` (`lang_id`, `form_id`, `field_id`, `field_name`, `field_default_value`, `field_info`) VALUES ('3', '24', '178', 'Leistungen', '', '');
INSERT INTO `contrexx_module_mediadir_inputfield_names` (`lang_id`, `form_id`, `field_id`, `field_name`, `field_default_value`, `field_info`) VALUES ('2', '24', '178', 'Leistungen', '', '');
INSERT INTO `contrexx_module_mediadir_inputfield_names` (`lang_id`, `form_id`, `field_id`, `field_name`, `field_default_value`, `field_info`) VALUES ('1', '24', '178', 'Leistungen', '', '');
INSERT INTO `contrexx_module_mediadir_inputfield_names` (`lang_id`, `form_id`, `field_id`, `field_name`, `field_default_value`, `field_info`) VALUES ('3', '24', '179', 'Website', '', '');
INSERT INTO `contrexx_module_mediadir_inputfield_names` (`lang_id`, `form_id`, `field_id`, `field_name`, `field_default_value`, `field_info`) VALUES ('2', '24', '179', 'Website', '', '');
INSERT INTO `contrexx_module_mediadir_inputfield_names` (`lang_id`, `form_id`, `field_id`, `field_name`, `field_default_value`, `field_info`) VALUES ('1', '24', '179', 'Website', '', '');
INSERT INTO `contrexx_module_mediadir_inputfield_names` (`lang_id`, `form_id`, `field_id`, `field_name`, `field_default_value`, `field_info`) VALUES ('3', '24', '177', 'Realisiert im', '', '');
INSERT INTO `contrexx_module_mediadir_inputfield_names` (`lang_id`, `form_id`, `field_id`, `field_name`, `field_default_value`, `field_info`) VALUES ('2', '24', '177', 'Realisiert im', '', '');
INSERT INTO `contrexx_module_mediadir_inputfield_names` (`lang_id`, `form_id`, `field_id`, `field_name`, `field_default_value`, `field_info`) VALUES ('1', '24', '177', 'Realisiert im', '', '');
INSERT INTO `contrexx_module_mediadir_inputfield_names` (`lang_id`, `form_id`, `field_id`, `field_name`, `field_default_value`, `field_info`) VALUES ('3', '24', '174', 'Projekt', '', '');
INSERT INTO `contrexx_module_mediadir_inputfield_names` (`lang_id`, `form_id`, `field_id`, `field_name`, `field_default_value`, `field_info`) VALUES ('2', '24', '174', 'Projekt', '', '');
INSERT INTO `contrexx_module_mediadir_inputfield_names` (`lang_id`, `form_id`, `field_id`, `field_name`, `field_default_value`, `field_info`) VALUES ('1', '24', '174', 'Projekt', '', '');
INSERT INTO `contrexx_module_mediadir_inputfield_names` (`lang_id`, `form_id`, `field_id`, `field_name`, `field_default_value`, `field_info`) VALUES ('3', '24', '173', 'Firma', '', '');
INSERT INTO `contrexx_module_mediadir_inputfield_names` (`lang_id`, `form_id`, `field_id`, `field_name`, `field_default_value`, `field_info`) VALUES ('2', '24', '173', 'Firma', '', '');
INSERT INTO `contrexx_module_mediadir_inputfield_names` (`lang_id`, `form_id`, `field_id`, `field_name`, `field_default_value`, `field_info`) VALUES ('1', '24', '173', 'Firma', '', '');
INSERT INTO `contrexx_module_mediadir_inputfield_names` (`lang_id`, `form_id`, `field_id`, `field_name`, `field_default_value`, `field_info`) VALUES ('3', '23', '171', 'Bild', '', '');
INSERT INTO `contrexx_module_mediadir_inputfield_names` (`lang_id`, `form_id`, `field_id`, `field_name`, `field_default_value`, `field_info`) VALUES ('2', '23', '171', 'Bild', '', '');
INSERT INTO `contrexx_module_mediadir_inputfield_names` (`lang_id`, `form_id`, `field_id`, `field_name`, `field_default_value`, `field_info`) VALUES ('1', '23', '171', 'Bild', '', '');
INSERT INTO `contrexx_module_mediadir_inputfield_names` (`lang_id`, `form_id`, `field_id`, `field_name`, `field_default_value`, `field_info`) VALUES ('3', '23', '170', 'Freizeitbeschäftigungen', '', '');
INSERT INTO `contrexx_module_mediadir_inputfield_names` (`lang_id`, `form_id`, `field_id`, `field_name`, `field_default_value`, `field_info`) VALUES ('2', '23', '170', 'Freizeitbeschäftigungen', '', '');
INSERT INTO `contrexx_module_mediadir_inputfield_names` (`lang_id`, `form_id`, `field_id`, `field_name`, `field_default_value`, `field_info`) VALUES ('1', '23', '170', 'Freizeitbeschäftigungen', '', '');
INSERT INTO `contrexx_module_mediadir_inputfield_names` (`lang_id`, `form_id`, `field_id`, `field_name`, `field_default_value`, `field_info`) VALUES ('3', '23', '169', 'Bei MaxMuster AG seit', '', '');
INSERT INTO `contrexx_module_mediadir_inputfield_names` (`lang_id`, `form_id`, `field_id`, `field_name`, `field_default_value`, `field_info`) VALUES ('2', '23', '169', 'Bei MaxMuster AG seit', '', '');
INSERT INTO `contrexx_module_mediadir_inputfield_names` (`lang_id`, `form_id`, `field_id`, `field_name`, `field_default_value`, `field_info`) VALUES ('1', '23', '169', 'Bei MaxMuster AG seit', '', '');
INSERT INTO `contrexx_module_mediadir_inputfield_names` (`lang_id`, `form_id`, `field_id`, `field_name`, `field_default_value`, `field_info`) VALUES ('3', '23', '172', 'Angestellt als', '', '');
INSERT INTO `contrexx_module_mediadir_inputfield_names` (`lang_id`, `form_id`, `field_id`, `field_name`, `field_default_value`, `field_info`) VALUES ('2', '23', '172', 'Angestellt als', '', '');
INSERT INTO `contrexx_module_mediadir_inputfield_names` (`lang_id`, `form_id`, `field_id`, `field_name`, `field_default_value`, `field_info`) VALUES ('1', '23', '172', 'Angestellt als', '', '');
INSERT INTO `contrexx_module_mediadir_inputfield_names` (`lang_id`, `form_id`, `field_id`, `field_name`, `field_default_value`, `field_info`) VALUES ('3', '23', '168', 'Name', '', '');
INSERT INTO `contrexx_module_mediadir_inputfield_names` (`lang_id`, `form_id`, `field_id`, `field_name`, `field_default_value`, `field_info`) VALUES ('2', '23', '168', 'Name', '', '');
INSERT INTO `contrexx_module_mediadir_inputfield_names` (`lang_id`, `form_id`, `field_id`, `field_name`, `field_default_value`, `field_info`) VALUES ('1', '23', '168', 'Name', '', '');
INSERT INTO `contrexx_module_mediadir_inputfield_names` (`lang_id`, `form_id`, `field_id`, `field_name`, `field_default_value`, `field_info`) VALUES ('3', '23', '167', 'Vorname', '', '');
INSERT INTO `contrexx_module_mediadir_inputfield_names` (`lang_id`, `form_id`, `field_id`, `field_name`, `field_default_value`, `field_info`) VALUES ('2', '23', '167', 'Vorname', '', '');
INSERT INTO `contrexx_module_mediadir_inputfield_names` (`lang_id`, `form_id`, `field_id`, `field_name`, `field_default_value`, `field_info`) VALUES ('1', '23', '167', 'Vorname', '', '');

INSERT INTO `contrexx_module_mediadir_inputfield_types` (`id`, `name`, `active`, `multi_lang`, `exp_search`, `dynamic`, `comment`) VALUES ('1', 'text', '1', '1', '1', '0', '');
INSERT INTO `contrexx_module_mediadir_inputfield_types` (`id`, `name`, `active`, `multi_lang`, `exp_search`, `dynamic`, `comment`) VALUES ('2', 'textarea', '1', '1', '1', '0', '');
INSERT INTO `contrexx_module_mediadir_inputfield_types` (`id`, `name`, `active`, `multi_lang`, `exp_search`, `dynamic`, `comment`) VALUES ('3', 'dropdown', '1', '0', '1', '0', '');
INSERT INTO `contrexx_module_mediadir_inputfield_types` (`id`, `name`, `active`, `multi_lang`, `exp_search`, `dynamic`, `comment`) VALUES ('4', 'radio', '1', '0', '1', '0', '');
INSERT INTO `contrexx_module_mediadir_inputfield_types` (`id`, `name`, `active`, `multi_lang`, `exp_search`, `dynamic`, `comment`) VALUES ('5', 'checkbox', '1', '0', '0', '0', '');
INSERT INTO `contrexx_module_mediadir_inputfield_types` (`id`, `name`, `active`, `multi_lang`, `exp_search`, `dynamic`, `comment`) VALUES ('7', 'file', '1', '0', '0', '0', '');
INSERT INTO `contrexx_module_mediadir_inputfield_types` (`id`, `name`, `active`, `multi_lang`, `exp_search`, `dynamic`, `comment`) VALUES ('8', 'image', '1', '0', '0', '0', '');
INSERT INTO `contrexx_module_mediadir_inputfield_types` (`id`, `name`, `active`, `multi_lang`, `exp_search`, `dynamic`, `comment`) VALUES ('9', 'gallery', '0', '0', '0', '0', 'not yet developed');
INSERT INTO `contrexx_module_mediadir_inputfield_types` (`id`, `name`, `active`, `multi_lang`, `exp_search`, `dynamic`, `comment`) VALUES ('10', 'podcast', '0', '0', '0', '0', 'not yet developed');
INSERT INTO `contrexx_module_mediadir_inputfield_types` (`id`, `name`, `active`, `multi_lang`, `exp_search`, `dynamic`, `comment`) VALUES ('11', 'classification', '1', '0', '1', '0', '');
INSERT INTO `contrexx_module_mediadir_inputfield_types` (`id`, `name`, `active`, `multi_lang`, `exp_search`, `dynamic`, `comment`) VALUES ('12', 'link', '1', '0', '0', '0', '');
INSERT INTO `contrexx_module_mediadir_inputfield_types` (`id`, `name`, `active`, `multi_lang`, `exp_search`, `dynamic`, `comment`) VALUES ('13', 'linkGroup', '1', '0', '0', '0', '');
INSERT INTO `contrexx_module_mediadir_inputfield_types` (`id`, `name`, `active`, `multi_lang`, `exp_search`, `dynamic`, `comment`) VALUES ('14', 'rss', '0', '0', '0', '0', 'not yet developed');
INSERT INTO `contrexx_module_mediadir_inputfield_types` (`id`, `name`, `active`, `multi_lang`, `exp_search`, `dynamic`, `comment`) VALUES ('15', 'googleMap', '1', '0', '0', '0', '');
INSERT INTO `contrexx_module_mediadir_inputfield_types` (`id`, `name`, `active`, `multi_lang`, `exp_search`, `dynamic`, `comment`) VALUES ('16', 'addStep', '0', '0', '0', '0', '');
INSERT INTO `contrexx_module_mediadir_inputfield_types` (`id`, `name`, `active`, `multi_lang`, `exp_search`, `dynamic`, `comment`) VALUES ('17', 'fieldGroup', '0', '0', '0', '0', 'not yet developed');
INSERT INTO `contrexx_module_mediadir_inputfield_types` (`id`, `name`, `active`, `multi_lang`, `exp_search`, `dynamic`, `comment`) VALUES ('18', 'label', '0', '0', '0', '0', 'not yet developed');
INSERT INTO `contrexx_module_mediadir_inputfield_types` (`id`, `name`, `active`, `multi_lang`, `exp_search`, `dynamic`, `comment`) VALUES ('19', 'wysiwyg', '1', '1', '0', '0', '');
INSERT INTO `contrexx_module_mediadir_inputfield_types` (`id`, `name`, `active`, `multi_lang`, `exp_search`, `dynamic`, `comment`) VALUES ('20', 'mail', '1', '0', '0', '0', '');
INSERT INTO `contrexx_module_mediadir_inputfield_types` (`id`, `name`, `active`, `multi_lang`, `exp_search`, `dynamic`, `comment`) VALUES ('21', 'googleWeather', '1', '0', '0', '0', '');
INSERT INTO `contrexx_module_mediadir_inputfield_types` (`id`, `name`, `active`, `multi_lang`, `exp_search`, `dynamic`, `comment`) VALUES ('22', 'relation', '0', '0', '0', '0', 'developed for OSEC (unstable)');
INSERT INTO `contrexx_module_mediadir_inputfield_types` (`id`, `name`, `active`, `multi_lang`, `exp_search`, `dynamic`, `comment`) VALUES ('23', 'relation_group', '0', '0', '0', '0', 'developed for OSEC (unstable)');
INSERT INTO `contrexx_module_mediadir_inputfield_types` (`id`, `name`, `active`, `multi_lang`, `exp_search`, `dynamic`, `comment`) VALUES ('24', 'accounts', '0', '0', '0', '0', 'developed for OSEC (unstable)');
INSERT INTO `contrexx_module_mediadir_inputfield_types` (`id`, `name`, `active`, `multi_lang`, `exp_search`, `dynamic`, `comment`) VALUES ('25', 'country', '1', '0', '0', '0', '');
INSERT INTO `contrexx_module_mediadir_inputfield_types` (`id`, `name`, `active`, `multi_lang`, `exp_search`, `dynamic`, `comment`) VALUES ('26', 'productAttributes', '0', '0', '1', '0', '');
INSERT INTO `contrexx_module_mediadir_inputfield_types` (`id`, `name`, `active`, `multi_lang`, `exp_search`, `dynamic`, `comment`) VALUES ('27', 'downloads', '0', '1', '0', '1', 'developed for CADexchange.ch (unstable)');
INSERT INTO `contrexx_module_mediadir_inputfield_types` (`id`, `name`, `active`, `multi_lang`, `exp_search`, `dynamic`, `comment`) VALUES ('28', 'responsibles', '0', '1', '0', '1', 'developed for CADexchange.ch (unstable)');
INSERT INTO `contrexx_module_mediadir_inputfield_types` (`id`, `name`, `active`, `multi_lang`, `exp_search`, `dynamic`, `comment`) VALUES ('29', 'references', '0', '1', '0', '1', 'developed for CADexchange.ch (unstable)');
INSERT INTO `contrexx_module_mediadir_inputfield_types` (`id`, `name`, `active`, `multi_lang`, `exp_search`, `dynamic`, `comment`) VALUES ('30', 'title', '0', '0', '0', '0', 'developed for CADexchange.ch (unstable)');

INSERT INTO `contrexx_module_mediadir_inputfield_verifications` (`id`, `name`, `regex`) VALUES ('1', 'normal', '.*');
INSERT INTO `contrexx_module_mediadir_inputfield_verifications` (`id`, `name`, `regex`) VALUES ('2', 'e-mail', '^[a-zäàáâöôüûñéè0-9!\\#\\$\\%\\&\\\'\\*\\+\\/\\=\\?\\^_\\`\\{\\|\\}\\~-]+(?:\\.[a-zäàáâöôüûñéè0-9!\\#\\$\\%\\&\\\'\\*\\+\\/\\=\\?\\^_\\`\\{\\|\\}\\~-]+)*@(?:[a-zäàáâöôüûñéè0-9](?:[a-zäàáâöôüûñéè0-9-]*[a-zäàáâöôüûñéè0-9])?\\.)+[a-z0-9](?:[a-z0-9-]*[a-z0-9])?$');
INSERT INTO `contrexx_module_mediadir_inputfield_verifications` (`id`, `name`, `regex`) VALUES ('3', 'url', '^(?:(?:ht|f)tps?\\:\\/\\/)?((([\\wÄÀÁÂÖÔÜÛÑÉÈäàáâöôüûñéè\\d-]{1,}\\.)+[a-z]{2,})|((?:(?:25[0-5]|2[0-4]\\d|[01]\\d\\d|\\d?\\d)(?:(\\.?\\d)\\.)) {4}))(?:[\\w\\d]+)?(\\/[\\w\\d\\-\\.\\?\\,\\\'\\/\\\\\\+\\&\\%\\$\\#\\=\\~]*)?$');
INSERT INTO `contrexx_module_mediadir_inputfield_verifications` (`id`, `name`, `regex`) VALUES ('4', 'letters', '^[A-Za-zÄÀÁÂÖÔÜÛÑÉÈäàáâöôüûñéè\\ ]*[A-Za-zÄÀÁÂÖÔÜÛÑÉÈäàáâöôüûñéè]+[A-Za-zÄÀÁÂÖÔÜÛÑÉÈäàáâöôüûñéè\\ ]*$');
INSERT INTO `contrexx_module_mediadir_inputfield_verifications` (`id`, `name`, `regex`) VALUES ('5', 'numbers', '^[0-9]*$');

INSERT INTO `contrexx_module_mediadir_levels` (`id`, `parent_id`, `order`, `show_sublevels`, `show_categories`, `show_entries`, `picture`, `active`) VALUES ('30', '0', '0', '0', '1', '1', '/images/MediaDir/uploads/team.jpg', '1');
INSERT INTO `contrexx_module_mediadir_levels` (`id`, `parent_id`, `order`, `show_sublevels`, `show_categories`, `show_entries`, `picture`, `active`) VALUES ('31', '0', '0', '0', '1', '1', '/images/MediaDir/uploads/referenzen.jpg', '1');

INSERT INTO `contrexx_module_mediadir_level_names` (`lang_id`, `level_id`, `level_name`, `level_description`) VALUES ('3', '30', 'Team', 'Die Mitarbeiter von MaxMusterAG');
INSERT INTO `contrexx_module_mediadir_level_names` (`lang_id`, `level_id`, `level_name`, `level_description`) VALUES ('1', '30', 'Team', 'Die Mitarbeiter von MaxMusterAG');
INSERT INTO `contrexx_module_mediadir_level_names` (`lang_id`, `level_id`, `level_name`, `level_description`) VALUES ('3', '31', 'Referenzen', 'Die Referenzen von MaxMuster AG');
INSERT INTO `contrexx_module_mediadir_level_names` (`lang_id`, `level_id`, `level_name`, `level_description`) VALUES ('2', '31', 'Referenzen', 'Die Referenzen von MaxMuster AG');
INSERT INTO `contrexx_module_mediadir_level_names` (`lang_id`, `level_id`, `level_name`, `level_description`) VALUES ('2', '30', 'Team', 'Die Mitarbeiter von MaxMusterAG');
INSERT INTO `contrexx_module_mediadir_level_names` (`lang_id`, `level_id`, `level_name`, `level_description`) VALUES ('1', '31', 'Referenzen', 'Die Referenzen von MaxMuster AG');

INSERT INTO `contrexx_module_mediadir_mails` (`id`, `title`, `content`, `recipients`, `lang_id`, `action_id`, `is_default`, `active`) VALUES ('19', '[[URL]] - Eintrag erfolgreich eingetragen', 'Hallo [[FIRSTNAME]] [[LASTNAME]] ([[USERNAME]])\r\n\r\nIhr Eintrag mit dem Titel \"[[TITLE]]\" wurde auf [[URL]] erfolgreich eingetragen. \r\n\r\n\r\nFreundliche Grüsse\r\nIhr [[URL]]-Team\r\n\r\n-- \r\nDiese Nachricht wurde am [[DATE]] automatisch von Contrexx auf http://[[URL]] generiert.', '', '1', '2', '1', '0');
INSERT INTO `contrexx_module_mediadir_mails` (`id`, `title`, `content`, `recipients`, `lang_id`, `action_id`, `is_default`, `active`) VALUES ('20', '[[URL]] - Ihr Eintrag wurde aufgeschaltet', 'Guten Tag,\r\n\r\nIhr Eintrag \"[[TITLE]]\" wurde geprüft und ist ab sofort einsehbar.\r\n\r\nBenutzen Sie folgenden Link um direkt zu ihrem Eintrag zu gelangen:\r\n[[LINK]]\r\n\r\n\r\nFreundliche Grüsse\r\nIhr [[URL]]-Team\r\n\r\n\r\n-- \r\nDiese Nachricht wurde am [[DATE]] automatisch von Contrexx auf http://[[URL]] generiert.', '', '1', '3', '1', '0');
INSERT INTO `contrexx_module_mediadir_mails` (`id`, `title`, `content`, `recipients`, `lang_id`, `action_id`, `is_default`, `active`) VALUES ('21', '[[URL]] - Eintrag wurde bewertet', 'Hallo [[FIRSTNAME]] [[LASTNAME]] ([[USERNAME]])\r\n\r\nZu Ihrem Eintrag mit dem Titel \"[[TITLE]]\" auf [[URL]] wurde eine Bewertung abgegeben. \r\n\r\nBenutzen Sie folgenden Link um direkt zu Ihrem Eintrag zu gelangen:\r\n[[LINK]]\r\n\r\nFreundliche Grüsse\r\nIhr [[URL]]-Team\r\n\r\n-- \r\nDiese Nachricht wurde am [[DATE]] automatisch von Contrexx auf http://[[URL]] generiert.', '', '1', '4', '1', '0');
INSERT INTO `contrexx_module_mediadir_mails` (`id`, `title`, `content`, `recipients`, `lang_id`, `action_id`, `is_default`, `active`) VALUES ('22', '[[URL]] - Eintrag erfolgreich gelöscht', 'Hallo [[FIRSTNAME]] [[LASTNAME]] ([[USERNAME]])\r\n\r\nIhr Eintrag mit dem Titel \"[[TITLE]]\" auf [[URL]] wurde erfolgreich gelöscht. \r\n\r\nFreundliche Grüsse\r\nIhr [[URL]]-Team\r\n\r\n-- \r\nDiese Nachricht wurde am [[DATE]] automatisch von Contrexx auf http://[[URL]] generiert.', '', '1', '5', '1', '0');
INSERT INTO `contrexx_module_mediadir_mails` (`id`, `title`, `content`, `recipients`, `lang_id`, `action_id`, `is_default`, `active`) VALUES ('23', '[[URL]] - Eintrag erfolgreich bearbeitet', 'Hallo [[FIRSTNAME]] [[LASTNAME]] ([[USERNAME]])\r\n\r\nIhr Eintrag mit dem Titel \"[[TITLE]]\" auf [[URL]] wurde erfolgreich bearbeitet. \r\n\r\nBenutzen Sie folgenden Link um direkt zu Ihrem Eintrag zu gelangen:\r\n[[LINK]]\r\n\r\nFreundliche Grüsse\r\n[[URL]]-Team\r\n\r\n-- \r\nDiese Nachricht wurde am [[DATE]] automatisch von Contrexx auf http://[[URL]] generiert.', '', '1', '6', '1', '0');
INSERT INTO `contrexx_module_mediadir_mails` (`id`, `title`, `content`, `recipients`, `lang_id`, `action_id`, `is_default`, `active`) VALUES ('24', '[[URL]] - Neuer Kommentar hinzugefügt', 'Hallo [[FIRSTNAME]] [[LASTNAME]] ([[USERNAME]])\r\n\r\nZu Ihrem Eintrag mit dem Titel \"[[TITLE]]\" auf [[URL]] wurde ein neuer Kommentar hinzugefügt. \r\n\r\nBenutzen Sie folgenden Link um direkt zu Ihrem Eintrag zu gelangen:\r\n[[LINK]]\r\n\r\nFreundliche Grüsse\r\nIhr [[URL]]-Team\r\n\r\n\r\n-- \r\nDiese Nachricht wurde am [[DATE]] automatisch von Contrexx auf http://[[URL]] generiert.', '', '1', '8', '1', '0');
INSERT INTO `contrexx_module_mediadir_mails` (`id`, `title`, `content`, `recipients`, `lang_id`, `action_id`, `is_default`, `active`) VALUES ('32', '[[URL]] - Neuer Eintrag zur Prüfung freigegeben', 'Guten Tag,\r\n\r\nAuf http://[[URL]] wurde ein neuer Eintrag mit dem Titel \"[[TITLE]]\" erfasst. Bitte prüfen Sie diesen und geben Sie ihn gegebenenfalls frei.\r\n\r\n\r\n-- \r\nDiese Nachricht wurde am [[DATE]] automatisch von Contrexx auf http://[[URL]] generiert.', '', '1', '1', '1', '0');
INSERT INTO `contrexx_module_mediadir_mails` (`id`, `title`, `content`, `recipients`, `lang_id`, `action_id`, `is_default`, `active`) VALUES ('33', '[[URL]] - Die Anzeigedauer eines Eintrages läuft ab', 'Hallo Admin\r\n\r\nAuf [[URL]] läuft in Kürze die Anzeigedauer des Eintrages \"[[TITLE]]\" ab.\r\n\r\nFreundliche Grüsse\r\nIhr [[URL]]-Team\r\n\r\n-- \r\nDiese Nachricht wurde am [[DATE]] automatisch von Contrexx auf http://[[URL]] generiert.', '', '1', '9', '1', '0');

INSERT INTO `contrexx_module_mediadir_mail_actions` (`id`, `name`, `default_recipient`, `need_auth`) VALUES ('1', 'newEntry', 'admin', '0');
INSERT INTO `contrexx_module_mediadir_mail_actions` (`id`, `name`, `default_recipient`, `need_auth`) VALUES ('2', 'entryAdded', 'author', '1');
INSERT INTO `contrexx_module_mediadir_mail_actions` (`id`, `name`, `default_recipient`, `need_auth`) VALUES ('3', 'entryConfirmed', 'author', '1');
INSERT INTO `contrexx_module_mediadir_mail_actions` (`id`, `name`, `default_recipient`, `need_auth`) VALUES ('4', 'entryVoted', 'author', '1');
INSERT INTO `contrexx_module_mediadir_mail_actions` (`id`, `name`, `default_recipient`, `need_auth`) VALUES ('5', 'entryDeleted', 'author', '1');
INSERT INTO `contrexx_module_mediadir_mail_actions` (`id`, `name`, `default_recipient`, `need_auth`) VALUES ('6', 'entryEdited', 'author', '1');
INSERT INTO `contrexx_module_mediadir_mail_actions` (`id`, `name`, `default_recipient`, `need_auth`) VALUES ('8', 'newComment', 'author', '1');
INSERT INTO `contrexx_module_mediadir_mail_actions` (`id`, `name`, `default_recipient`, `need_auth`) VALUES ('9', 'notificationDisplayduration', 'admin', '0');

INSERT INTO `contrexx_module_mediadir_order_rel_forms_selectors` (`selector_id`, `form_id`, `selector_order`, `exp_search`) VALUES ('10', '24', '1', '1');
INSERT INTO `contrexx_module_mediadir_order_rel_forms_selectors` (`selector_id`, `form_id`, `selector_order`, `exp_search`) VALUES ('9', '24', '0', '1');
INSERT INTO `contrexx_module_mediadir_order_rel_forms_selectors` (`selector_id`, `form_id`, `selector_order`, `exp_search`) VALUES ('9', '23', '0', '1');
INSERT INTO `contrexx_module_mediadir_order_rel_forms_selectors` (`selector_id`, `form_id`, `selector_order`, `exp_search`) VALUES ('10', '23', '1', '1');

INSERT INTO `contrexx_module_mediadir_rel_entry_categories` (`entry_id`, `category_id`) VALUES ('401', '177');
INSERT INTO `contrexx_module_mediadir_rel_entry_categories` (`entry_id`, `category_id`) VALUES ('402', '176');
INSERT INTO `contrexx_module_mediadir_rel_entry_categories` (`entry_id`, `category_id`) VALUES ('400', '178');
INSERT INTO `contrexx_module_mediadir_rel_entry_categories` (`entry_id`, `category_id`) VALUES ('403', '179');
INSERT INTO `contrexx_module_mediadir_rel_entry_categories` (`entry_id`, `category_id`) VALUES ('405', '179');
INSERT INTO `contrexx_module_mediadir_rel_entry_categories` (`entry_id`, `category_id`) VALUES ('404', '179');

INSERT INTO `contrexx_module_mediadir_rel_entry_inputfields` (`entry_id`, `lang_id`, `form_id`, `field_id`, `value`) VALUES ('405', '1', '24', '180', '/images/MediaDir/uploads/contrexx.png');
INSERT INTO `contrexx_module_mediadir_rel_entry_inputfields` (`entry_id`, `lang_id`, `form_id`, `field_id`, `value`) VALUES ('405', '3', '24', '179', 'www.contrexx.com');
INSERT INTO `contrexx_module_mediadir_rel_entry_inputfields` (`entry_id`, `lang_id`, `form_id`, `field_id`, `value`) VALUES ('405', '2', '24', '179', 'www.contrexx.com');
INSERT INTO `contrexx_module_mediadir_rel_entry_inputfields` (`entry_id`, `lang_id`, `form_id`, `field_id`, `value`) VALUES ('405', '1', '24', '179', 'www.contrexx.com');
INSERT INTO `contrexx_module_mediadir_rel_entry_inputfields` (`entry_id`, `lang_id`, `form_id`, `field_id`, `value`) VALUES ('405', '3', '24', '178', 'A5 und A4 Flyer');
INSERT INTO `contrexx_module_mediadir_rel_entry_inputfields` (`entry_id`, `lang_id`, `form_id`, `field_id`, `value`) VALUES ('405', '2', '24', '178', 'A5 und A4 Flyer');
INSERT INTO `contrexx_module_mediadir_rel_entry_inputfields` (`entry_id`, `lang_id`, `form_id`, `field_id`, `value`) VALUES ('405', '1', '24', '178', 'A5 und A4 Flyer');
INSERT INTO `contrexx_module_mediadir_rel_entry_inputfields` (`entry_id`, `lang_id`, `form_id`, `field_id`, `value`) VALUES ('405', '3', '24', '177', 'September 2012');
INSERT INTO `contrexx_module_mediadir_rel_entry_inputfields` (`entry_id`, `lang_id`, `form_id`, `field_id`, `value`) VALUES ('405', '2', '24', '177', 'September 2012');
INSERT INTO `contrexx_module_mediadir_rel_entry_inputfields` (`entry_id`, `lang_id`, `form_id`, `field_id`, `value`) VALUES ('405', '1', '24', '177', 'September 2012');
INSERT INTO `contrexx_module_mediadir_rel_entry_inputfields` (`entry_id`, `lang_id`, `form_id`, `field_id`, `value`) VALUES ('405', '3', '24', '176', 'Um Contrexx 3 den Kunden näher zu bringen und vorzustellen, wurden Flyer gedruckt, welche die Vorzüge der neuen Contrexx Version vorstellen. ');
INSERT INTO `contrexx_module_mediadir_rel_entry_inputfields` (`entry_id`, `lang_id`, `form_id`, `field_id`, `value`) VALUES ('405', '2', '24', '176', 'Um Contrexx 3 den Kunden näher zu bringen und vorzustellen, wurden Flyer gedruckt, welche die Vorzüge der neuen Contrexx Version vorstellen. ');
INSERT INTO `contrexx_module_mediadir_rel_entry_inputfields` (`entry_id`, `lang_id`, `form_id`, `field_id`, `value`) VALUES ('405', '1', '24', '176', 'Um Contrexx 3 den Kunden näher zu bringen und vorzustellen, wurden Flyer gedruckt, welche die Vorzüge der neuen Contrexx Version vorstellen. ');
INSERT INTO `contrexx_module_mediadir_rel_entry_inputfields` (`entry_id`, `lang_id`, `form_id`, `field_id`, `value`) VALUES ('405', '3', '24', '175', '\"Die neuen Flyer sind optisch ein Hingucker und auch die Druckqualität ist sehr gut. MaxMuster AG ist nur zu empfehlen.\" - Inhaber');
INSERT INTO `contrexx_module_mediadir_rel_entry_inputfields` (`entry_id`, `lang_id`, `form_id`, `field_id`, `value`) VALUES ('405', '2', '24', '175', '\"Die neuen Flyer sind optisch ein Hingucker und auch die Druckqualität ist sehr gut. MaxMuster AG ist nur zu empfehlen.\" - Inhaber');
INSERT INTO `contrexx_module_mediadir_rel_entry_inputfields` (`entry_id`, `lang_id`, `form_id`, `field_id`, `value`) VALUES ('405', '1', '24', '175', 'Die neuen Flyer sind optisch ein Hingucker und auch die Druckqualität ist sehr gut. MaxMuster AG ist nur zu empfehlen.');
INSERT INTO `contrexx_module_mediadir_rel_entry_inputfields` (`entry_id`, `lang_id`, `form_id`, `field_id`, `value`) VALUES ('405', '3', '24', '174', 'Flyer');
INSERT INTO `contrexx_module_mediadir_rel_entry_inputfields` (`entry_id`, `lang_id`, `form_id`, `field_id`, `value`) VALUES ('405', '2', '24', '174', 'Flyer');
INSERT INTO `contrexx_module_mediadir_rel_entry_inputfields` (`entry_id`, `lang_id`, `form_id`, `field_id`, `value`) VALUES ('405', '1', '24', '174', 'Flyer');
INSERT INTO `contrexx_module_mediadir_rel_entry_inputfields` (`entry_id`, `lang_id`, `form_id`, `field_id`, `value`) VALUES ('405', '3', '24', '173', 'Contrexx');
INSERT INTO `contrexx_module_mediadir_rel_entry_inputfields` (`entry_id`, `lang_id`, `form_id`, `field_id`, `value`) VALUES ('405', '2', '24', '173', 'Contrexx');
INSERT INTO `contrexx_module_mediadir_rel_entry_inputfields` (`entry_id`, `lang_id`, `form_id`, `field_id`, `value`) VALUES ('405', '1', '24', '173', 'Contrexx');
INSERT INTO `contrexx_module_mediadir_rel_entry_inputfields` (`entry_id`, `lang_id`, `form_id`, `field_id`, `value`) VALUES ('404', '1', '24', '180', '/images/MediaDir/uploads/hotelcard.png');
INSERT INTO `contrexx_module_mediadir_rel_entry_inputfields` (`entry_id`, `lang_id`, `form_id`, `field_id`, `value`) VALUES ('404', '3', '24', '179', 'http://www.hotelcard.com');
INSERT INTO `contrexx_module_mediadir_rel_entry_inputfields` (`entry_id`, `lang_id`, `form_id`, `field_id`, `value`) VALUES ('404', '2', '24', '179', 'http://www.hotelcard.com');
INSERT INTO `contrexx_module_mediadir_rel_entry_inputfields` (`entry_id`, `lang_id`, `form_id`, `field_id`, `value`) VALUES ('404', '1', '24', '179', 'http://www.hotelcard.com');
INSERT INTO `contrexx_module_mediadir_rel_entry_inputfields` (`entry_id`, `lang_id`, `form_id`, `field_id`, `value`) VALUES ('404', '3', '24', '178', '- Contrexx CMS\r\n- Hotelmodul');
INSERT INTO `contrexx_module_mediadir_rel_entry_inputfields` (`entry_id`, `lang_id`, `form_id`, `field_id`, `value`) VALUES ('404', '2', '24', '178', '- Contrexx CMS\r\n- Hotelmodul');
INSERT INTO `contrexx_module_mediadir_rel_entry_inputfields` (`entry_id`, `lang_id`, `form_id`, `field_id`, `value`) VALUES ('404', '1', '24', '178', 'Contrexx CMS, Hotelmodul');
INSERT INTO `contrexx_module_mediadir_rel_entry_inputfields` (`entry_id`, `lang_id`, `form_id`, `field_id`, `value`) VALUES ('404', '3', '24', '177', 'Juni 2011');
INSERT INTO `contrexx_module_mediadir_rel_entry_inputfields` (`entry_id`, `lang_id`, `form_id`, `field_id`, `value`) VALUES ('404', '2', '24', '177', 'Juni 2011');
INSERT INTO `contrexx_module_mediadir_rel_entry_inputfields` (`entry_id`, `lang_id`, `form_id`, `field_id`, `value`) VALUES ('404', '1', '24', '177', 'Juni 2011');
INSERT INTO `contrexx_module_mediadir_rel_entry_inputfields` (`entry_id`, `lang_id`, `form_id`, `field_id`, `value`) VALUES ('404', '3', '24', '176', 'Die neu gestylte Website von Hotelcard AG soll noch mehr Kunden auf das tolle Angebot aufmerksam machen.');
INSERT INTO `contrexx_module_mediadir_rel_entry_inputfields` (`entry_id`, `lang_id`, `form_id`, `field_id`, `value`) VALUES ('404', '2', '24', '176', 'Die neu gestylte Website von Hotelcard AG soll noch mehr Kunden auf das tolle Angebot aufmerksam machen.');
INSERT INTO `contrexx_module_mediadir_rel_entry_inputfields` (`entry_id`, `lang_id`, `form_id`, `field_id`, `value`) VALUES ('404', '1', '24', '176', 'Die neu gestylte Website von Hotelcard AG soll noch mehr Kunden auf das tolle Angebot aufmerksam machen.');
INSERT INTO `contrexx_module_mediadir_rel_entry_inputfields` (`entry_id`, `lang_id`, `form_id`, `field_id`, `value`) VALUES ('404', '3', '24', '175', '\"Wir hatten eine super Zusammenarbeit mit MaxMuster AG. Alle unsere Wünsche wurden berücksichtigt und umgesetzt. Wir würden jederzeit wieder mit MaxMuster AG zusammenarbeiten!\"\r\nFabio Bolognese - Geschäftsführer');
INSERT INTO `contrexx_module_mediadir_rel_entry_inputfields` (`entry_id`, `lang_id`, `form_id`, `field_id`, `value`) VALUES ('404', '2', '24', '175', '\"Wir hatten eine super Zusammenarbeit mit MaxMuster AG. Alle unsere Wünsche wurden berücksichtigt und umgesetzt. Wir würden jederzeit wieder mit MaxMuster AG zusammenarbeiten!\"\r\nFabio Bolognese - Geschäftsführer');
INSERT INTO `contrexx_module_mediadir_rel_entry_inputfields` (`entry_id`, `lang_id`, `form_id`, `field_id`, `value`) VALUES ('404', '1', '24', '175', 'Wir hatten eine super Zusammenarbeit mit MaxMuster AG. Alle unsere Wünsche wurden berücksichtigt und umgesetzt. Wir würden jederzeit wieder mit MaxMuster AG zusammenarbeiten.');
INSERT INTO `contrexx_module_mediadir_rel_entry_inputfields` (`entry_id`, `lang_id`, `form_id`, `field_id`, `value`) VALUES ('404', '3', '24', '174', 'neue Website');
INSERT INTO `contrexx_module_mediadir_rel_entry_inputfields` (`entry_id`, `lang_id`, `form_id`, `field_id`, `value`) VALUES ('404', '2', '24', '174', 'neue Website');
INSERT INTO `contrexx_module_mediadir_rel_entry_inputfields` (`entry_id`, `lang_id`, `form_id`, `field_id`, `value`) VALUES ('404', '1', '24', '174', 'neue Website');
INSERT INTO `contrexx_module_mediadir_rel_entry_inputfields` (`entry_id`, `lang_id`, `form_id`, `field_id`, `value`) VALUES ('404', '3', '24', '173', 'Hotelcard AG');
INSERT INTO `contrexx_module_mediadir_rel_entry_inputfields` (`entry_id`, `lang_id`, `form_id`, `field_id`, `value`) VALUES ('404', '2', '24', '173', 'Hotelcard AG');
INSERT INTO `contrexx_module_mediadir_rel_entry_inputfields` (`entry_id`, `lang_id`, `form_id`, `field_id`, `value`) VALUES ('404', '1', '24', '173', 'Hotelcard AG');
INSERT INTO `contrexx_module_mediadir_rel_entry_inputfields` (`entry_id`, `lang_id`, `form_id`, `field_id`, `value`) VALUES ('403', '1', '24', '180', '/images/MediaDir/uploads/comvation.png');
INSERT INTO `contrexx_module_mediadir_rel_entry_inputfields` (`entry_id`, `lang_id`, `form_id`, `field_id`, `value`) VALUES ('403', '3', '24', '179', 'http://www.comvation.com');
INSERT INTO `contrexx_module_mediadir_rel_entry_inputfields` (`entry_id`, `lang_id`, `form_id`, `field_id`, `value`) VALUES ('403', '2', '24', '179', 'http://www.comvation.com');
INSERT INTO `contrexx_module_mediadir_rel_entry_inputfields` (`entry_id`, `lang_id`, `form_id`, `field_id`, `value`) VALUES ('403', '1', '24', '179', 'http://www.comvation.com');
INSERT INTO `contrexx_module_mediadir_rel_entry_inputfields` (`entry_id`, `lang_id`, `form_id`, `field_id`, `value`) VALUES ('403', '3', '24', '178', 'Qualitativ hochwertiger Druck\r\nHochglanz Visitenkarten');
INSERT INTO `contrexx_module_mediadir_rel_entry_inputfields` (`entry_id`, `lang_id`, `form_id`, `field_id`, `value`) VALUES ('403', '2', '24', '178', 'Qualitativ hochwertiger Druck\r\nHochglanz Visitenkarten');
INSERT INTO `contrexx_module_mediadir_rel_entry_inputfields` (`entry_id`, `lang_id`, `form_id`, `field_id`, `value`) VALUES ('403', '1', '24', '178', 'Qualitativ hochwertiger Druck, Hochglanz Visitenkarten');
INSERT INTO `contrexx_module_mediadir_rel_entry_inputfields` (`entry_id`, `lang_id`, `form_id`, `field_id`, `value`) VALUES ('403', '3', '24', '177', 'August 2012');
INSERT INTO `contrexx_module_mediadir_rel_entry_inputfields` (`entry_id`, `lang_id`, `form_id`, `field_id`, `value`) VALUES ('403', '2', '24', '177', 'August 2012');
INSERT INTO `contrexx_module_mediadir_rel_entry_inputfields` (`entry_id`, `lang_id`, `form_id`, `field_id`, `value`) VALUES ('403', '1', '24', '177', 'August 2012');
INSERT INTO `contrexx_module_mediadir_rel_entry_inputfields` (`entry_id`, `lang_id`, `form_id`, `field_id`, `value`) VALUES ('403', '3', '24', '176', 'Visitenkarten gehören zum guten Ton jeder Unternehmung. Vom Team der Comvation AG wurden professionelle Fotos gemacht, um den Visitenkarten eine persönliche Note zu verleihen.');
INSERT INTO `contrexx_module_mediadir_rel_entry_inputfields` (`entry_id`, `lang_id`, `form_id`, `field_id`, `value`) VALUES ('403', '2', '24', '176', 'Visitenkarten gehören zum guten Ton jeder Unternehmung. Vom Team der Comvation AG wurden professionelle Fotos gemacht, um den Visitenkarten eine persönliche Note zu verleihen.');
INSERT INTO `contrexx_module_mediadir_rel_entry_inputfields` (`entry_id`, `lang_id`, `form_id`, `field_id`, `value`) VALUES ('403', '1', '24', '176', 'Visitenkarten gehören zum guten Ton jeder Unternehmung. Vom Team der Comvation AG wurden professionelle Fotos gemacht, um den Visitenkarten eine persönliche Note zu verleihen.');
INSERT INTO `contrexx_module_mediadir_rel_entry_inputfields` (`entry_id`, `lang_id`, `form_id`, `field_id`, `value`) VALUES ('403', '3', '24', '175', '\"Die neuen Visitenkarten gestaltet und produziert von der MaxMuster AG haben unsere Erwartungen übertroffen. Wir sind froh, MaxMuster AG für dieses Projekt gewählt zu haben.\"');
INSERT INTO `contrexx_module_mediadir_rel_entry_inputfields` (`entry_id`, `lang_id`, `form_id`, `field_id`, `value`) VALUES ('403', '2', '24', '175', '\"Die neuen Visitenkarten gestaltet und produziert von der MaxMuster AG haben unsere Erwartungen übertroffen. Wir sind froh, MaxMuster AG für dieses Projekt gewählt zu haben.\"');
INSERT INTO `contrexx_module_mediadir_rel_entry_inputfields` (`entry_id`, `lang_id`, `form_id`, `field_id`, `value`) VALUES ('403', '1', '24', '175', 'Die neuen Visitenkarten gestaltet und produziert von der MaxMuster AG haben unsere Erwartungen übertroffen. Wir sind froh, MaxMuster AG für dieses Projekt gewählt zu haben.');
INSERT INTO `contrexx_module_mediadir_rel_entry_inputfields` (`entry_id`, `lang_id`, `form_id`, `field_id`, `value`) VALUES ('403', '3', '24', '174', 'Visitenkarten und Fotos vom Team');
INSERT INTO `contrexx_module_mediadir_rel_entry_inputfields` (`entry_id`, `lang_id`, `form_id`, `field_id`, `value`) VALUES ('403', '2', '24', '174', 'Visitenkarten und Fotos vom Team');
INSERT INTO `contrexx_module_mediadir_rel_entry_inputfields` (`entry_id`, `lang_id`, `form_id`, `field_id`, `value`) VALUES ('403', '1', '24', '174', 'Visitenkarten und Fotos vom Team');
INSERT INTO `contrexx_module_mediadir_rel_entry_inputfields` (`entry_id`, `lang_id`, `form_id`, `field_id`, `value`) VALUES ('403', '3', '24', '173', 'Comvation AG');
INSERT INTO `contrexx_module_mediadir_rel_entry_inputfields` (`entry_id`, `lang_id`, `form_id`, `field_id`, `value`) VALUES ('403', '2', '24', '173', 'Comvation AG');
INSERT INTO `contrexx_module_mediadir_rel_entry_inputfields` (`entry_id`, `lang_id`, `form_id`, `field_id`, `value`) VALUES ('403', '1', '24', '173', 'Comvation AG');
INSERT INTO `contrexx_module_mediadir_rel_entry_inputfields` (`entry_id`, `lang_id`, `form_id`, `field_id`, `value`) VALUES ('402', '3', '23', '172', 'Sekretärin');
INSERT INTO `contrexx_module_mediadir_rel_entry_inputfields` (`entry_id`, `lang_id`, `form_id`, `field_id`, `value`) VALUES ('402', '2', '23', '172', 'Sekretärin');
INSERT INTO `contrexx_module_mediadir_rel_entry_inputfields` (`entry_id`, `lang_id`, `form_id`, `field_id`, `value`) VALUES ('402', '1', '23', '172', 'Sekretärin');
INSERT INTO `contrexx_module_mediadir_rel_entry_inputfields` (`entry_id`, `lang_id`, `form_id`, `field_id`, `value`) VALUES ('402', '1', '23', '171', '/images/MediaDir/uploads/jessica.jpg');
INSERT INTO `contrexx_module_mediadir_rel_entry_inputfields` (`entry_id`, `lang_id`, `form_id`, `field_id`, `value`) VALUES ('402', '3', '23', '170', 'Volleyball, Schwimmen');
INSERT INTO `contrexx_module_mediadir_rel_entry_inputfields` (`entry_id`, `lang_id`, `form_id`, `field_id`, `value`) VALUES ('402', '2', '23', '170', 'Volleyball, Schwimmen');
INSERT INTO `contrexx_module_mediadir_rel_entry_inputfields` (`entry_id`, `lang_id`, `form_id`, `field_id`, `value`) VALUES ('402', '1', '23', '170', 'Volleyball, Schwimmen');
INSERT INTO `contrexx_module_mediadir_rel_entry_inputfields` (`entry_id`, `lang_id`, `form_id`, `field_id`, `value`) VALUES ('402', '3', '23', '169', '2012');
INSERT INTO `contrexx_module_mediadir_rel_entry_inputfields` (`entry_id`, `lang_id`, `form_id`, `field_id`, `value`) VALUES ('402', '2', '23', '169', '2012');
INSERT INTO `contrexx_module_mediadir_rel_entry_inputfields` (`entry_id`, `lang_id`, `form_id`, `field_id`, `value`) VALUES ('402', '1', '23', '169', '2012');
INSERT INTO `contrexx_module_mediadir_rel_entry_inputfields` (`entry_id`, `lang_id`, `form_id`, `field_id`, `value`) VALUES ('402', '3', '23', '168', 'Parker');
INSERT INTO `contrexx_module_mediadir_rel_entry_inputfields` (`entry_id`, `lang_id`, `form_id`, `field_id`, `value`) VALUES ('402', '2', '23', '168', 'Parker');
INSERT INTO `contrexx_module_mediadir_rel_entry_inputfields` (`entry_id`, `lang_id`, `form_id`, `field_id`, `value`) VALUES ('402', '1', '23', '168', 'Parker');
INSERT INTO `contrexx_module_mediadir_rel_entry_inputfields` (`entry_id`, `lang_id`, `form_id`, `field_id`, `value`) VALUES ('402', '3', '23', '167', 'Jessica');
INSERT INTO `contrexx_module_mediadir_rel_entry_inputfields` (`entry_id`, `lang_id`, `form_id`, `field_id`, `value`) VALUES ('402', '2', '23', '167', 'Jessica');
INSERT INTO `contrexx_module_mediadir_rel_entry_inputfields` (`entry_id`, `lang_id`, `form_id`, `field_id`, `value`) VALUES ('402', '1', '23', '167', 'Jessica');
INSERT INTO `contrexx_module_mediadir_rel_entry_inputfields` (`entry_id`, `lang_id`, `form_id`, `field_id`, `value`) VALUES ('401', '3', '23', '172', 'Entwickler');
INSERT INTO `contrexx_module_mediadir_rel_entry_inputfields` (`entry_id`, `lang_id`, `form_id`, `field_id`, `value`) VALUES ('401', '2', '23', '172', 'Entwickler');
INSERT INTO `contrexx_module_mediadir_rel_entry_inputfields` (`entry_id`, `lang_id`, `form_id`, `field_id`, `value`) VALUES ('401', '1', '23', '172', 'Entwickler');
INSERT INTO `contrexx_module_mediadir_rel_entry_inputfields` (`entry_id`, `lang_id`, `form_id`, `field_id`, `value`) VALUES ('401', '1', '23', '171', '/images/MediaDir/uploads/george.jpg');
INSERT INTO `contrexx_module_mediadir_rel_entry_inputfields` (`entry_id`, `lang_id`, `form_id`, `field_id`, `value`) VALUES ('401', '3', '23', '170', 'Programmieren, Unihockey');
INSERT INTO `contrexx_module_mediadir_rel_entry_inputfields` (`entry_id`, `lang_id`, `form_id`, `field_id`, `value`) VALUES ('401', '2', '23', '170', 'Programmieren, Unihockey');
INSERT INTO `contrexx_module_mediadir_rel_entry_inputfields` (`entry_id`, `lang_id`, `form_id`, `field_id`, `value`) VALUES ('401', '1', '23', '170', 'Programmieren, Unihockey');
INSERT INTO `contrexx_module_mediadir_rel_entry_inputfields` (`entry_id`, `lang_id`, `form_id`, `field_id`, `value`) VALUES ('401', '3', '23', '169', '2000');
INSERT INTO `contrexx_module_mediadir_rel_entry_inputfields` (`entry_id`, `lang_id`, `form_id`, `field_id`, `value`) VALUES ('401', '2', '23', '169', '2000');
INSERT INTO `contrexx_module_mediadir_rel_entry_inputfields` (`entry_id`, `lang_id`, `form_id`, `field_id`, `value`) VALUES ('401', '1', '23', '169', '2000');
INSERT INTO `contrexx_module_mediadir_rel_entry_inputfields` (`entry_id`, `lang_id`, `form_id`, `field_id`, `value`) VALUES ('401', '3', '23', '168', 'Smith');
INSERT INTO `contrexx_module_mediadir_rel_entry_inputfields` (`entry_id`, `lang_id`, `form_id`, `field_id`, `value`) VALUES ('401', '2', '23', '168', 'Smith');
INSERT INTO `contrexx_module_mediadir_rel_entry_inputfields` (`entry_id`, `lang_id`, `form_id`, `field_id`, `value`) VALUES ('401', '1', '23', '168', 'Smith');
INSERT INTO `contrexx_module_mediadir_rel_entry_inputfields` (`entry_id`, `lang_id`, `form_id`, `field_id`, `value`) VALUES ('401', '3', '23', '167', 'George');
INSERT INTO `contrexx_module_mediadir_rel_entry_inputfields` (`entry_id`, `lang_id`, `form_id`, `field_id`, `value`) VALUES ('401', '2', '23', '167', 'George');
INSERT INTO `contrexx_module_mediadir_rel_entry_inputfields` (`entry_id`, `lang_id`, `form_id`, `field_id`, `value`) VALUES ('401', '1', '23', '167', 'George');
INSERT INTO `contrexx_module_mediadir_rel_entry_inputfields` (`entry_id`, `lang_id`, `form_id`, `field_id`, `value`) VALUES ('400', '3', '23', '172', 'Verkäuferin');
INSERT INTO `contrexx_module_mediadir_rel_entry_inputfields` (`entry_id`, `lang_id`, `form_id`, `field_id`, `value`) VALUES ('400', '2', '23', '172', 'Verkäuferin');
INSERT INTO `contrexx_module_mediadir_rel_entry_inputfields` (`entry_id`, `lang_id`, `form_id`, `field_id`, `value`) VALUES ('400', '1', '23', '172', 'Verkäuferin');
INSERT INTO `contrexx_module_mediadir_rel_entry_inputfields` (`entry_id`, `lang_id`, `form_id`, `field_id`, `value`) VALUES ('400', '1', '23', '171', '/images/MediaDir/uploads/emily.jpg');
INSERT INTO `contrexx_module_mediadir_rel_entry_inputfields` (`entry_id`, `lang_id`, `form_id`, `field_id`, `value`) VALUES ('400', '3', '23', '170', 'Kochen, Ski fahren, meine Familie');
INSERT INTO `contrexx_module_mediadir_rel_entry_inputfields` (`entry_id`, `lang_id`, `form_id`, `field_id`, `value`) VALUES ('400', '2', '23', '170', 'Kochen, Ski fahren, meine Familie');
INSERT INTO `contrexx_module_mediadir_rel_entry_inputfields` (`entry_id`, `lang_id`, `form_id`, `field_id`, `value`) VALUES ('400', '1', '23', '170', 'Kochen, Ski fahren, meine Familie');
INSERT INTO `contrexx_module_mediadir_rel_entry_inputfields` (`entry_id`, `lang_id`, `form_id`, `field_id`, `value`) VALUES ('400', '3', '23', '169', '1999');
INSERT INTO `contrexx_module_mediadir_rel_entry_inputfields` (`entry_id`, `lang_id`, `form_id`, `field_id`, `value`) VALUES ('400', '2', '23', '169', '1999');
INSERT INTO `contrexx_module_mediadir_rel_entry_inputfields` (`entry_id`, `lang_id`, `form_id`, `field_id`, `value`) VALUES ('400', '1', '23', '169', '1999');
INSERT INTO `contrexx_module_mediadir_rel_entry_inputfields` (`entry_id`, `lang_id`, `form_id`, `field_id`, `value`) VALUES ('400', '3', '23', '168', 'Miller');
INSERT INTO `contrexx_module_mediadir_rel_entry_inputfields` (`entry_id`, `lang_id`, `form_id`, `field_id`, `value`) VALUES ('400', '2', '23', '168', 'Miller');
INSERT INTO `contrexx_module_mediadir_rel_entry_inputfields` (`entry_id`, `lang_id`, `form_id`, `field_id`, `value`) VALUES ('400', '1', '23', '168', 'Miller');
INSERT INTO `contrexx_module_mediadir_rel_entry_inputfields` (`entry_id`, `lang_id`, `form_id`, `field_id`, `value`) VALUES ('400', '3', '23', '167', 'Emily');
INSERT INTO `contrexx_module_mediadir_rel_entry_inputfields` (`entry_id`, `lang_id`, `form_id`, `field_id`, `value`) VALUES ('400', '2', '23', '167', 'Emily');
INSERT INTO `contrexx_module_mediadir_rel_entry_inputfields` (`entry_id`, `lang_id`, `form_id`, `field_id`, `value`) VALUES ('400', '1', '23', '167', 'Emily');
INSERT INTO `contrexx_module_mediadir_rel_entry_inputfields` (`entry_id`, `lang_id`, `form_id`, `field_id`, `value`) VALUES ('370', '3', '19', '141', 'test testsetsetet setsete');
INSERT INTO `contrexx_module_mediadir_rel_entry_inputfields` (`entry_id`, `lang_id`, `form_id`, `field_id`, `value`) VALUES ('370', '2', '19', '141', 'test testsetsetet setsete');
INSERT INTO `contrexx_module_mediadir_rel_entry_inputfields` (`entry_id`, `lang_id`, `form_id`, `field_id`, `value`) VALUES ('370', '1', '19', '141', 'test testsetsetet setsete');
INSERT INTO `contrexx_module_mediadir_rel_entry_inputfields` (`entry_id`, `lang_id`, `form_id`, `field_id`, `value`) VALUES ('369', '3', '19', '141', 'Test content tets contetn');
INSERT INTO `contrexx_module_mediadir_rel_entry_inputfields` (`entry_id`, `lang_id`, `form_id`, `field_id`, `value`) VALUES ('369', '2', '19', '141', 'Test content tets contetn');
INSERT INTO `contrexx_module_mediadir_rel_entry_inputfields` (`entry_id`, `lang_id`, `form_id`, `field_id`, `value`) VALUES ('369', '1', '19', '141', 'Test content tets contetn');

INSERT INTO `contrexx_module_mediadir_rel_entry_levels` (`entry_id`, `level_id`) VALUES ('402', '30');
INSERT INTO `contrexx_module_mediadir_rel_entry_levels` (`entry_id`, `level_id`) VALUES ('405', '31');
INSERT INTO `contrexx_module_mediadir_rel_entry_levels` (`entry_id`, `level_id`) VALUES ('404', '31');
INSERT INTO `contrexx_module_mediadir_rel_entry_levels` (`entry_id`, `level_id`) VALUES ('400', '30');
INSERT INTO `contrexx_module_mediadir_rel_entry_levels` (`entry_id`, `level_id`) VALUES ('403', '31');
INSERT INTO `contrexx_module_mediadir_rel_entry_levels` (`entry_id`, `level_id`) VALUES ('401', '30');

INSERT INTO `contrexx_module_mediadir_settings` (`id`, `name`, `value`) VALUES ('1', 'settingsShowCategoryDescription', '1');
INSERT INTO `contrexx_module_mediadir_settings` (`id`, `name`, `value`) VALUES ('2', 'settingsShowCategoryImage', '1');
INSERT INTO `contrexx_module_mediadir_settings` (`id`, `name`, `value`) VALUES ('3', 'settingsCategoryOrder', '1');
INSERT INTO `contrexx_module_mediadir_settings` (`id`, `name`, `value`) VALUES ('4', 'settingsShowLevels', '1');
INSERT INTO `contrexx_module_mediadir_settings` (`id`, `name`, `value`) VALUES ('5', 'settingsShowLevelDescription', '0');
INSERT INTO `contrexx_module_mediadir_settings` (`id`, `name`, `value`) VALUES ('6', 'settingsShowLevelImage', '0');
INSERT INTO `contrexx_module_mediadir_settings` (`id`, `name`, `value`) VALUES ('7', 'settingsLevelOrder', '1');
INSERT INTO `contrexx_module_mediadir_settings` (`id`, `name`, `value`) VALUES ('8', 'settingsConfirmNewEntries', '1');
INSERT INTO `contrexx_module_mediadir_settings` (`id`, `name`, `value`) VALUES ('9', 'categorySelectorOrder', '9');
INSERT INTO `contrexx_module_mediadir_settings` (`id`, `name`, `value`) VALUES ('10', 'levelSelectorOrder', '10');
INSERT INTO `contrexx_module_mediadir_settings` (`id`, `name`, `value`) VALUES ('11', 'settingsConfirmUpdatedEntries', '0');
INSERT INTO `contrexx_module_mediadir_settings` (`id`, `name`, `value`) VALUES ('12', 'settingsCountEntries', '0');
INSERT INTO `contrexx_module_mediadir_settings` (`id`, `name`, `value`) VALUES ('13', 'settingsThumbSize', '300');
INSERT INTO `contrexx_module_mediadir_settings` (`id`, `name`, `value`) VALUES ('14', 'settingsNumGalleryPics', '10');
INSERT INTO `contrexx_module_mediadir_settings` (`id`, `name`, `value`) VALUES ('15', 'settingsEncryptFilenames', '1');
INSERT INTO `contrexx_module_mediadir_settings` (`id`, `name`, `value`) VALUES ('16', 'settingsAllowAddEntries', '1');
INSERT INTO `contrexx_module_mediadir_settings` (`id`, `name`, `value`) VALUES ('17', 'settingsAllowDelEntries', '1');
INSERT INTO `contrexx_module_mediadir_settings` (`id`, `name`, `value`) VALUES ('18', 'settingsAllowEditEntries', '1');
INSERT INTO `contrexx_module_mediadir_settings` (`id`, `name`, `value`) VALUES ('19', 'settingsAddEntriesOnlyCommunity', '1');
INSERT INTO `contrexx_module_mediadir_settings` (`id`, `name`, `value`) VALUES ('20', 'settingsLatestNumXML', '10');
INSERT INTO `contrexx_module_mediadir_settings` (`id`, `name`, `value`) VALUES ('21', 'settingsLatestNumOverview', '3');
INSERT INTO `contrexx_module_mediadir_settings` (`id`, `name`, `value`) VALUES ('22', 'settingsLatestNumBackend', '5');
INSERT INTO `contrexx_module_mediadir_settings` (`id`, `name`, `value`) VALUES ('23', 'settingsLatestNumFrontend', '10');
INSERT INTO `contrexx_module_mediadir_settings` (`id`, `name`, `value`) VALUES ('24', 'settingsPopularNumFrontend', '10');
INSERT INTO `contrexx_module_mediadir_settings` (`id`, `name`, `value`) VALUES ('25', 'settingsPopularNumRestore', '30');
INSERT INTO `contrexx_module_mediadir_settings` (`id`, `name`, `value`) VALUES ('26', 'settingsLatestNumHeadlines', '6');
INSERT INTO `contrexx_module_mediadir_settings` (`id`, `name`, `value`) VALUES ('27', 'settingsGoogleMapStartposition', '46.749647513758326,7.6300048828125,8');
INSERT INTO `contrexx_module_mediadir_settings` (`id`, `name`, `value`) VALUES ('28', 'settingsAllowVotes', '1');
INSERT INTO `contrexx_module_mediadir_settings` (`id`, `name`, `value`) VALUES ('29', 'settingsVoteOnlyCommunity', '0');
INSERT INTO `contrexx_module_mediadir_settings` (`id`, `name`, `value`) VALUES ('30', 'settingsAllowComments', '1');
INSERT INTO `contrexx_module_mediadir_settings` (`id`, `name`, `value`) VALUES ('31', 'settingsCommentOnlyCommunity', '0');
INSERT INTO `contrexx_module_mediadir_settings` (`id`, `name`, `value`) VALUES ('32', 'settingsGoogleMapAllowKml', '0');
INSERT INTO `contrexx_module_mediadir_settings` (`id`, `name`, `value`) VALUES ('33', 'settingsShowEntriesInAllLang', '1');
INSERT INTO `contrexx_module_mediadir_settings` (`id`, `name`, `value`) VALUES ('34', 'settingsPagingNumEntries', '10');
INSERT INTO `contrexx_module_mediadir_settings` (`id`, `name`, `value`) VALUES ('35', 'settingsGoogleMapType', '0');
INSERT INTO `contrexx_module_mediadir_settings` (`id`, `name`, `value`) VALUES ('36', 'settingsClassificationPoints', '5');
INSERT INTO `contrexx_module_mediadir_settings` (`id`, `name`, `value`) VALUES ('37', 'settingsClassificationSearch', '1');
INSERT INTO `contrexx_module_mediadir_settings` (`id`, `name`, `value`) VALUES ('38', 'settingsEntryDisplaydurationType', '1');
INSERT INTO `contrexx_module_mediadir_settings` (`id`, `name`, `value`) VALUES ('39', 'settingsEntryDisplaydurationValue', '0');
INSERT INTO `contrexx_module_mediadir_settings` (`id`, `name`, `value`) VALUES ('40', 'settingsEntryDisplaydurationValueType', '1');
INSERT INTO `contrexx_module_mediadir_settings` (`id`, `name`, `value`) VALUES ('41', 'settingsEntryDisplaydurationNotification', '0');
INSERT INTO `contrexx_module_mediadir_settings` (`id`, `name`, `value`) VALUES ('42', 'categorySelectorExpSearch', '9');
INSERT INTO `contrexx_module_mediadir_settings` (`id`, `name`, `value`) VALUES ('43', 'levelSelectorExpSearch', '10');
INSERT INTO `contrexx_module_mediadir_settings` (`id`, `name`, `value`) VALUES ('44', 'settingsTranslationStatus', '0');
INSERT INTO `contrexx_module_mediadir_settings` (`id`, `name`, `value`) VALUES ('45', 'settingsReadyToConfirm', '0');
INSERT INTO `contrexx_module_mediadir_settings` (`id`, `name`, `value`) VALUES ('46', 'settingsImageFilesize', '300');
INSERT INTO `contrexx_module_mediadir_settings` (`id`, `name`, `value`) VALUES ('47', 'settingsActiveLanguages', '2,1,3');
INSERT INTO `contrexx_module_mediadir_settings` (`id`, `name`, `value`) VALUES ('48', 'settingsFrontendUseMultilang', '0');
INSERT INTO `contrexx_module_mediadir_settings` (`id`, `name`, `value`) VALUES ('49', 'settingsIndividualEntryOrder', '0');

INSERT INTO `contrexx_module_mediadir_settings_num_categories` (`group_id`, `num_categories`) VALUES ('3', 'n');
INSERT INTO `contrexx_module_mediadir_settings_num_categories` (`group_id`, `num_categories`) VALUES ('4', 'n');
INSERT INTO `contrexx_module_mediadir_settings_num_categories` (`group_id`, `num_categories`) VALUES ('5', 'n');

INSERT INTO `contrexx_module_mediadir_settings_num_entries` (`group_id`, `num_entries`) VALUES ('3', 'n');
INSERT INTO `contrexx_module_mediadir_settings_num_entries` (`group_id`, `num_entries`) VALUES ('4', 'n');
INSERT INTO `contrexx_module_mediadir_settings_num_entries` (`group_id`, `num_entries`) VALUES ('5', 'n');
INSERT INTO `contrexx_module_mediadir_settings_num_entries` (`group_id`, `num_entries`) VALUES ('6', '');
INSERT INTO `contrexx_module_mediadir_settings_num_entries` (`group_id`, `num_entries`) VALUES ('7', '');

INSERT INTO `contrexx_module_mediadir_settings_num_levels` (`group_id`, `num_levels`) VALUES ('3', 'n');
INSERT INTO `contrexx_module_mediadir_settings_num_levels` (`group_id`, `num_levels`) VALUES ('4', 'n');
INSERT INTO `contrexx_module_mediadir_settings_num_levels` (`group_id`, `num_levels`) VALUES ('5', 'n');

INSERT INTO `contrexx_module_mediadir_settings_perm_group_forms` (`group_id`, `form_id`, `status_group`) VALUES ('7', '24', '1');
INSERT INTO `contrexx_module_mediadir_settings_perm_group_forms` (`group_id`, `form_id`, `status_group`) VALUES ('6', '24', '1');
INSERT INTO `contrexx_module_mediadir_settings_perm_group_forms` (`group_id`, `form_id`, `status_group`) VALUES ('5', '24', '1');
INSERT INTO `contrexx_module_mediadir_settings_perm_group_forms` (`group_id`, `form_id`, `status_group`) VALUES ('4', '24', '1');
INSERT INTO `contrexx_module_mediadir_settings_perm_group_forms` (`group_id`, `form_id`, `status_group`) VALUES ('3', '24', '1');
INSERT INTO `contrexx_module_mediadir_settings_perm_group_forms` (`group_id`, `form_id`, `status_group`) VALUES ('7', '23', '1');
INSERT INTO `contrexx_module_mediadir_settings_perm_group_forms` (`group_id`, `form_id`, `status_group`) VALUES ('6', '23', '1');
INSERT INTO `contrexx_module_mediadir_settings_perm_group_forms` (`group_id`, `form_id`, `status_group`) VALUES ('5', '23', '1');
INSERT INTO `contrexx_module_mediadir_settings_perm_group_forms` (`group_id`, `form_id`, `status_group`) VALUES ('4', '23', '1');
INSERT INTO `contrexx_module_mediadir_settings_perm_group_forms` (`group_id`, `form_id`, `status_group`) VALUES ('3', '23', '1');

INSERT INTO `contrexx_module_mediadir_votes` (`id`, `entry_id`, `added_by`, `date`, `ip`, `vote`) VALUES ('1', '370', '0', '1340082492', '122.165.78.217', '1');
INSERT INTO `contrexx_module_mediadir_votes` (`id`, `entry_id`, `added_by`, `date`, `ip`, `vote`) VALUES ('2', '372', '0', '1345030839', '46.127.25.132', '2');
INSERT INTO `contrexx_module_mediadir_votes` (`id`, `entry_id`, `added_by`, `date`, `ip`, `vote`) VALUES ('3', '392', '0', '1345039720', '46.127.25.132', '10');

INSERT INTO `contrexx_module_media_settings` (`name`, `value`) VALUES ('media1_frontend_changable', 'off');
INSERT INTO `contrexx_module_media_settings` (`name`, `value`) VALUES ('media2_frontend_changable', 'off');
INSERT INTO `contrexx_module_media_settings` (`name`, `value`) VALUES ('media3_frontend_changable', 'off');
INSERT INTO `contrexx_module_media_settings` (`name`, `value`) VALUES ('media4_frontend_changable', 'off');
INSERT INTO `contrexx_module_media_settings` (`name`, `value`) VALUES ('media1_frontend_managable', 'off');
INSERT INTO `contrexx_module_media_settings` (`name`, `value`) VALUES ('media2_frontend_managable', 'off');
INSERT INTO `contrexx_module_media_settings` (`name`, `value`) VALUES ('media3_frontend_managable', 'off');
INSERT INTO `contrexx_module_media_settings` (`name`, `value`) VALUES ('media4_frontend_managable', 'off');

INSERT INTO `contrexx_module_memberdir_directories` (`dirid`, `parentdir`, `active`, `name`, `description`, `displaymode`, `sort`, `pic1`, `pic2`, `lang_id`) VALUES ('1', '0', '1', 'Verein ABC', 'Mitglieder des Vereins ABC', '0', '0', '0', '0', '1');
INSERT INTO `contrexx_module_memberdir_directories` (`dirid`, `parentdir`, `active`, `name`, `description`, `displaymode`, `sort`, `pic1`, `pic2`, `lang_id`) VALUES ('2', '0', '1', 'Verein XYZ', 'Mitglieder des Vereins XYZ', '0', '0', '0', '0', '0');
INSERT INTO `contrexx_module_memberdir_directories` (`dirid`, `parentdir`, `active`, `name`, `description`, `displaymode`, `sort`, `pic1`, `pic2`, `lang_id`) VALUES ('3', '1', '1', 'Vorstand', '', '0', '0', '0', '0', '0');
INSERT INTO `contrexx_module_memberdir_directories` (`dirid`, `parentdir`, `active`, `name`, `description`, `displaymode`, `sort`, `pic1`, `pic2`, `lang_id`) VALUES ('4', '1', '1', 'Leitung', 'Leitung', '0', '0', '0', '0', '0');

INSERT INTO `contrexx_module_memberdir_name` (`field`, `dirid`, `name`, `active`, `lang_id`) VALUES ('1', '1', 'Name', '1', '1');
INSERT INTO `contrexx_module_memberdir_name` (`field`, `dirid`, `name`, `active`, `lang_id`) VALUES ('2', '1', 'Vorname', '1', '1');
INSERT INTO `contrexx_module_memberdir_name` (`field`, `dirid`, `name`, `active`, `lang_id`) VALUES ('3', '1', 'Firma', '0', '1');
INSERT INTO `contrexx_module_memberdir_name` (`field`, `dirid`, `name`, `active`, `lang_id`) VALUES ('4', '1', 'Telefonnummer', '0', '1');
INSERT INTO `contrexx_module_memberdir_name` (`field`, `dirid`, `name`, `active`, `lang_id`) VALUES ('5', '1', 'Mobilnummer', '0', '1');
INSERT INTO `contrexx_module_memberdir_name` (`field`, `dirid`, `name`, `active`, `lang_id`) VALUES ('6', '1', 'Adresse', '1', '1');
INSERT INTO `contrexx_module_memberdir_name` (`field`, `dirid`, `name`, `active`, `lang_id`) VALUES ('7', '1', 'PLZ', '1', '1');
INSERT INTO `contrexx_module_memberdir_name` (`field`, `dirid`, `name`, `active`, `lang_id`) VALUES ('8', '1', 'Ort', '1', '1');
INSERT INTO `contrexx_module_memberdir_name` (`field`, `dirid`, `name`, `active`, `lang_id`) VALUES ('9', '1', 'E-Mail', '0', '1');
INSERT INTO `contrexx_module_memberdir_name` (`field`, `dirid`, `name`, `active`, `lang_id`) VALUES ('10', '1', 'Fax', '0', '1');
INSERT INTO `contrexx_module_memberdir_name` (`field`, `dirid`, `name`, `active`, `lang_id`) VALUES ('11', '1', 'Internet', '0', '1');
INSERT INTO `contrexx_module_memberdir_name` (`field`, `dirid`, `name`, `active`, `lang_id`) VALUES ('12', '1', 'Geburtsdatum', '0', '1');
INSERT INTO `contrexx_module_memberdir_name` (`field`, `dirid`, `name`, `active`, `lang_id`) VALUES ('13', '1', 'Beschreibung', '0', '1');
INSERT INTO `contrexx_module_memberdir_name` (`field`, `dirid`, `name`, `active`, `lang_id`) VALUES ('14', '1', '', '0', '1');
INSERT INTO `contrexx_module_memberdir_name` (`field`, `dirid`, `name`, `active`, `lang_id`) VALUES ('15', '1', '', '0', '1');
INSERT INTO `contrexx_module_memberdir_name` (`field`, `dirid`, `name`, `active`, `lang_id`) VALUES ('16', '1', '', '0', '1');
INSERT INTO `contrexx_module_memberdir_name` (`field`, `dirid`, `name`, `active`, `lang_id`) VALUES ('17', '1', '', '0', '1');
INSERT INTO `contrexx_module_memberdir_name` (`field`, `dirid`, `name`, `active`, `lang_id`) VALUES ('18', '1', '', '0', '1');
INSERT INTO `contrexx_module_memberdir_name` (`field`, `dirid`, `name`, `active`, `lang_id`) VALUES ('1', '2', 'Name', '1', '1');
INSERT INTO `contrexx_module_memberdir_name` (`field`, `dirid`, `name`, `active`, `lang_id`) VALUES ('2', '2', 'Vorname', '1', '1');
INSERT INTO `contrexx_module_memberdir_name` (`field`, `dirid`, `name`, `active`, `lang_id`) VALUES ('3', '2', 'Firma', '1', '1');
INSERT INTO `contrexx_module_memberdir_name` (`field`, `dirid`, `name`, `active`, `lang_id`) VALUES ('4', '2', 'Telefonnummer', '1', '1');
INSERT INTO `contrexx_module_memberdir_name` (`field`, `dirid`, `name`, `active`, `lang_id`) VALUES ('5', '2', 'Mobilnummer', '1', '1');
INSERT INTO `contrexx_module_memberdir_name` (`field`, `dirid`, `name`, `active`, `lang_id`) VALUES ('6', '2', 'Adresse', '1', '1');
INSERT INTO `contrexx_module_memberdir_name` (`field`, `dirid`, `name`, `active`, `lang_id`) VALUES ('7', '2', 'PLZ', '1', '1');
INSERT INTO `contrexx_module_memberdir_name` (`field`, `dirid`, `name`, `active`, `lang_id`) VALUES ('8', '2', 'Ort', '1', '1');
INSERT INTO `contrexx_module_memberdir_name` (`field`, `dirid`, `name`, `active`, `lang_id`) VALUES ('9', '2', 'E-Mail', '1', '1');
INSERT INTO `contrexx_module_memberdir_name` (`field`, `dirid`, `name`, `active`, `lang_id`) VALUES ('10', '2', 'Fax', '1', '1');
INSERT INTO `contrexx_module_memberdir_name` (`field`, `dirid`, `name`, `active`, `lang_id`) VALUES ('11', '2', 'Internet', '1', '1');
INSERT INTO `contrexx_module_memberdir_name` (`field`, `dirid`, `name`, `active`, `lang_id`) VALUES ('12', '2', 'Geburtsdatum', '1', '1');
INSERT INTO `contrexx_module_memberdir_name` (`field`, `dirid`, `name`, `active`, `lang_id`) VALUES ('13', '2', '', '0', '1');
INSERT INTO `contrexx_module_memberdir_name` (`field`, `dirid`, `name`, `active`, `lang_id`) VALUES ('14', '2', '', '0', '1');
INSERT INTO `contrexx_module_memberdir_name` (`field`, `dirid`, `name`, `active`, `lang_id`) VALUES ('15', '2', '', '0', '1');
INSERT INTO `contrexx_module_memberdir_name` (`field`, `dirid`, `name`, `active`, `lang_id`) VALUES ('16', '2', '', '0', '1');
INSERT INTO `contrexx_module_memberdir_name` (`field`, `dirid`, `name`, `active`, `lang_id`) VALUES ('17', '2', '', '0', '1');
INSERT INTO `contrexx_module_memberdir_name` (`field`, `dirid`, `name`, `active`, `lang_id`) VALUES ('18', '2', '', '0', '1');
INSERT INTO `contrexx_module_memberdir_name` (`field`, `dirid`, `name`, `active`, `lang_id`) VALUES ('1', '3', 'Name', '1', '1');
INSERT INTO `contrexx_module_memberdir_name` (`field`, `dirid`, `name`, `active`, `lang_id`) VALUES ('2', '3', 'Vorname', '1', '1');
INSERT INTO `contrexx_module_memberdir_name` (`field`, `dirid`, `name`, `active`, `lang_id`) VALUES ('3', '3', 'Firma', '1', '1');
INSERT INTO `contrexx_module_memberdir_name` (`field`, `dirid`, `name`, `active`, `lang_id`) VALUES ('4', '3', 'Telefonnummer', '1', '1');
INSERT INTO `contrexx_module_memberdir_name` (`field`, `dirid`, `name`, `active`, `lang_id`) VALUES ('5', '3', 'Mobilnummer', '1', '1');
INSERT INTO `contrexx_module_memberdir_name` (`field`, `dirid`, `name`, `active`, `lang_id`) VALUES ('6', '3', 'Adresse', '1', '1');
INSERT INTO `contrexx_module_memberdir_name` (`field`, `dirid`, `name`, `active`, `lang_id`) VALUES ('7', '3', 'PLZ', '1', '1');
INSERT INTO `contrexx_module_memberdir_name` (`field`, `dirid`, `name`, `active`, `lang_id`) VALUES ('8', '3', 'Ort', '1', '1');
INSERT INTO `contrexx_module_memberdir_name` (`field`, `dirid`, `name`, `active`, `lang_id`) VALUES ('9', '3', 'E-Mail', '1', '1');
INSERT INTO `contrexx_module_memberdir_name` (`field`, `dirid`, `name`, `active`, `lang_id`) VALUES ('10', '3', 'Fax', '1', '1');
INSERT INTO `contrexx_module_memberdir_name` (`field`, `dirid`, `name`, `active`, `lang_id`) VALUES ('11', '3', 'Internet', '1', '1');
INSERT INTO `contrexx_module_memberdir_name` (`field`, `dirid`, `name`, `active`, `lang_id`) VALUES ('12', '3', 'Geburtsdatum', '1', '1');
INSERT INTO `contrexx_module_memberdir_name` (`field`, `dirid`, `name`, `active`, `lang_id`) VALUES ('13', '3', '', '0', '1');
INSERT INTO `contrexx_module_memberdir_name` (`field`, `dirid`, `name`, `active`, `lang_id`) VALUES ('14', '3', '', '0', '1');
INSERT INTO `contrexx_module_memberdir_name` (`field`, `dirid`, `name`, `active`, `lang_id`) VALUES ('15', '3', '', '0', '1');
INSERT INTO `contrexx_module_memberdir_name` (`field`, `dirid`, `name`, `active`, `lang_id`) VALUES ('16', '3', '', '0', '1');
INSERT INTO `contrexx_module_memberdir_name` (`field`, `dirid`, `name`, `active`, `lang_id`) VALUES ('17', '3', '', '0', '1');
INSERT INTO `contrexx_module_memberdir_name` (`field`, `dirid`, `name`, `active`, `lang_id`) VALUES ('18', '3', '', '0', '1');
INSERT INTO `contrexx_module_memberdir_name` (`field`, `dirid`, `name`, `active`, `lang_id`) VALUES ('1', '4', 'Name', '1', '1');
INSERT INTO `contrexx_module_memberdir_name` (`field`, `dirid`, `name`, `active`, `lang_id`) VALUES ('2', '4', 'Vorname', '1', '1');
INSERT INTO `contrexx_module_memberdir_name` (`field`, `dirid`, `name`, `active`, `lang_id`) VALUES ('3', '4', 'Firma', '1', '1');
INSERT INTO `contrexx_module_memberdir_name` (`field`, `dirid`, `name`, `active`, `lang_id`) VALUES ('4', '4', 'Telefonnummer', '1', '1');
INSERT INTO `contrexx_module_memberdir_name` (`field`, `dirid`, `name`, `active`, `lang_id`) VALUES ('5', '4', 'Mobilnummer', '1', '1');
INSERT INTO `contrexx_module_memberdir_name` (`field`, `dirid`, `name`, `active`, `lang_id`) VALUES ('6', '4', 'Adresse', '1', '1');
INSERT INTO `contrexx_module_memberdir_name` (`field`, `dirid`, `name`, `active`, `lang_id`) VALUES ('7', '4', 'PLZ', '1', '1');
INSERT INTO `contrexx_module_memberdir_name` (`field`, `dirid`, `name`, `active`, `lang_id`) VALUES ('8', '4', 'Ort', '1', '1');
INSERT INTO `contrexx_module_memberdir_name` (`field`, `dirid`, `name`, `active`, `lang_id`) VALUES ('9', '4', 'E-Mail', '1', '1');
INSERT INTO `contrexx_module_memberdir_name` (`field`, `dirid`, `name`, `active`, `lang_id`) VALUES ('10', '4', 'Fax', '1', '1');
INSERT INTO `contrexx_module_memberdir_name` (`field`, `dirid`, `name`, `active`, `lang_id`) VALUES ('11', '4', 'Internet', '1', '1');
INSERT INTO `contrexx_module_memberdir_name` (`field`, `dirid`, `name`, `active`, `lang_id`) VALUES ('12', '4', 'Geburtsdatum', '1', '1');
INSERT INTO `contrexx_module_memberdir_name` (`field`, `dirid`, `name`, `active`, `lang_id`) VALUES ('13', '4', '', '0', '1');
INSERT INTO `contrexx_module_memberdir_name` (`field`, `dirid`, `name`, `active`, `lang_id`) VALUES ('14', '4', '', '0', '1');
INSERT INTO `contrexx_module_memberdir_name` (`field`, `dirid`, `name`, `active`, `lang_id`) VALUES ('15', '4', '', '0', '1');
INSERT INTO `contrexx_module_memberdir_name` (`field`, `dirid`, `name`, `active`, `lang_id`) VALUES ('16', '4', '', '0', '1');
INSERT INTO `contrexx_module_memberdir_name` (`field`, `dirid`, `name`, `active`, `lang_id`) VALUES ('17', '4', '', '0', '1');
INSERT INTO `contrexx_module_memberdir_name` (`field`, `dirid`, `name`, `active`, `lang_id`) VALUES ('18', '4', '', '0', '1');

INSERT INTO `contrexx_module_memberdir_settings` (`setid`, `setname`, `setvalue`, `lang_id`) VALUES ('1', 'default_listing', '1', '1');
INSERT INTO `contrexx_module_memberdir_settings` (`setid`, `setname`, `setvalue`, `lang_id`) VALUES ('3', 'max_height', '400', '1');
INSERT INTO `contrexx_module_memberdir_settings` (`setid`, `setname`, `setvalue`, `lang_id`) VALUES ('4', 'max_width', '500', '1');

INSERT INTO `contrexx_module_memberdir_values` (`id`, `dirid`, `pic1`, `pic2`, `0`, `1`, `2`, `3`, `4`, `5`, `6`, `7`, `8`, `9`, `10`, `11`, `12`, `13`, `14`, `15`, `16`, `17`, `18`, `lang_id`) VALUES ('15', '1', 'none', 'none', '0', 'Muster', 'Hans', '', '', '', 'Musterstrasse 12', '00000', 'Musterhausen', '', '', '', '', '', '', '', '', '', '', '1');
INSERT INTO `contrexx_module_memberdir_values` (`id`, `dirid`, `pic1`, `pic2`, `0`, `1`, `2`, `3`, `4`, `5`, `6`, `7`, `8`, `9`, `10`, `11`, `12`, `13`, `14`, `15`, `16`, `17`, `18`, `lang_id`) VALUES ('16', '1', 'none', 'none', '0', 'Musterfrau', 'Sabine', '', '', '', 'Teststrasse 123', '12345', 'Testerhausen', '', '', '', '', '', '', '', '', '', '', '1');
INSERT INTO `contrexx_module_memberdir_values` (`id`, `dirid`, `pic1`, `pic2`, `0`, `1`, `2`, `3`, `4`, `5`, `6`, `7`, `8`, `9`, `10`, `11`, `12`, `13`, `14`, `15`, `16`, `17`, `18`, `lang_id`) VALUES ('17', '1', 'none', 'none', '0', 'Mustermann', 'Peter', '', '', '', 'Musterweg 321', '32112', 'Musterhausen', '', '', '', '', '', '', '', '', '', '', '1');

INSERT INTO `contrexx_module_news` (`id`, `date`, `redirect`, `source`, `url1`, `url2`, `catid`, `typeid`, `publisher`, `publisher_id`, `author`, `author_id`, `userid`, `startdate`, `enddate`, `status`, `validated`, `frontend_access_id`, `backend_access_id`, `teaser_only`, `teaser_frames`, `teaser_show_link`, `teaser_image_path`, `teaser_image_thumbnail_path`, `changelog`, `allow_comments`) VALUES ('6', '1412001303', '', '', '', '', '2', '0', '', '1', '', '1', '1', '0000-00-00 00:00:00', '0000-00-00 00:00:00', '1', '1', '0', '0', '0', '', '1', '', '', '1412001303', '1');
INSERT INTO `contrexx_module_news` (`id`, `date`, `redirect`, `source`, `url1`, `url2`, `catid`, `typeid`, `publisher`, `publisher_id`, `author`, `author_id`, `userid`, `startdate`, `enddate`, `status`, `validated`, `frontend_access_id`, `backend_access_id`, `teaser_only`, `teaser_frames`, `teaser_show_link`, `teaser_image_path`, `teaser_image_thumbnail_path`, `changelog`, `allow_comments`) VALUES ('4', '1412001328', '', '', '', '', '2', '0', 'MaxMuster AG', '0', 'Max Muster', '0', '1', '0000-00-00 00:00:00', '0000-00-00 00:00:00', '1', '1', '0', '0', '0', '', '1', '', '', '1412001331', '1');

INSERT INTO `contrexx_module_newsletter` (`id`, `subject`, `template`, `content`, `attachment`, `priority`, `sender_email`, `sender_name`, `return_path`, `smtp_server`, `status`, `count`, `recipient_count`, `date_create`, `date_sent`, `tmp_copy`) VALUES ('2', 'Neue Homepage', '1', '[[salutation]] [[lastname]]<br />\r\n<br />\r\nGerne machen wir Sie auf unsere neue Website aufmerksam. Der Internetauftritt wurde komplett erneuert und aufgefrischt. Sie finden nun alle Informationen &uuml;bersichtlich dargestellt und ein modernisiertes Design.<br />\r\n<br />\r\nF&uuml;r unser Webprojekt haben wir <a  href=\"http://www.contrexx.com\" rel=\"newsletter_link_1\" target=\"_blank\">Contrexx</a> als Web Content Management System ausgew&auml;hlt. Contrexx beinhaltet alle wichtigen Anwendungen, die eine Website heute braucht. Die Inhalte und Funktionen k&ouml;nnen jederzeit mit kleinem Aufwand bearbeitet und aufgefrischt werden, um stets eine aktuelle und ansprechende Webseite zu pr&auml;sentieren.<br />\r\n<br />\r\n<br />\r\nIhr MaxMuster-Team', '0', '3', 'info@example.com', 'admin', 'info@maxmusterag.com', '0', '0', '0', '0', '1348220511', '0', '0');

INSERT INTO `contrexx_module_newsletter_category` (`id`, `status`, `name`, `notification_email`) VALUES ('1', '1', 'Demo Liste', '');

INSERT INTO `contrexx_module_newsletter_confirm_mail` (`id`, `title`, `content`, `recipients`) VALUES ('1', '[[url]] - Anmeldung zum Newsletter', '[[title]] [[lastname]]\r\n\r\nWir freuen uns, Sie bei unserem Newsletter begrüssen zu dürfen und wünschen Ihnen viel Freude damit.\r\nSie erhalten ab sofort wöchentlich die neuesten Informationen in elektronischer Form zu gestellt.\r\n\r\nUm die Bestellung des Newsletters zu bestätigen, bitten wir Sie, auf den folgenden Link zu klicken bzw. ihn in die Adresszeile Ihres Browsers zu kopieren:\r\n\r\n[[code]]\r\n\r\nUm zu verhindern, dass unser Newsletter in Ihrem Spam-Ordner landet, fügen Sie bitte die Adresse dieser E-Mail Ihrem Adressbuch hinzu.\r\n\r\nSofern Sie diese E-Mail ungewünscht erhalten haben, bitten wir um Entschuldigung. Sie werden keine weitere E-Mail mehr von uns erhalten.\r\n\r\n--\r\nDies ist eine automatisch generierte Nachricht.\r\n[[date]]', '');
INSERT INTO `contrexx_module_newsletter_confirm_mail` (`id`, `title`, `content`, `recipients`) VALUES ('2', '[[url]] - Bestätigung zur Newsletteranmeldung', '[[title]] [[lastname]]\r\n\r\nIhr Newsletter Abonnement wurde erfolgreich registriert.\r\nSie werden nun in Zukunft unsere Newsletter erhalten. \r\n\r\n--\r\nDies ist eine automatisch generierte Nachricht.\r\n[[date]]', '');
INSERT INTO `contrexx_module_newsletter_confirm_mail` (`id`, `title`, `content`, `recipients`) VALUES ('3', '[[url]] - Newsletter Empfänger [[action]]', 'Folgende Mutation wurde im Newsletter System getätigt:\r\n\r\nGetätigte Aktion: [[action]]\r\nGeschlecht:       [[sex]]\r\nAnrede:           [[title]]\r\nVorname:          [[firstname]]\r\nNachname:         [[lastname]]\r\nE-Mail:           [[e-mail]]\r\n\r\n--\r\nDies ist eine automatisch generierte Nachricht.\r\n[[date]]', 'info@example.com');

INSERT INTO `contrexx_module_newsletter_rel_cat_news` (`newsletter`, `category`) VALUES ('2', '1');

INSERT INTO `contrexx_module_newsletter_rel_user_cat` (`user`, `category`) VALUES ('1', '1');

INSERT INTO `contrexx_module_newsletter_settings` (`setid`, `setname`, `setvalue`, `status`) VALUES ('1', 'sender_mail', 'info@example.com', '1');
INSERT INTO `contrexx_module_newsletter_settings` (`setid`, `setname`, `setvalue`, `status`) VALUES ('2', 'sender_name', 'admin', '1');
INSERT INTO `contrexx_module_newsletter_settings` (`setid`, `setname`, `setvalue`, `status`) VALUES ('3', 'reply_mail', 'info@example.com', '1');
INSERT INTO `contrexx_module_newsletter_settings` (`setid`, `setname`, `setvalue`, `status`) VALUES ('4', 'mails_per_run', '30', '1');
INSERT INTO `contrexx_module_newsletter_settings` (`setid`, `setname`, `setvalue`, `status`) VALUES ('5', 'text_break_after', '100', '1');
INSERT INTO `contrexx_module_newsletter_settings` (`setid`, `setname`, `setvalue`, `status`) VALUES ('6', 'test_mail', 'info@example.com', '1');
INSERT INTO `contrexx_module_newsletter_settings` (`setid`, `setname`, `setvalue`, `status`) VALUES ('7', 'overview_entries_limit', '10', '1');
INSERT INTO `contrexx_module_newsletter_settings` (`setid`, `setname`, `setvalue`, `status`) VALUES ('8', 'rejected_mail_operation', 'delete', '1');
INSERT INTO `contrexx_module_newsletter_settings` (`setid`, `setname`, `setvalue`, `status`) VALUES ('9', 'defUnsubscribe', '0', '1');
INSERT INTO `contrexx_module_newsletter_settings` (`setid`, `setname`, `setvalue`, `status`) VALUES ('10', 'notificationUnsubscribe', '1', '1');
INSERT INTO `contrexx_module_newsletter_settings` (`setid`, `setname`, `setvalue`, `status`) VALUES ('11', 'notificationSubscribe', '1', '1');
INSERT INTO `contrexx_module_newsletter_settings` (`setid`, `setname`, `setvalue`, `status`) VALUES ('12', 'recipient_attribute_status', '{\"recipient_sex\":{\"active\":false,\"required\":false},\"recipient_salutation\":{\"active\":true,\"required\":false},\"recipient_title\":{\"active\":false,\"required\":false},\"recipient_firstname\":{\"active\":true,\"required\":false},\"recipient_lastname\":{\"active\":true,\"required\":false},\"recipient_position\":{\"active\":false,\"required\":false},\"recipient_company\":{\"active\":false,\"required\":false},\"recipient_industry\":{\"active\":false,\"required\":false},\"recipient_address\":{\"active\":false,\"required\":false},\"recipient_city\":{\"active\":false,\"required\":false},\"recipient_zip\":{\"active\":false,\"required\":false},\"recipient_country\":{\"active\":false,\"required\":false},\"recipient_phone\":{\"active\":false,\"required\":false},\"recipient_private\":{\"active\":false,\"required\":false},\"recipient_mobile\":{\"active\":false,\"required\":false},\"recipient_fax\":{\"active\":false,\"required\":false},\"recipient_birthday\":{\"active\":false,\"required\":false},\"recipient_website\":{\"active\":false,\"required\":false}}', '1');
INSERT INTO `contrexx_module_newsletter_settings` (`setid`, `setname`, `setvalue`, `status`) VALUES ('13', 'reject_info_mail_text', 'Der Newsletter konnte an folgende E-Mail-Adresse nicht versendet werden:\r\n[[EMAIL]]\r\n\r\nUm die E-Mail Adresse zu bearbeiten, klicken Sie bitte auf den folgenden Link:\r\n[[LINK]]', '1');

INSERT INTO `contrexx_module_newsletter_template` (`id`, `name`, `description`, `html`, `required`, `type`) VALUES ('1', 'Standard', 'Standard Template', '<html>\r\n    <head>\r\n        <style type=\"text/css\">\r\n        *, html, body, table {\r\n			padding: 0;\r\n			margin: 0;\r\n			font-size: 12px;\r\n			font-family: arial;\r\n			line-height: 1.5;\r\n			color: #000000;\r\n        }\r\n\r\n        h1 {\r\n			padding: 20px 0 5px 0;\r\n            font-size: 20px;\r\n			color: #487EAD;\r\n        }\r\n\r\n        h2 {\r\n			padding: 18px 0 4px 0;\r\n            font-size: 16px;\r\n			color: #487EAD;\r\n        }\r\n\r\n        h3, h4, h5, h6 {\r\n			padding: 16px 0 3px 0;\r\n            font-size: 13px;\r\n			font-weight: bold;\r\n			color: #487EAD;\r\n        }\r\n\r\n		a,\r\n        a:link,\r\n		a:hover,\r\n		a:focus,\r\n		a:active,\r\n		a:visited {\r\n            color: #487EAD !imprtant;\r\n        }\r\n        </style>\r\n    </head>\r\n    <body>\r\n        <table height=\"100%\" width=\"100%\" cellspacing=\"60\" style=\"background-color: rgb(204, 204, 204);\">\r\n            <tbody>\r\n                <tr>\r\n                    <td align=\"center\">\r\n                    <table width=\"660\" cellspacing=\"30\" bgcolor=\"#ffffff\" style=\"border: 7px solid rgb(72, 126, 173);\">\r\n                        <tbody>\r\n                            <tr>\r\n                                <td style=\"font-family: arial; font-size: 12px;\"><a target=\"_blank\" style=\"font-family: arial; font-size: 20px; text-decoration: none; color: rgb(72, 126, 173);\" href=\"http://www.example.com\">example.com</a><br />\r\n                                <span style=\"font-size: 20px; font-family: arial; text-decoration: none; color: rgb(72, 126, 173);\">Newsletter</span></td>\r\n                            </tr>\r\n                            <tr>\r\n                                <td style=\"font-family: arial; font-size: 12px; color: rgb(0, 0, 0);\">[[content]]</td>\r\n                            </tr>\r\n                            <tr>\r\n                                <td>\r\n                                <table width=\"600\" cellspacing=\"0\">\r\n                                    <tbody>\r\n                                        <tr>\r\n                                            <td height=\"30\" colspan=\"3\" style=\"border-top: 3px solid rgb(72, 126, 173);\">&nbsp;</td>\r\n                                        </tr>\r\n                                        <tr>\r\n                                            <td width=\"235\" valign=\"top\" style=\"font-family: arial; font-size: 11px; color: rgb(0, 0, 0);\">\r\n                                            <h3 style=\"padding: 0pt; margin: 0pt 0pt 5px;\">Impressum</h3>\r\n                                            Beispiel AG<br />\r\n                                            Firmenstrasse 1<br />\r\n                                            CH-1234 Irgendwo<br />\r\n                                            <br />\r\n                                            Telefon: + 41 (0)12 345 67 89<br />\r\n                                            Fax: + 41 (0)12 345 67 90<br />\r\n                                            <br />\r\n                                            E-Mail: <a href=\"mailto:info@example.com\">info@example.com</a><br />\r\n                                            Web: <a href=\"http://www.example.com\">www.example.com</a></td>\r\n                                            <td width=\"30\" valign=\"top\">&nbsp;</td>\r\n                                            <td width=\"335\" valign=\"top\" style=\"font-family: arial; font-size: 11px; color: rgb(135, 135, 135);\">Diese Art der Korrespondenz ist absichtlich von uns gew&auml;hlt worden, um wertvolle Naturressourcen zu schonen. Dieses E-Mail ist ausdr&uuml;cklich nicht verschickt worden, um Ihre betrieblichen Vorg&auml;nge zu st&ouml;ren und dient ausschliesslich dazu, Sie auf einfachste Weise unverbindlich zu informieren. Falls Sie sich dadurch trotzdem bel&auml;stigt f&uuml;hlen, bitten wir Sie, umgehend mit einem Klick auf &quot;Newsletter abmelden&quot; sich abzumelden, so dass wir Sie aus unserem Verteiler l&ouml;schen k&ouml;nnen.<br />\r\n                                            <br />\r\n                                            <span>[[unsubscribe]]&nbsp;&nbsp;&nbsp;&nbsp;&nbsp;&nbsp;[[profile_setup]]</span></td>\r\n                                        </tr>\r\n                                    </tbody>\r\n                                </table>\r\n                                </td>\r\n                            </tr>\r\n                        </tbody>\r\n                    </table>\r\n                    </td>\r\n                </tr>\r\n            </tbody>\r\n        </table>\r\n    </body>\r\n</html>', '1', 'e-mail');
INSERT INTO `contrexx_module_newsletter_template` (`id`, `name`, `description`, `html`, `required`, `type`) VALUES ('2', 'Standard', 'Standard News-Import Template', '<table border=\"0\" cellpadding=\"3\" cellspacing=\"0\" width=\"100%\">\r\n    <!-- BEGIN news_list --><!-- BEGIN news_category -->\r\n    <tbody>\r\n        <tr>\r\n            <td colspan=\"2\" style=\"text-align:left;\">\r\n                <h2>\r\n                    [[NEWS_CATEGORY_NAME]]</h2>\r\n            </td>\r\n        </tr>\r\n        <!-- END news_category --><!-- BEGIN news_message -->\r\n        <tr>\r\n            <td style=\"text-align:left;\" width=\"25%\">\r\n                <!-- BEGIN news_image --><img alt=\"\" height=\"100\" src=\"[[NEWS_IMAGE_SRC]]\" width=\"150\" /><!-- END news_image --></td>\r\n            <td style=\"text-align:left;\" width=\"75%\">\r\n                <h3>\r\n                    [[NEWS_TITLE]]</h3>\r\n                <p>\r\n                    [[NEWS_TEASER_TEXT]]</p>\r\n                <p>\r\n                    <a href=\"[[NEWS_URL]]\">Meldung lesen...</a></p>\r\n            </td>\r\n        </tr>\r\n        <!-- END news_message --><!-- END news_list -->\r\n    </tbody>\r\n</table>\r\n', '1', 'news');

INSERT INTO `contrexx_module_newsletter_user` (`id`, `code`, `email`, `uri`, `sex`, `salutation`, `title`, `lastname`, `firstname`, `position`, `company`, `industry_sector`, `address`, `zip`, `city`, `country_id`, `phone_office`, `phone_private`, `phone_mobile`, `fax`, `notes`, `birthday`, `status`, `emaildate`, `language`) VALUES ('1', 'btKCKTku5u', 'noreply@example.com', '', 'm', '2', '', 'Mustermann', 'Hans', '', '', '', '', '', '', '204', '', '', '', '', '', '01-01-2011', '1', '1153137001', '1');

INSERT INTO `contrexx_module_newsletter_user_title` (`id`, `title`) VALUES ('1', 'Sehr geehrte Frau');
INSERT INTO `contrexx_module_newsletter_user_title` (`id`, `title`) VALUES ('2', 'Sehr geehrter Herr');
INSERT INTO `contrexx_module_newsletter_user_title` (`id`, `title`) VALUES ('3', 'Dear Ms');
INSERT INTO `contrexx_module_newsletter_user_title` (`id`, `title`) VALUES ('4', 'Dear Mr');
INSERT INTO `contrexx_module_newsletter_user_title` (`id`, `title`) VALUES ('5', 'Chère Madame');
INSERT INTO `contrexx_module_newsletter_user_title` (`id`, `title`) VALUES ('6', 'Cher Monsieur');

INSERT INTO `contrexx_module_news_categories` (`catid`, `parent_id`, `left_id`, `right_id`, `sorting`, `level`) VALUES ('1', '1', '1', '4', '1', '1');
INSERT INTO `contrexx_module_news_categories` (`catid`, `parent_id`, `left_id`, `right_id`, `sorting`, `level`) VALUES ('2', '1', '2', '3', '2', '2');

INSERT INTO `contrexx_module_news_categories_catid` (`id`) VALUES ('2');

INSERT INTO `contrexx_module_news_categories_locale` (`category_id`, `lang_id`, `name`) VALUES ('2', '1', 'Kundennews');
INSERT INTO `contrexx_module_news_categories_locale` (`category_id`, `lang_id`, `name`) VALUES ('2', '2', 'Customers');
INSERT INTO `contrexx_module_news_categories_locale` (`category_id`, `lang_id`, `name`) VALUES ('2', '3', 'Kundennews');
INSERT INTO `contrexx_module_news_categories_locale` (`category_id`, `lang_id`, `name`) VALUES ('2', '4', 'Kundennews');
INSERT INTO `contrexx_module_news_categories_locale` (`category_id`, `lang_id`, `name`) VALUES ('2', '5', 'Kundennews');
INSERT INTO `contrexx_module_news_categories_locale` (`category_id`, `lang_id`, `name`) VALUES ('2', '6', 'Kundennews');

INSERT INTO `contrexx_module_news_comments` (`id`, `title`, `text`, `newsid`, `date`, `poster_name`, `userid`, `ip_address`, `is_active`) VALUES ('2', 'Richtige Wahl getroffen', 'Da habt ihr eine gute Wahl getroffen, wir benutzen schon lange das Contrexx CMS und waren immer äusserst zufrieden damit!\r\nLiebe Grüsse Peter', '4', '1347535130', 'Peter', '0', '46.127.25.132', '1');

INSERT INTO `contrexx_module_news_locale` (`news_id`, `lang_id`, `is_active`, `title`, `text`, `teaser_text`) VALUES ('4', '1', '1', 'Was ist Cloudrexx?', '<h2>Was ist <a href=\"http://www.cloudrexx.com\" target=\"_blank\">Cloudrexx</a> ?</h2>\r\nCloudrexx ist eine f&uuml;hrende Schweizer Customer-Experience-Management-L&ouml;sung (CXM). Der neue Cloud-Service auf&nbsp;Basis der Website Management L&ouml;sung Conrexx ist&nbsp;optimiert f&uuml;r Unternehmen aus der Schweiz, Deutschland und &Ouml;sterreich.&nbsp;<br />\r\n&nbsp;\r\n<h2>Was ist mit&nbsp;<a href=\"http://www.cloudrexx.com\" target=\"_blank\">Cloudrexx</a> m&ouml;glich?</h2>\r\n\r\n<ul>\r\n	<li><strong>Web Content Management:&nbsp;</strong>Mit Cloudrexx erstellen und verwalten Sie Ihrer Website schnell und einfach. In der WYSIWYG-Umgebung funktioniert das Gestalten von Inhaltsseiten mit Texten, Tabellen und Bildern &auml;hnlich wie bei Word. Alle Inhaltsseiten sind in der &uuml;bersichtlichen Seitenverwaltung abgelegt. Dort besteht ausserdem die M&ouml;glichkeit, Benutzergruppen zu erstellen und Benutzerrechte zu definieren.</li>\r\n	<li><strong>Online Marketing:&nbsp;</strong>Cloudrexx bietet ein umfassendes Set an Funktionen, um ohne zus&auml;tzliche Spezialsoftware Online-Marketing &nbsp;zu betreiben. Optimieren Sie mit <span style=\"line-height: 20.7999992370605px;\">Cloudrexx&nbsp;</span>Ihre Website dank ausgefeilter Search Engine Optimization (SEO) oder machen Sie Ihre Kunden mit regelm&auml;ssigen Newslettern gezielt &nbsp;auf neue Produkte oder Aktionen aufmerksam. Die Anbindung an die Social-Media-Kan&auml;le ist ebenfalls gew&auml;hrleistet.</li>\r\n	<li><strong>E-Commerce:</strong>&nbsp;Bauen Sie Ihre Website mit <span style=\"line-height: 20.7999992370605px;\">Cloudrexx&nbsp;</span>zum Verkaufskanal aus. Die Software enth&auml;lt ein voll funktionst&uuml;chtiges Shop-Modul, in das Sie Produkteinfos und Fotos einpflegen sowie die Bezahlung abwickeln k&ouml;nnen. Per Knopfdruck k&ouml;nnen Sie die Produkte ver&ouml;ffentlichen und ab sofort zum Verkauf anbieten. Dank der Anbindung verschiedener Zahlungsanbieter k&ouml;nnen Sie praktisch alle verf&uuml;gbaren Zahlungsarten anbieten.</li>\r\n	<li><strong>CRM:</strong>&nbsp;Erh&ouml;hen Sie die Zufriedenheit Ihrer Kunden durch ein professionelles Kundenbeziehungsmanagement. Bearbeiten Sie Kundenanfragen ohne Umweg &uuml;ber ein zus&auml;tzliches Tool direkt in <span style=\"line-height: 20.7999992370605px;\">Cloudrexx&nbsp;</span>und profitieren von den Synergien zu den anderen Modulen. Bedienen Sie Ihre Zielgruppen bed&uuml;rfnisgerecht und individuell.</li>\r\n	<li><strong>Analytics:&nbsp;</strong>Wer die besten Informationen rechtzeitig, komplett und am richtigen Ort zur Hand hat, setzt sich durch. Messen Sie zum Beispiel, wer Ihre Website besucht, welches Ihre bestbesuchten Seiten sind und von wo die Besucher herkommen. Nutzen Sie diese Informationen, um Ihren Auftritt und Ihr Angebot zu optimieren. Erkennen Sie dank den &uuml;bersichtlichen Charts in <span style=\"line-height: 20.7999992370605px;\">Cloudrexx&nbsp;</span>die neusten Trends.</li>\r\n	<li><strong>Media Asset Management:</strong>&nbsp;<span style=\"line-height: 20.7999992370605px;\">Cloudrexx&nbsp;</span>beinhaltet ein System zum Verwalten aller g&auml;ngigen Dateiformate. Medienmanager und Bildmanager erlauben das nachtr&auml;gliche Bearbeiten von Bildern, das Bereitstellen von Downloads sowie ein intelligentes System zum Verschicken von Downloadlinks. Zudem laden Sie mit dem Multi-File-Uploader beliebig viele Dateien gleichzeitig in k&uuml;rzester Zeit hoch..</li>\r\n</ul>\r\n<br />\r\n<span style=\"line-height: 20.7999992370605px;\">Dank den umfangreichen Funktionalit&auml;ten bietet Cloudrexx f&uuml;r praktisch s&auml;mtliche Bed&uuml;rfnisse, die heute an ein Online-Business&nbsp;gestellt werden, eine L&ouml;sung an.</span>', 'Wir haben für unsere Website ein Contrexx CMS gewählt.');
INSERT INTO `contrexx_module_news_locale` (`news_id`, `lang_id`, `is_active`, `title`, `text`, `teaser_text`) VALUES ('6', '1', '1', 'Die 3 besten Gründe für einen Supportplan', 'Ab CHF 30.&ndash; erhalten Sie mit einem Supportplan ein Rundum-Sorglos-Paket f&uuml;r Ihre Contrexx-Website.&nbsp;W&auml;hlen Sie zwischen den Supportpl&auml;nen Basic, Business oder Enterprise aus. Wir beantworten Ihre Fragen, beheben Fehler und finden f&uuml;r jedes Problem eine L&ouml;sung. Dabei profitieren Sie gleich mehrfach.\r\n<ul>\r\n	<li>\r\n	<h2>Sie sparen bis zu CHF 110.&ndash; pro Supportfall.</h2>\r\n	</li>\r\n	<li>\r\n	<h2>Sie minimieren die garantierten Antwortzeiten</h2>\r\n	</li>\r\n	<li>\r\n	<h2>um bis zu 20 Stunden.*</h2>\r\n	</li>\r\n</ul>\r\nSie profitieren von attraktiven Zusatzleistungen.Ein Supportplan garantiert Ihnen die professionelle Unterst&uuml;tzung durch unser Support-Team innerhalb einer definierten Reaktionszeit.<br />\r\n<br />\r\n<a href=\"http://www.comvation.com/de/Support/Supportplan-Bestellung\">Einen Supportplan bestellen</a><br />\r\n<br />\r\n<a href=\"http://www.comvation.com/de/news/Newsmeldung?newsid=2462\">Im Support bedient Sie Raphael Fregien, Leiter Support.</a><br />\r\n<br />\r\n* Reaktionszeit ohne Supportplan: bis zu 24 Stunden. Mit Supportplan: 16, 12 oder 4 Stunden.', '');
INSERT INTO `contrexx_module_news_locale` (`news_id`, `lang_id`, `is_active`, `title`, `text`, `teaser_text`) VALUES ('4', '2', '0', '', '', '');

INSERT INTO `contrexx_module_news_settings` (`name`, `value`) VALUES ('news_feed_status', '0');
INSERT INTO `contrexx_module_news_settings` (`name`, `value`) VALUES ('news_headlines_limit', '3');
INSERT INTO `contrexx_module_news_settings` (`name`, `value`) VALUES ('news_settings_activated', '1');
INSERT INTO `contrexx_module_news_settings` (`name`, `value`) VALUES ('news_submit_news', '1');
INSERT INTO `contrexx_module_news_settings` (`name`, `value`) VALUES ('news_submit_only_community', '1');
INSERT INTO `contrexx_module_news_settings` (`name`, `value`) VALUES ('news_activate_submitted_news', '0');
INSERT INTO `contrexx_module_news_settings` (`name`, `value`) VALUES ('news_feed_image', '');
INSERT INTO `contrexx_module_news_settings` (`name`, `value`) VALUES ('news_ticker_filename', 'newsticker.txt');
INSERT INTO `contrexx_module_news_settings` (`name`, `value`) VALUES ('news_message_protection', '');
INSERT INTO `contrexx_module_news_settings` (`name`, `value`) VALUES ('news_message_protection_restricted', '');
INSERT INTO `contrexx_module_news_settings` (`name`, `value`) VALUES ('news_notify_user', '0');
INSERT INTO `contrexx_module_news_settings` (`name`, `value`) VALUES ('news_notify_group', '0');
INSERT INTO `contrexx_module_news_settings` (`name`, `value`) VALUES ('news_comments_activated', '1');
INSERT INTO `contrexx_module_news_settings` (`name`, `value`) VALUES ('news_comments_anonymous', '1');
INSERT INTO `contrexx_module_news_settings` (`name`, `value`) VALUES ('news_comments_autoactivate', '1');
INSERT INTO `contrexx_module_news_settings` (`name`, `value`) VALUES ('news_comments_notification', '1');
INSERT INTO `contrexx_module_news_settings` (`name`, `value`) VALUES ('news_comments_timeout', '30');
INSERT INTO `contrexx_module_news_settings` (`name`, `value`) VALUES ('news_default_teasers', '');
INSERT INTO `contrexx_module_news_settings` (`name`, `value`) VALUES ('news_use_types', '');
INSERT INTO `contrexx_module_news_settings` (`name`, `value`) VALUES ('news_use_top', '');
INSERT INTO `contrexx_module_news_settings` (`name`, `value`) VALUES ('news_top_days', '10');
INSERT INTO `contrexx_module_news_settings` (`name`, `value`) VALUES ('news_top_limit', '10');
INSERT INTO `contrexx_module_news_settings` (`name`, `value`) VALUES ('news_assigned_author_groups', '0');
INSERT INTO `contrexx_module_news_settings` (`name`, `value`) VALUES ('news_assigned_publisher_groups', '0');
INSERT INTO `contrexx_module_news_settings` (`name`, `value`) VALUES ('news_use_teaser_text', '');
INSERT INTO `contrexx_module_news_settings` (`name`, `value`) VALUES ('recent_news_message_limit', '5');

INSERT INTO `contrexx_module_news_settings_locale` (`name`, `lang_id`, `value`) VALUES ('news_feed_description', '1', 'Informationen rund um Cloudrexx');
INSERT INTO `contrexx_module_news_settings_locale` (`name`, `lang_id`, `value`) VALUES ('news_feed_description', '2', 'Informationen rund um Cloudrexx');
INSERT INTO `contrexx_module_news_settings_locale` (`name`, `lang_id`, `value`) VALUES ('news_feed_description', '3', 'Informationen rund um Cloudrexx');
INSERT INTO `contrexx_module_news_settings_locale` (`name`, `lang_id`, `value`) VALUES ('news_feed_description', '4', 'Informationen rund um Cloudrexx');
INSERT INTO `contrexx_module_news_settings_locale` (`name`, `lang_id`, `value`) VALUES ('news_feed_description', '5', 'Informationen rund um Cloudrexx');
INSERT INTO `contrexx_module_news_settings_locale` (`name`, `lang_id`, `value`) VALUES ('news_feed_description', '6', 'Informationen rund um Cloudrexx');
INSERT INTO `contrexx_module_news_settings_locale` (`name`, `lang_id`, `value`) VALUES ('news_feed_title', '1', 'Cloudrexx WCMS');
INSERT INTO `contrexx_module_news_settings_locale` (`name`, `lang_id`, `value`) VALUES ('news_feed_title', '2', 'Cloudrexx WCMS');
INSERT INTO `contrexx_module_news_settings_locale` (`name`, `lang_id`, `value`) VALUES ('news_feed_title', '3', 'Cloudrexx WCMS');
INSERT INTO `contrexx_module_news_settings_locale` (`name`, `lang_id`, `value`) VALUES ('news_feed_title', '4', 'Cloudrexx WCMS');
INSERT INTO `contrexx_module_news_settings_locale` (`name`, `lang_id`, `value`) VALUES ('news_feed_title', '5', 'Cloudrexx WCMS');
INSERT INTO `contrexx_module_news_settings_locale` (`name`, `lang_id`, `value`) VALUES ('news_feed_title', '6', 'Cloudrexx WCMS');

INSERT INTO `contrexx_module_news_teaser_frame` (`id`, `lang_id`, `frame_template_id`, `name`) VALUES ('1', '1', '1', 'Beispiel1');
INSERT INTO `contrexx_module_news_teaser_frame` (`id`, `lang_id`, `frame_template_id`, `name`) VALUES ('2', '1', '2', 'Beispiel2');
INSERT INTO `contrexx_module_news_teaser_frame` (`id`, `lang_id`, `frame_template_id`, `name`) VALUES ('4', '1', '3', 'Beispiel3');

INSERT INTO `contrexx_module_news_teaser_frame_templates` (`id`, `description`, `html`, `source_code_mode`) VALUES ('1', '3 Teaserboxen (1. Zeile: 1 Teaser - 2. Zeile: 2 Teaser)', '<table cellspacing=\"5\" cellpadding=\"0\" border=\"0\">\r\n    <tbody>\r\n        <tr>\r\n            <td colspan=\"2\"><!-- BEGIN teaser_1 -->\r\n            <table width=\"480\" cellspacing=\"0\" cellpadding=\"0\" border=\"0\">\r\n                <tbody>\r\n                    <tr>\r\n                        <th colspan=\"2\">{TEASER_CATEGORY}</th>\r\n                    </tr>\r\n                    <tr>\r\n                        <td colspan=\"2\">{TEASER_DATE}<br />{TEASER_TITLE} <!-- BEGIN teaser_link --><a href=\"{TEASER_URL}\" target=\"{TEASER_URL_TARGET}\">» Zur Meldung</a><!-- END teaser_link --></td>\r\n                    </tr>\r\n                    <tr>\r\n                        <td width=\"25%\"><img src=\"{TEASER_IMAGE_PATH}\" width=\"80\" height=\"120\" alt=\"\" /></td>\r\n                        <td width=\"75%\" style=\"vertical-align: top;\">{TEASER_TEXT}</td>\r\n                    </tr>\r\n                </tbody>\r\n            </table>\r\n            <!-- END teaser_1 --></td>\r\n        </tr>\r\n        <tr>\r\n            <td width=\"50%\"><!-- BEGIN teaser_2 -->\r\n            <table width=\"235\" cellspacing=\"0\" cellpadding=\"0\" border=\"0\">\r\n                <tbody>\r\n                    <tr>\r\n                        <th colspan=\"2\">{TEASER_CATEGORY}</th>\r\n                    </tr>\r\n                    <tr>\r\n                        <td colspan=\"2\">{TEASER_DATE}<br />{TEASER_TITLE} <!-- BEGIN teaser_link --><a href=\"{TEASER_URL}\" target=\"{TEASER_URL_TARGET}\">» Zur Meldung</a><!-- END teaser_link --></td>\r\n                    </tr>\r\n                    <tr>\r\n                        <td width=\"50%\"><img src=\"{TEASER_IMAGE_PATH}\" width=\"80\" height=\"120\" alt=\"\" /></td>\r\n                        <td width=\"50%\" style=\"vertical-align: top;\">{TEASER_TEXT}</td>\r\n                    </tr>\r\n                </tbody>\r\n            </table>\r\n            <!-- END teaser_2 --></td>\r\n            <td width=\"50%\"><!-- BEGIN teaser_3 -->\r\n            <table width=\"235\" cellspacing=\"0\" cellpadding=\"0\" border=\"0\">\r\n                <tbody>\r\n                    <tr>\r\n                        <th>{TEASER_CATEGORY}</th>\r\n                    </tr>\r\n                    <tr>\r\n                        <td>{TEASER_DATE}<br />{TEASER_TITLE} <!-- BEGIN teaser_link --><a href=\"{TEASER_URL}\" target=\"{TEASER_URL_TARGET}\">» Zur Meldung</a><!-- END teaser_link --></td>\r\n                    </tr>\r\n                    <tr>\r\n                        <td><img src=\"{TEASER_IMAGE_PATH}\" width=\"80\" height=\"120\" alt=\"\" /></td>\r\n                    </tr>\r\n                </tbody>\r\n            </table>\r\n            <!-- END teaser_3 --></td>\r\n        </tr>\r\n    </tbody>\r\n</table>', '1');
INSERT INTO `contrexx_module_news_teaser_frame_templates` (`id`, `description`, `html`, `source_code_mode`) VALUES ('2', '4 Teaserboxen (2 Teaser pro Zeile)', '<table cellspacing=\"5\" cellpadding=\"0\" border=\"0\">\r\n    <tbody>\r\n        <tr>\r\n            <td width=\"50%\" style=\"vertical-align: top;\"><!-- BEGIN teaser_1 -->\r\n            <table width=\"235\" cellspacing=\"0\" cellpadding=\"0\" border=\"0\">\r\n                <tbody>\r\n                    <tr>\r\n                        <th colspan=\"2\">{TEASER_CATEGORY}</th>\r\n                    </tr>\r\n                    <tr>\r\n                        <td colspan=\"2\">{TEASER_DATE}<br />{TEASER_TITLE} <!-- BEGIN teaser_link --><a href=\"{TEASER_URL}\" target=\"{TEASER_URL_TARGET}\">» Zur Meldung</a><!-- END teaser_link --></td>\r\n                    </tr>\r\n                    <tr>\r\n                        <td width=\"50%\"><img alt=\"\" src=\"{TEASER_IMAGE_PATH}\" /></td>\r\n                        <td width=\"50%\" style=\"vertical-align: top;\">{TEASER_TEXT}</td>\r\n                    </tr>\r\n                </tbody>\r\n            </table>\r\n            <!-- END teaser_1 --></td>\r\n            <td width=\"50%\" style=\"vertical-align: top;\"><!-- BEGIN teaser_2 -->\r\n            <table width=\"235\" cellspacing=\"0\" cellpadding=\"0\" border=\"0\">\r\n                <tbody>\r\n                    <tr>\r\n                        <th>{TEASER_CATEGORY}</th>\r\n                    </tr>\r\n                    <tr>\r\n                        <td>{TEASER_DATE}<br />{TEASER_TITLE} <!-- BEGIN teaser_link --><a href=\"{TEASER_URL}\" target=\"{TEASER_URL_TARGET}\">» Zur Meldung</a><!-- END teaser_link --></td>\r\n                    </tr>\r\n                    <tr>\r\n                        <td><img alt=\"\" src=\"{TEASER_IMAGE_PATH}\" /></td>\r\n                    </tr>\r\n                </tbody>\r\n            </table>\r\n            <!-- END teaser_2 --></td>\r\n        </tr>\r\n        <tr>\r\n            <td width=\"50%\" style=\"vertical-align: top;\"><!-- BEGIN teaser_3 -->\r\n            <table width=\"235\" cellspacing=\"0\" cellpadding=\"0\" border=\"0\">\r\n                <tbody>\r\n                    <tr>\r\n                        <th>{TEASER_CATEGORY}</th>\r\n                    </tr>\r\n                    <tr>\r\n                        <td>{TEASER_DATE}<br />{TEASER_TITLE} <!-- BEGIN teaser_link --><a href=\"{TEASER_URL}\" target=\"{TEASER_URL_TARGET}\">» Zur Meldung</a><!-- END teaser_link --></td>\r\n                    </tr>\r\n                    <tr>\r\n                        <td><img alt=\"\" src=\"{TEASER_IMAGE_PATH}\" /></td>\r\n                    </tr>\r\n                </tbody>\r\n            </table>\r\n            <!-- END teaser_3 --></td>\r\n            <td width=\"50%\" style=\"vertical-align: top;\"><!-- BEGIN teaser_4 -->\r\n            <table width=\"235\" cellspacing=\"0\" cellpadding=\"0\" border=\"0\">\r\n                <tbody>\r\n                    <tr>\r\n                        <th colspan=\"2\">{TEASER_CATEGORY}</th>\r\n                    </tr>\r\n                    <tr>\r\n                        <td colspan=\"2\">{TEASER_DATE}<br />{TEASER_TITLE} <!-- BEGIN teaser_link --><a href=\"{TEASER_URL}\" target=\"{TEASER_URL_TARGET}\">» Zur Meldung</a><!-- END teaser_link --></td>\r\n                    </tr>\r\n                    <tr>\r\n                        <td width=\"50%\"><img alt=\"\" src=\"{TEASER_IMAGE_PATH}\" /></td>\r\n                        <td width=\"50%\" style=\"vertical-align: top;\">{TEXT}</td>\r\n                    </tr>\r\n                </tbody>\r\n            </table>\r\n            <!-- END teaser_4 --></td>\r\n        </tr>\r\n    </tbody>\r\n</table>', '1');
INSERT INTO `contrexx_module_news_teaser_frame_templates` (`id`, `description`, `html`, `source_code_mode`) VALUES ('3', '6 Teaserboxen (2 Teaser pro Zeile)', '<table cellspacing=\"5\" cellpadding=\"0\" border=\"0\">\r\n    <tbody>\r\n        <tr>\r\n            <td width=\"50%\" style=\"vertical-align: top;\"><!-- BEGIN teaser_1 -->\r\n            <table width=\"235\" cellspacing=\"0\" cellpadding=\"0\" border=\"0\">\r\n                <tbody>\r\n                    <tr>\r\n                        <th colspan=\"2\">{TEASER_CATEGORY}</th>\r\n                    </tr>\r\n                    <tr>\r\n                        <td colspan=\"2\">{TEASER_DATE}<br />{TEASER_TITLE} <!-- BEGIN teaser_link --><a href=\"{TEASER_URL}\" target=\"{TEASER_URL_TARGET}\">» Zur Meldung</a><!-- END teaser_link --></td>\r\n                    </tr>\r\n                    <tr>\r\n                        <td width=\"50%\"><img alt=\"\" src=\"{TEASER_IMAGE_PATH}\" /></td>\r\n                        <td width=\"50%\" style=\"vertical-align: top;\">{TEASER_TEXT}</td>\r\n                    </tr>\r\n                </tbody>\r\n            </table>\r\n            <!-- END teaser_1 --></td>\r\n            <td width=\"50%\" style=\"vertical-align: top;\"><!-- BEGIN teaser_2 -->\r\n            <table width=\"235\" cellspacing=\"0\" cellpadding=\"0\" border=\"0\">\r\n                <tbody>\r\n                    <tr>\r\n                        <th colspan=\"2\">{TEASER_CATEGORY}</th>\r\n                    </tr>\r\n                    <tr>\r\n                        <td colspan=\"2\">{TEASER_DATE}<br />{TEASER_TITLE} <!-- BEGIN teaser_link --><a href=\"{TEASER_URL}\" target=\"{TEASER_URL_TARGET}\">» Zur Meldung</a><!-- END teaser_link --></td>\r\n                    </tr>\r\n                    <tr>\r\n                        <td width=\"50%\"><img alt=\"\" src=\"{TEASER_IMAGE_PATH}\" /></td>\r\n                        <td width=\"50%\" style=\"vertical-align: top;\">{TEASER_TEXT}</td>\r\n                    </tr>\r\n                </tbody>\r\n            </table>\r\n            <!-- END teaser_2 --></td>\r\n        </tr>\r\n        <tr>\r\n            <td width=\"50%\" style=\"vertical-align: top;\"><!-- BEGIN teaser_3 -->\r\n            <table width=\"235\" cellspacing=\"0\" cellpadding=\"0\" border=\"0\">\r\n                <tbody>\r\n                    <tr>\r\n                        <th colspan=\"2\">{TEASER_CATEGORY}</th>\r\n                    </tr>\r\n                    <tr>\r\n                        <td colspan=\"2\">{TEASER_DATE}<br />{TEASER_TITLE} <!-- BEGIN teaser_link --><a href=\"{TEASER_URL}\" target=\"{TEASER_URL_TARGET}\">» Zur Meldung</a><!-- END teaser_link --></td>\r\n                    </tr>\r\n                    <tr>\r\n                        <td width=\"50%\"><img alt=\"\" src=\"{TEASER_IMAGE_PATH}\" /></td>\r\n                        <td width=\"50%\" style=\"vertical-align: top;\">{TEASER_TEXT}</td>\r\n                    </tr>\r\n                </tbody>\r\n            </table>\r\n            <!-- END teaser_3 --></td>\r\n            <td width=\"50%\" style=\"vertical-align: top;\"><!-- BEGIN teaser_4 -->\r\n            <table width=\"235\" cellspacing=\"0\" cellpadding=\"0\" border=\"0\">\r\n                <tbody>\r\n                    <tr>\r\n                        <th colspan=\"2\">{TEASER_CATEGORY}</th>\r\n                    </tr>\r\n                    <tr>\r\n                        <td colspan=\"2\">{TEASER_DATE}<br />{TEASER_TITLE} <!-- BEGIN teaser_link --><a href=\"{TEASER_URL}\" target=\"{TEASER_URL_TARGET}\">» Zur Meldung</a><!-- END teaser_link --></td>\r\n                    </tr>\r\n                    <tr>\r\n                        <td width=\"50%\"><img alt=\"\" src=\"{TEASER_IMAGE_PATH}\" /></td>\r\n                        <td width=\"50%\" style=\"vertical-align: top;\">{TEASER_TEXT}</td>\r\n                    </tr>\r\n                </tbody>\r\n            </table>\r\n            <!-- END teaser_4 --></td>\r\n        </tr>\r\n        <tr>\r\n            <td width=\"50%\" style=\"vertical-align: top;\"><!-- BEGIN teaser_5 -->\r\n            <table width=\"235\" cellspacing=\"0\" cellpadding=\"0\" border=\"0\">\r\n                <tbody>\r\n                    <tr>\r\n                        <th colspan=\"2\">{TEASER_CATEGORY}</th>\r\n                    </tr>\r\n                    <tr>\r\n                        <td colspan=\"2\">{TEASER_DATE}<br />{TEASER_TITLE} <!-- BEGIN teaser_link --><a href=\"{TEASER_URL}\" target=\"{TEASER_URL_TARGET}\">» Zur Meldung</a><!-- END teaser_link --></td>\r\n                    </tr>\r\n                    <tr>\r\n                        <td width=\"50%\"><img alt=\"\" src=\"{TEASER_IMAGE_PATH}\" /></td>\r\n                        <td width=\"50%\" style=\"vertical-align: top;\">{TEASER_TEXT}</td>\r\n                    </tr>\r\n                </tbody>\r\n            </table>\r\n            <!-- END teaser_5 --></td>\r\n            <td width=\"50%\" style=\"vertical-align: top;\"><!-- BEGIN teaser_6 -->\r\n            <table width=\"235\" cellspacing=\"0\" cellpadding=\"0\" border=\"0\">\r\n                <tbody>\r\n                    <tr>\r\n                        <th colspan=\"2\">{TEASER_CATEGORY}</th>\r\n                    </tr>\r\n                    <tr>\r\n                        <td colspan=\"2\">{TEASER_DATE}<br />{TEASER_TITLE} <!-- BEGIN teaser_link --><a href=\"{TEASER_URL}\" target=\"{TEASER_URL_TARGET}\">» Zur Meldung</a><!-- END teaser_link --></td>\r\n                    </tr>\r\n                    <tr>\r\n                        <td width=\"50%\"><img alt=\"\" src=\"{TEASER_IMAGE_PATH}\" /></td>\r\n                        <td width=\"50%\" style=\"vertical-align: top;\">{TEASER_TEXT}</td>\r\n                    </tr>\r\n                </tbody>\r\n            </table>\r\n            <!-- END teaser_6 --></td>\r\n        </tr>\r\n    </tbody>\r\n</table>', '1');

INSERT INTO `contrexx_module_news_ticker` (`id`, `name`, `charset`, `urlencode`, `prefix`) VALUES ('1', 'newsticker.xml', 'UTF-8', '0', '');
INSERT INTO `contrexx_module_news_ticker` (`id`, `name`, `charset`, `urlencode`, `prefix`) VALUES ('2', 'neuer_ticker.xml', 'UTF-8', '0', '');

INSERT INTO `contrexx_module_podcast_category` (`id`, `title`, `description`, `status`) VALUES ('1', 'Demo Kategorie', 'Das ist eine Demo Kategorie', '1');
INSERT INTO `contrexx_module_podcast_category` (`id`, `title`, `description`, `status`) VALUES ('2', 'Web 2.0 English', '', '1');
INSERT INTO `contrexx_module_podcast_category` (`id`, `title`, `description`, `status`) VALUES ('3', 'Web 2.0 Deutsch', '', '1');
INSERT INTO `contrexx_module_podcast_category` (`id`, `title`, `description`, `status`) VALUES ('4', 'Adobe Photoshop', '', '1');
INSERT INTO `contrexx_module_podcast_category` (`id`, `title`, `description`, `status`) VALUES ('5', 'Internettrends', '', '1');

INSERT INTO `contrexx_module_podcast_medium` (`id`, `title`, `youtube_id`, `author`, `description`, `source`, `thumbnail`, `template_id`, `width`, `height`, `playlenght`, `size`, `views`, `status`, `date_added`) VALUES ('5', 'Schlagwort Web 2.0 Part 2', 'deqIIoSyuik', '', 'Vortrag anlässlich der Cisco Expo 2008 Vienna', 'http://youtube.com/v/deqIIoSyuik', 'images/Podcast/youtube_thumbnails/youtube_deqIIoSyuik.jpg', '101', '425', '350', '549', '0', '1', '1', '1292236792');
INSERT INTO `contrexx_module_podcast_medium` (`id`, `title`, `youtube_id`, `author`, `description`, `source`, `thumbnail`, `template_id`, `width`, `height`, `playlenght`, `size`, `views`, `status`, `date_added`) VALUES ('7', 'Im Gespräch: Heiko Hebig zu den neuesten Trends im Internet', 'kvzX0UTa5zI', 'mediaTREFF', 'Kongress Web 2.0 in Wiesbaden', 'http://youtube.com/v/kvzX0UTa5zI', 'images/Podcast/youtube_thumbnails/youtube_kvzX0UTa5zI.jpg', '101', '425', '350', '585', '0', '1', '1', '1292236792');
INSERT INTO `contrexx_module_podcast_medium` (`id`, `title`, `youtube_id`, `author`, `description`, `source`, `thumbnail`, `template_id`, `width`, `height`, `playlenght`, `size`, `views`, `status`, `date_added`) VALUES ('9', 'Social Networking - Der große Trend im Internet', 'GSuJwQxU6a8', '', 'Die Idee ist einfach: Menschen mit gleichen Interessen treffen sich auf Internetportalen, um z. B. Persönliches auszutauschen oder für den Beruf eine Gemeinschaft aufzubauen. Die Nutzerzahlen steigen rasant. Doch bei allen \"Social Networking\"-Portalen gibt es noch keine zündende Idee, wie man damit auch richtig Geld verdienen kann.', 'http://youtube.com/v/GSuJwQxU6a8', 'images/Podcast/youtube_thumbnails/youtube_GSuJwQxU6a8.jpg', '101', '425', '350', '291', '0', '1', '1', '1292236792');
INSERT INTO `contrexx_module_podcast_medium` (`id`, `title`, `youtube_id`, `author`, `description`, `source`, `thumbnail`, `template_id`, `width`, `height`, `playlenght`, `size`, `views`, `status`, `date_added`) VALUES ('10', 'Are You Taking Advantage of Web 2.0 Marketing', 'HR0Ip0JwJKk', 'Jack Humphrey', '\"Are You Taking Advantage of Web 2.0 Marketing?\" by Jack Humphrey', 'http://youtube.com/v/HR0Ip0JwJKk', 'images/Podcast/youtube_thumbnails/youtube_HR0Ip0JwJKk.jpg', '101', '425', '350', '266', '0', '1', '1', '1292236792');
INSERT INTO `contrexx_module_podcast_medium` (`id`, `title`, `youtube_id`, `author`, `description`, `source`, `thumbnail`, `template_id`, `width`, `height`, `playlenght`, `size`, `views`, `status`, `date_added`) VALUES ('11', 'Marketingberater 2.0@Web 2.0-Expo (3): iStockphoto', 'Lp8oqHseoOw', '', 'Berater, Coach, Blogger und Podcaster Sebastian Voss alias Marketingberater 2.0, hat sich zur Web2.0Expo in Berlin aufgemacht, um für Sie die neuesten Trends in Sachen Marketing und Mitmach-Web zu erhaschen. Ausgestattet mit seiner nagelneuen Handycam und einer Handvoll Neugier spricht er mit CEOs und Mitarbeitern von Adobe Systems, Wikio, GfK GeoMarketing uvm.', 'http://youtube.com/v/Lp8oqHseoOw', 'images/Podcast/youtube_thumbnails/youtube_Lp8oqHseoOw.jpg', '101', '425', '350', '545', '0', '1', '1', '1292236792');
INSERT INTO `contrexx_module_podcast_medium` (`id`, `title`, `youtube_id`, `author`, `description`, `source`, `thumbnail`, `template_id`, `width`, `height`, `playlenght`, `size`, `views`, `status`, `date_added`) VALUES ('12', 'What is Web 2.0?', '0LzQIUANnHc', 'Andy Gutmans, Co-founder and VP, Zend', 'It\'s one of the biggest buzzwords out there, but what exactly does it mean? Andy Gutmans of Zend defines Web 2.0 and explains how it\'s changing the face of the Internet.', 'http://youtube.com/v/0LzQIUANnHc', 'images/Podcast/youtube_thumbnails/youtube_0LzQIUANnHc.jpg', '101', '425', '350', '182', '0', '1', '1', '1292236792');
INSERT INTO `contrexx_module_podcast_medium` (`id`, `title`, `youtube_id`, `author`, `description`, `source`, `thumbnail`, `template_id`, `width`, `height`, `playlenght`, `size`, `views`, `status`, `date_added`) VALUES ('13', 'Contrexx CMS - Saferpay® Zahlungsmittel', 'khed50iZnVc', 'Comvation', 'Dieses Tutorial zeigt Ihnen, wie die Saferpay® Zahlungsmittel der Telekurs Card Solutions in den Contrexx CMS Shop eingebunden werden können.', 'http://youtube.com/v/khed50iZnVc', 'images/Podcast/youtube_thumbnails/youtube_khed50iZnVc.jpg', '101', '425', '350', '170', '0', '1', '1', '1292237521');
INSERT INTO `contrexx_module_podcast_medium` (`id`, `title`, `youtube_id`, `author`, `description`, `source`, `thumbnail`, `template_id`, `width`, `height`, `playlenght`, `size`, `views`, `status`, `date_added`) VALUES ('14', 'Contrexx HowTo: Upload a Podcast', '0FSU3i_QBZQ', 'Comvation', 'This Tutorial shows you how to upload a new podcast to the Contrexx podcast module', 'http://youtube.com/v/0FSU3i_QBZQ', 'images/Podcast/youtube_thumbnails/youtube_0FSU3i_QBZQ.jpg', '101', '425', '350', '163', '0', '1', '1', '1292237769');
INSERT INTO `contrexx_module_podcast_medium` (`id`, `title`, `youtube_id`, `author`, `description`, `source`, `thumbnail`, `template_id`, `width`, `height`, `playlenght`, `size`, `views`, `status`, `date_added`) VALUES ('15', 'Contrexx SuisseID', 'WdiTcQoSS-o', 'COMVATION AG', 'Dieses Video erklärt die Möglichkeiten von Contrexx SuisseID.', 'http://youtube.com/v/WdiTcQoSS-o', 'images/Podcast/youtube_thumbnails/youtube_WdiTcQoSS-o.jpg', '101', '425', '350', '0', '0', '1', '1', '1292948589');

INSERT INTO `contrexx_module_podcast_rel_category_lang` (`category_id`, `lang_id`) VALUES ('1', '1');
INSERT INTO `contrexx_module_podcast_rel_category_lang` (`category_id`, `lang_id`) VALUES ('1', '4');
INSERT INTO `contrexx_module_podcast_rel_category_lang` (`category_id`, `lang_id`) VALUES ('1', '2');
INSERT INTO `contrexx_module_podcast_rel_category_lang` (`category_id`, `lang_id`) VALUES ('1', '5');
INSERT INTO `contrexx_module_podcast_rel_category_lang` (`category_id`, `lang_id`) VALUES ('1', '3');
INSERT INTO `contrexx_module_podcast_rel_category_lang` (`category_id`, `lang_id`) VALUES ('1', '6');
INSERT INTO `contrexx_module_podcast_rel_category_lang` (`category_id`, `lang_id`) VALUES ('2', '1');
INSERT INTO `contrexx_module_podcast_rel_category_lang` (`category_id`, `lang_id`) VALUES ('2', '2');
INSERT INTO `contrexx_module_podcast_rel_category_lang` (`category_id`, `lang_id`) VALUES ('3', '1');
INSERT INTO `contrexx_module_podcast_rel_category_lang` (`category_id`, `lang_id`) VALUES ('4', '1');
INSERT INTO `contrexx_module_podcast_rel_category_lang` (`category_id`, `lang_id`) VALUES ('4', '2');
INSERT INTO `contrexx_module_podcast_rel_category_lang` (`category_id`, `lang_id`) VALUES ('5', '1');
INSERT INTO `contrexx_module_podcast_rel_category_lang` (`category_id`, `lang_id`) VALUES ('5', '4');
INSERT INTO `contrexx_module_podcast_rel_category_lang` (`category_id`, `lang_id`) VALUES ('5', '2');
INSERT INTO `contrexx_module_podcast_rel_category_lang` (`category_id`, `lang_id`) VALUES ('5', '5');
INSERT INTO `contrexx_module_podcast_rel_category_lang` (`category_id`, `lang_id`) VALUES ('5', '3');
INSERT INTO `contrexx_module_podcast_rel_category_lang` (`category_id`, `lang_id`) VALUES ('5', '6');

INSERT INTO `contrexx_module_podcast_rel_medium_category` (`medium_id`, `category_id`) VALUES ('12', '2');
INSERT INTO `contrexx_module_podcast_rel_medium_category` (`medium_id`, `category_id`) VALUES ('15', '5');
INSERT INTO `contrexx_module_podcast_rel_medium_category` (`medium_id`, `category_id`) VALUES ('14', '1');
INSERT INTO `contrexx_module_podcast_rel_medium_category` (`medium_id`, `category_id`) VALUES ('5', '3');
INSERT INTO `contrexx_module_podcast_rel_medium_category` (`medium_id`, `category_id`) VALUES ('9', '3');
INSERT INTO `contrexx_module_podcast_rel_medium_category` (`medium_id`, `category_id`) VALUES ('9', '5');
INSERT INTO `contrexx_module_podcast_rel_medium_category` (`medium_id`, `category_id`) VALUES ('7', '5');
INSERT INTO `contrexx_module_podcast_rel_medium_category` (`medium_id`, `category_id`) VALUES ('7', '3');
INSERT INTO `contrexx_module_podcast_rel_medium_category` (`medium_id`, `category_id`) VALUES ('10', '2');
INSERT INTO `contrexx_module_podcast_rel_medium_category` (`medium_id`, `category_id`) VALUES ('10', '5');
INSERT INTO `contrexx_module_podcast_rel_medium_category` (`medium_id`, `category_id`) VALUES ('11', '3');
INSERT INTO `contrexx_module_podcast_rel_medium_category` (`medium_id`, `category_id`) VALUES ('13', '1');

INSERT INTO `contrexx_module_podcast_settings` (`setid`, `setname`, `setvalue`, `status`) VALUES ('3', 'default_width', '320', '1');
INSERT INTO `contrexx_module_podcast_settings` (`setid`, `setname`, `setvalue`, `status`) VALUES ('4', 'default_height', '240', '1');
INSERT INTO `contrexx_module_podcast_settings` (`setid`, `setname`, `setvalue`, `status`) VALUES ('5', 'feed_title', 'Contrexx Demo-Seite Neuste Videos', '1');
INSERT INTO `contrexx_module_podcast_settings` (`setid`, `setname`, `setvalue`, `status`) VALUES ('6', 'feed_description', 'Neuste Videos', '1');
INSERT INTO `contrexx_module_podcast_settings` (`setid`, `setname`, `setvalue`, `status`) VALUES ('7', 'feed_image', '', '1');
INSERT INTO `contrexx_module_podcast_settings` (`setid`, `setname`, `setvalue`, `status`) VALUES ('8', 'latest_media_count', '4', '1');
INSERT INTO `contrexx_module_podcast_settings` (`setid`, `setname`, `setvalue`, `status`) VALUES ('9', 'latest_media_categories', '1,4,2,5,3', '1');
INSERT INTO `contrexx_module_podcast_settings` (`setid`, `setname`, `setvalue`, `status`) VALUES ('10', 'thumb_max_size', '140', '1');
INSERT INTO `contrexx_module_podcast_settings` (`setid`, `setname`, `setvalue`, `status`) VALUES ('11', 'thumb_max_size_homecontent', '90', '1');
INSERT INTO `contrexx_module_podcast_settings` (`setid`, `setname`, `setvalue`, `status`) VALUES ('12', 'auto_validate', '0', '1');

INSERT INTO `contrexx_module_podcast_template` (`id`, `description`, `template`, `extensions`) VALUES ('50', 'Video für Windows (Windows Media Player Plug-in)', '<object id=\"podcastPlayer\" classid=\"clsid:6BF52A52-394A-11d3-B153-00C04F79FAA6\" standby=\"Loading Windows Media Player components...\" type=\"application/x-oleobject\" width=\"[[MEDIUM_WIDTH]]\" height=\"[[MEDIUM_HEIGHT]]\">\r\n<embed type=\"application/x-mplayer2\" name=\"podcastPlayer\" showstatusbar=\"1\" src=\"[[MEDIUM_URL]]\" autostart=\"1\" width=\"[[MEDIUM_WIDTH]]\" height=\"[[MEDIUM_HEIGHT]]+70\" />\r\n<param name=\"URL\" value=\"[[MEDIUM_URL]]\" />\r\n<param name=\"BufferingTime\" value=\"60\" />\r\n<param name=\"AllowChangeDisplaySize\" value=\"true\" />\r\n<param name=\"AutoStart\" value=\"true\" />\r\n<param name=\"EnableContextMenu\" value=\"true\" />\r\n<param name=\"stretchToFit\" value=\"true\" />\r\n<param name=\"ShowControls\" value=\"true\" />\r\n<param name=\"ShowTracker\" value=\"true\" />\r\n<param name=\"uiMode\" value=\"full\" />\r\n</object>', 'avi, wmv');
INSERT INTO `contrexx_module_podcast_template` (`id`, `description`, `template`, `extensions`) VALUES ('51', 'RealMedia (RealMedia Player Plug-in)', '<object id=\"podcastPlayer1\" classid=\"clsid:CFCDAA03-8BE4-11cf-B84B-0020AFBBCCFA\" width=\"[[MEDIUM_WIDTH]]\" height=\"[[MEDIUM_HEIGHT]]\">\r\n<param name=\"src\" value=\"[[MEDIUM_URL]]\">\r\n<param name=\"controls\" value=\"all\">\r\n<param name=\"autostart\" value=\"true\">\r\n<embed src=\"[[MEDIUM_URL]]\" width=\"[[MEDIUM_WIDTH]]\" height=\"[[MEDIUM_HEIGHT]]\" autostart=\"true\" type=\"video/x-pn-realvideo\" console=\"video1\" controls=\"All\" nojava=\"true\"></embed>\r\n</object>', 'ram, rpm');
INSERT INTO `contrexx_module_podcast_template` (`id`, `description`, `template`, `extensions`) VALUES ('52', 'QuickTime Film (QuickTime Plug-in)', '<object classid=\"clsid:02BF25D5-8C17-4B23-BC80-D3488ABDDC6B\" codebase=\"http://www.apple.com/qtactivex/qtplugin.cab\" width=\"[[MEDIUM_WIDTH]]\" height=\"[[MEDIUM_HEIGHT]]\">\r\n<param name=\"src\" value=\"[[MEDIUM_URL]]\" />\r\n<param name=\"autoplay\" value=\"true\" />\r\n<param name=\"controller\" value=\"true\" />\r\n<param name=\"target\" value=\"myself\" />\r\n<param name=\"type\" value=\"video/quicktime\" />\r\n<embed src=\"[[MEDIUM_URL]]\" width=[[MEDIUM_WIDTH]]\" height=\"[[MEDIUM_HEIGHT]]\" type=\"video/quicktime\" pluginspage=\"http://www.apple.com/quicktime/download/\" autoplay=\"true\" controller=\"true\" target=\"myself\" />\r\n</object>', 'mov, qt, mqv');
INSERT INTO `contrexx_module_podcast_template` (`id`, `description`, `template`, `extensions`) VALUES ('53', 'CAF-Audio (QuickTime Plug-in)', '<object classid=\"clsid:02BF25D5-8C17-4B23-BC80-D3488ABDDC6B\" codebase=\"http://www.apple.com/qtactivex/qtplugin.cab\" width=\"[[MEDIUM_WIDTH]]\" height=\"[[MEDIUM_HEIGHT]]\">\r\n<param name=\"src\" value=\"[[MEDIUM_URL]]\" />\r\n<param name=\"autoplay\" value=\"true\" />\r\n<param name=\"controller\" value=\"true\" />\r\n<param name=\"target\" value=\"myself\" />\r\n<param name=\"type\" value=\"audio/x-caf\" />\r\n<embed src=\"[[MEDIUM_URL]]\" width=[[MEDIUM_WIDTH]]\" height=\"[[MEDIUM_HEIGHT]]\" type=\"audio/x-caf\" pluginspage=\"http://www.apple.com/quicktime/download/\" autoplay=\"true\" controller=\"true\" target=\"myself\" />\r\n</object>', 'caf');
INSERT INTO `contrexx_module_podcast_template` (`id`, `description`, `template`, `extensions`) VALUES ('54', 'AAC-Audio (QuickTime Plug-in)', '<object classid=\"clsid:02BF25D5-8C17-4B23-BC80-D3488ABDDC6B\" codebase=\"http://www.apple.com/qtactivex/qtplugin.cab\" width=\"[[MEDIUM_WIDTH]]\" height=\"[[MEDIUM_HEIGHT]]\">\r\n<param name=\"src\" value=\"[[MEDIUM_URL]]\" />\r\n<param name=\"autoplay\" value=\"true\" />\r\n<param name=\"controller\" value=\"true\" />\r\n<param name=\"target\" value=\"myself\" />\r\n<param name=\"type\" value=\"audio/x-aac\" />\r\n<embed src=\"[[MEDIUM_URL]]\" width=[[MEDIUM_WIDTH]]\" height=\"[[MEDIUM_HEIGHT]]\" type=\"audio/x-aac\" pluginspage=\"http://www.apple.com/quicktime/download/\" autoplay=\"true\" controller=\"true\" target=\"myself\" />\r\n</object>', 'aac, adts');
INSERT INTO `contrexx_module_podcast_template` (`id`, `description`, `template`, `extensions`) VALUES ('55', 'AMR-Audio (QuickTime Plug-in)', '<object classid=\"clsid:02BF25D5-8C17-4B23-BC80-D3488ABDDC6B\" codebase=\"http://www.apple.com/qtactivex/qtplugin.cab\" width=\"[[MEDIUM_WIDTH]]\" height=\"[[MEDIUM_HEIGHT]]\">\r\n<param name=\"src\" value=\"[[MEDIUM_URL]]\" />\r\n<param name=\"autoplay\" value=\"true\" />\r\n<param name=\"controller\" value=\"true\" />\r\n<param name=\"target\" value=\"myself\" />\r\n<param name=\"type\" value=\"audio/AMR\" />\r\n<embed src=\"[[MEDIUM_URL]]\" width=[[MEDIUM_WIDTH]]\" height=\"[[MEDIUM_HEIGHT]]\" type=\"audio/AMR\" pluginspage=\"http://www.apple.com/quicktime/download/\" autoplay=\"true\" controller=\"true\" target=\"myself\" />\r\n</object>', 'amr');
INSERT INTO `contrexx_module_podcast_template` (`id`, `description`, `template`, `extensions`) VALUES ('56', 'GSM-Audio (QuickTime Plug-in)', '<object classid=\"clsid:02BF25D5-8C17-4B23-BC80-D3488ABDDC6B\" codebase=\"http://www.apple.com/qtactivex/qtplugin.cab\" width=\"[[MEDIUM_WIDTH]]\" height=\"[[MEDIUM_HEIGHT]]\">\r\n<param name=\"src\" value=\"[[MEDIUM_URL]]\" />\r\n<param name=\"autoplay\" value=\"true\" />\r\n<param name=\"controller\" value=\"true\" />\r\n<param name=\"target\" value=\"myself\" />\r\n<param name=\"type\" value=\"audio/x-gsm\" />\r\n<embed src=\"[[MEDIUM_URL]]\" width=[[MEDIUM_WIDTH]]\" height=\"[[MEDIUM_HEIGHT]]\" type=\"audio/x-gsm\" pluginspage=\"http://www.apple.com/quicktime/download/\" autoplay=\"true\" controller=\"true\" target=\"myself\" />\r\n</object>', 'gsm');
INSERT INTO `contrexx_module_podcast_template` (`id`, `description`, `template`, `extensions`) VALUES ('57', 'QUALCOMM PureVoice Audio (QuickTime Plug-in)', '<object classid=\"clsid:02BF25D5-8C17-4B23-BC80-D3488ABDDC6B\" codebase=\"http://www.apple.com/qtactivex/qtplugin.cab\" width=\"[[MEDIUM_WIDTH]]\" height=\"[[MEDIUM_HEIGHT]]\">\r\n<param name=\"src\" value=\"[[MEDIUM_URL]]\" />\r\n<param name=\"autoplay\" value=\"true\" />\r\n<param name=\"controller\" value=\"true\" />\r\n<param name=\"target\" value=\"myself\" />\r\n<param name=\"type\" value=\"audio/vnd.qcelp\" />\r\n<embed src=\"[[MEDIUM_URL]]\" width=[[MEDIUM_WIDTH]]\" height=\"[[MEDIUM_HEIGHT]]\" type=\"audio/vnd.qcelp\" pluginspage=\"http://www.apple.com/quicktime/download/\" autoplay=\"true\" controller=\"true\" target=\"myself\" />\r\n</object>', 'qcp');
INSERT INTO `contrexx_module_podcast_template` (`id`, `description`, `template`, `extensions`) VALUES ('58', 'MIDI (QuickTime Plug-in)', '<object classid=\"clsid:02BF25D5-8C17-4B23-BC80-D3488ABDDC6B\" codebase=\"http://www.apple.com/qtactivex/qtplugin.cab\" width=\"[[MEDIUM_WIDTH]]\" height=\"[[MEDIUM_HEIGHT]]\">\r\n<param name=\"src\" value=\"[[MEDIUM_URL]]\" />\r\n<param name=\"autoplay\" value=\"true\" />\r\n<param name=\"controller\" value=\"true\" />\r\n<param name=\"target\" value=\"myself\" />\r\n<param name=\"type\" value=\"audio/x-midi\" />\r\n<embed src=\"[[MEDIUM_URL]]\" width=[[MEDIUM_WIDTH]]\" height=\"[[MEDIUM_HEIGHT]]\" type=\"audio/x-midi\" pluginspage=\"http://www.apple.com/quicktime/download/\" autoplay=\"true\" controller=\"true\" target=\"myself\" />\r\n</object>', 'mid, midi, smf, kar');
INSERT INTO `contrexx_module_podcast_template` (`id`, `description`, `template`, `extensions`) VALUES ('59', 'uLaw/AU-Audio (QuickTime Plug-in)', '<object classid=\"clsid:02BF25D5-8C17-4B23-BC80-D3488ABDDC6B\" codebase=\"http://www.apple.com/qtactivex/qtplugin.cab\" width=\"[[MEDIUM_WIDTH]]\" height=\"[[MEDIUM_HEIGHT]]\">\r\n<param name=\"src\" value=\"[[MEDIUM_URL]]\" />\r\n<param name=\"autoplay\" value=\"true\" />\r\n<param name=\"controller\" value=\"true\" />\r\n<param name=\"target\" value=\"myself\" />\r\n<param name=\"type\" value=\"audio/basic\" />\r\n<embed src=\"[[MEDIUM_URL]]\" width=[[MEDIUM_WIDTH]]\" height=\"[[MEDIUM_HEIGHT]]\" type=\"audio/basic\" pluginspage=\"http://www.apple.com/quicktime/download/\" autoplay=\"true\" controller=\"true\" target=\"myself\" />\r\n</object>', 'au, snd, ulw');
INSERT INTO `contrexx_module_podcast_template` (`id`, `description`, `template`, `extensions`) VALUES ('60', 'AIFF-Audio (QuickTime Plug-in)', '<object classid=\"clsid:02BF25D5-8C17-4B23-BC80-D3488ABDDC6B\" codebase=\"http://www.apple.com/qtactivex/qtplugin.cab\" width=\"[[MEDIUM_WIDTH]]\" height=\"[[MEDIUM_HEIGHT]]\">\r\n<param name=\"src\" value=\"[[MEDIUM_URL]]\" />\r\n<param name=\"autoplay\" value=\"true\" />\r\n<param name=\"controller\" value=\"true\" />\r\n<param name=\"target\" value=\"myself\" />\r\n<param name=\"type\" value=\"audio/x-aiff\" />\r\n<embed src=\"[[MEDIUM_URL]]\" width=[[MEDIUM_WIDTH]]\" height=\"[[MEDIUM_HEIGHT]]\" type=\"audio/x-aiff\" pluginspage=\"http://www.apple.com/quicktime/download/\" autoplay=\"true\" controller=\"true\" target=\"myself\" />\r\n</object>', 'aiff, aif, aifc, cdda');
INSERT INTO `contrexx_module_podcast_template` (`id`, `description`, `template`, `extensions`) VALUES ('61', 'WAVE-Audio (QuickTime Plug-in)', '<object classid=\"clsid:02BF25D5-8C17-4B23-BC80-D3488ABDDC6B\" codebase=\"http://www.apple.com/qtactivex/qtplugin.cab\" width=\"[[MEDIUM_WIDTH]]\" height=\"[[MEDIUM_HEIGHT]]\">\r\n<param name=\"src\" value=\"[[MEDIUM_URL]]\" />\r\n<param name=\"autoplay\" value=\"true\" />\r\n<param name=\"controller\" value=\"true\" />\r\n<param name=\"target\" value=\"myself\" />\r\n<param name=\"type\" value=\"audio/x-wav\" />\r\n<embed src=\"[[MEDIUM_URL]]\" width=[[MEDIUM_WIDTH]]\" height=\"[[MEDIUM_HEIGHT]]\" type=\"audio/x-wav\" pluginspage=\"http://www.apple.com/quicktime/download/\" autoplay=\"true\" controller=\"true\" target=\"myself\" />\r\n</object>', 'wav, bwf');
INSERT INTO `contrexx_module_podcast_template` (`id`, `description`, `template`, `extensions`) VALUES ('62', 'Video für Windows (AVI) (QuickTime Plug-in)', '<object classid=\"clsid:02BF25D5-8C17-4B23-BC80-D3488ABDDC6B\" codebase=\"http://www.apple.com/qtactivex/qtplugin.cab\" width=\"[[MEDIUM_WIDTH]]\" height=\"[[MEDIUM_HEIGHT]]\">\r\n<param name=\"src\" value=\"[[MEDIUM_URL]]\" />\r\n<param name=\"autoplay\" value=\"true\" />\r\n<param name=\"controller\" value=\"true\" />\r\n<param name=\"target\" value=\"myself\" />\r\n<param name=\"type\" value=\"video/x-msvideo\" />\r\n<embed src=\"[[MEDIUM_URL]]\" width=[[MEDIUM_WIDTH]]\" height=\"[[MEDIUM_HEIGHT]]\" type=\"video/x-msvideo\" pluginspage=\"http://www.apple.com/quicktime/download/\" autoplay=\"true\" controller=\"true\" target=\"myself\" />\r\n</object>', 'avi, vfw');
INSERT INTO `contrexx_module_podcast_template` (`id`, `description`, `template`, `extensions`) VALUES ('63', 'AutoDesk Animator (FLC) (QuickTime Plug-in)', '<object classid=\"clsid:02BF25D5-8C17-4B23-BC80-D3488ABDDC6B\" codebase=\"http://www.apple.com/qtactivex/qtplugin.cab\" width=\"[[MEDIUM_WIDTH]]\" height=\"[[MEDIUM_HEIGHT]]\">\r\n<param name=\"src\" value=\"[[MEDIUM_URL]]\" />\r\n<param name=\"autoplay\" value=\"true\" />\r\n<param name=\"controller\" value=\"true\" />\r\n<param name=\"target\" value=\"myself\" />\r\n<param name=\"type\" value=\"video/flc\" />\r\n<embed src=\"[[MEDIUM_URL]]\" width=[[MEDIUM_WIDTH]]\" height=\"[[MEDIUM_HEIGHT]]\" type=\"video/flc\" pluginspage=\"http://www.apple.com/quicktime/download/\" autoplay=\"true\" controller=\"true\" target=\"myself\" />\r\n</object>', 'flc, fli, cel');
INSERT INTO `contrexx_module_podcast_template` (`id`, `description`, `template`, `extensions`) VALUES ('64', 'Digitales Video (DV) (QuickTime Plug-in)', '<object classid=\"clsid:02BF25D5-8C17-4B23-BC80-D3488ABDDC6B\" codebase=\"http://www.apple.com/qtactivex/qtplugin.cab\" width=\"[[MEDIUM_WIDTH]]\" height=\"[[MEDIUM_HEIGHT]]\">\r\n<param name=\"src\" value=\"[[MEDIUM_URL]]\" />\r\n<param name=\"autoplay\" value=\"true\" />\r\n<param name=\"controller\" value=\"true\" />\r\n<param name=\"target\" value=\"myself\" />\r\n<param name=\"type\" value=\"video/x-dv\" />\r\n<embed src=\"[[MEDIUM_URL]]\" width=[[MEDIUM_WIDTH]]\" height=\"[[MEDIUM_HEIGHT]]\" type=\"video/x-dv\" pluginspage=\"http://www.apple.com/quicktime/download/\" autoplay=\"true\" controller=\"true\" target=\"myself\" />\r\n</object>', 'dv, dif');
INSERT INTO `contrexx_module_podcast_template` (`id`, `description`, `template`, `extensions`) VALUES ('65', 'SDP-Stream-Beschreibung (QuickTime Plug-in)', '<object classid=\"clsid:02BF25D5-8C17-4B23-BC80-D3488ABDDC6B\" codebase=\"http://www.apple.com/qtactivex/qtplugin.cab\" width=\"[[MEDIUM_WIDTH]]\" height=\"[[MEDIUM_HEIGHT]]\">\r\n<param name=\"src\" value=\"[[MEDIUM_URL]]\" />\r\n<param name=\"autoplay\" value=\"true\" />\r\n<param name=\"controller\" value=\"true\" />\r\n<param name=\"target\" value=\"myself\" />\r\n<param name=\"type\" value=\"application/x-sdp\" />\r\n<embed src=\"[[MEDIUM_URL]]\" width=[[MEDIUM_WIDTH]]\" height=\"[[MEDIUM_HEIGHT]]\" type=\"application/x-sdp\" pluginspage=\"http://www.apple.com/quicktime/download/\" autoplay=\"true\" controller=\"true\" target=\"myself\" />\r\n</object>', 'sdp');
INSERT INTO `contrexx_module_podcast_template` (`id`, `description`, `template`, `extensions`) VALUES ('66', 'RTSP-Stream-Beschreibung (QuickTime Plug-in)', '<object classid=\"clsid:02BF25D5-8C17-4B23-BC80-D3488ABDDC6B\" codebase=\"http://www.apple.com/qtactivex/qtplugin.cab\" width=\"[[MEDIUM_WIDTH]]\" height=\"[[MEDIUM_HEIGHT]]\">\r\n<param name=\"src\" value=\"[[MEDIUM_URL]]\" />\r\n<param name=\"autoplay\" value=\"true\" />\r\n<param name=\"controller\" value=\"true\" />\r\n<param name=\"target\" value=\"myself\" />\r\n<param name=\"type\" value=\"application/x-rtsp\" />\r\n<embed src=\"[[MEDIUM_URL]]\" width=[[MEDIUM_WIDTH]]\" height=\"[[MEDIUM_HEIGHT]]\" type=\"application/x-rtsp\" pluginspage=\"http://www.apple.com/quicktime/download/\" autoplay=\"true\" controller=\"true\" target=\"myself\" />\r\n</object>', 'rtsp, rts');
INSERT INTO `contrexx_module_podcast_template` (`id`, `description`, `template`, `extensions`) VALUES ('67', 'MP3-Wiedergabeliste (QuickTime Plug-in)', '<object classid=\"clsid:02BF25D5-8C17-4B23-BC80-D3488ABDDC6B\" codebase=\"http://www.apple.com/qtactivex/qtplugin.cab\" width=\"[[MEDIUM_WIDTH]]\" height=\"[[MEDIUM_HEIGHT]]\">\r\n<param name=\"src\" value=\"[[MEDIUM_URL]]\" />\r\n<param name=\"autoplay\" value=\"true\" />\r\n<param name=\"controller\" value=\"true\" />\r\n<param name=\"target\" value=\"myself\" />\r\n<param name=\"type\" value=\"audio/x-mpegurl\" />\r\n<embed src=\"[[MEDIUM_URL]]\" width=[[MEDIUM_WIDTH]]\" height=\"[[MEDIUM_HEIGHT]]\" type=\"audio/x-mpegurl\" pluginspage=\"http://www.apple.com/quicktime/download/\" autoplay=\"true\" controller=\"true\" target=\"myself\" />\r\n</object>', 'm3u, m3url');
INSERT INTO `contrexx_module_podcast_template` (`id`, `description`, `template`, `extensions`) VALUES ('68', 'MPEG-Medien (QuickTime Plug-in)', '<object classid=\"clsid:02BF25D5-8C17-4B23-BC80-D3488ABDDC6B\" codebase=\"http://www.apple.com/qtactivex/qtplugin.cab\" width=\"[[MEDIUM_WIDTH]]\" height=\"[[MEDIUM_HEIGHT]]\">\r\n<param name=\"src\" value=\"[[MEDIUM_URL]]\" />\r\n<param name=\"autoplay\" value=\"true\" />\r\n<param name=\"controller\" value=\"true\" />\r\n<param name=\"target\" value=\"myself\" />\r\n<param name=\"type\" value=\"video/x-mpeg\" />\r\n<embed src=\"[[MEDIUM_URL]]\" width=[[MEDIUM_WIDTH]]\" height=\"[[MEDIUM_HEIGHT]]\" type=\"video/x-mpeg\" pluginspage=\"http://www.apple.com/quicktime/download/\" autoplay=\"true\" controller=\"true\" target=\"myself\" />\r\n</object>', 'mpeg, mpg, m1s, m1v, m1a, m75, m15, mp2');
INSERT INTO `contrexx_module_podcast_template` (`id`, `description`, `template`, `extensions`) VALUES ('69', '3GPP-Medien (QuickTime Plug-in)', '<object classid=\"clsid:02BF25D5-8C17-4B23-BC80-D3488ABDDC6B\" codebase=\"http://www.apple.com/qtactivex/qtplugin.cab\" width=\"[[MEDIUM_WIDTH]]\" height=\"[[MEDIUM_HEIGHT]]\">\r\n<param name=\"src\" value=\"[[MEDIUM_URL]]\" />\r\n<param name=\"autoplay\" value=\"true\" />\r\n<param name=\"controller\" value=\"true\" />\r\n<param name=\"target\" value=\"myself\" />\r\n<param name=\"type\" value=\"video/3gpp\" />\r\n<embed src=\"[[MEDIUM_URL]]\" width=[[MEDIUM_WIDTH]]\" height=\"[[MEDIUM_HEIGHT]]\" type=\"video/3gpp\" pluginspage=\"http://www.apple.com/quicktime/download/\" autoplay=\"true\" controller=\"true\" target=\"myself\" />\r\n</object>', '3gp, 3gpp');
INSERT INTO `contrexx_module_podcast_template` (`id`, `description`, `template`, `extensions`) VALUES ('70', '3GPP2-Medien (QuickTime Plug-in)', '<object classid=\"clsid:02BF25D5-8C17-4B23-BC80-D3488ABDDC6B\" codebase=\"http://www.apple.com/qtactivex/qtplugin.cab\" width=\"[[MEDIUM_WIDTH]]\" height=\"[[MEDIUM_HEIGHT]]\">\r\n<param name=\"src\" value=\"[[MEDIUM_URL]]\" />\r\n<param name=\"autoplay\" value=\"true\" />\r\n<param name=\"controller\" value=\"true\" />\r\n<param name=\"target\" value=\"myself\" />\r\n<param name=\"type\" value=\"video/3gpp2\" />\r\n<embed src=\"[[MEDIUM_URL]]\" width=[[MEDIUM_WIDTH]]\" height=\"[[MEDIUM_HEIGHT]]\" type=\"video/3gpp2\" pluginspage=\"http://www.apple.com/quicktime/download/\" autoplay=\"true\" controller=\"true\" target=\"myself\" />\r\n</object>', '3g2, 3gp2');
INSERT INTO `contrexx_module_podcast_template` (`id`, `description`, `template`, `extensions`) VALUES ('71', 'SD-Video (QuickTime Plug-in)', '<object classid=\"clsid:02BF25D5-8C17-4B23-BC80-D3488ABDDC6B\" codebase=\"http://www.apple.com/qtactivex/qtplugin.cab\" width=\"[[MEDIUM_WIDTH]]\" height=\"[[MEDIUM_HEIGHT]]\">\r\n<param name=\"src\" value=\"[[MEDIUM_URL]]\" />\r\n<param name=\"autoplay\" value=\"true\" />\r\n<param name=\"controller\" value=\"true\" />\r\n<param name=\"target\" value=\"myself\" />\r\n<param name=\"type\" value=\"video/sd-video\" />\r\n<embed src=\"[[MEDIUM_URL]]\" width=[[MEDIUM_WIDTH]]\" height=\"[[MEDIUM_HEIGHT]]\" type=\"video/sd-video\" pluginspage=\"http://www.apple.com/quicktime/download/\" autoplay=\"true\" controller=\"true\" target=\"myself\" />\r\n</object>', 'sdv');
INSERT INTO `contrexx_module_podcast_template` (`id`, `description`, `template`, `extensions`) VALUES ('72', 'AMC-Medien (QuickTime Plug-in)', '<object classid=\"clsid:02BF25D5-8C17-4B23-BC80-D3488ABDDC6B\" codebase=\"http://www.apple.com/qtactivex/qtplugin.cab\" width=\"[[MEDIUM_WIDTH]]\" height=\"[[MEDIUM_HEIGHT]]\">\r\n<param name=\"src\" value=\"[[MEDIUM_URL]]\" />\r\n<param name=\"autoplay\" value=\"true\" />\r\n<param name=\"controller\" value=\"true\" />\r\n<param name=\"target\" value=\"myself\" />\r\n<param name=\"type\" value=\"application/x-mpeg\" />\r\n<embed src=\"[[MEDIUM_URL]]\" width=[[MEDIUM_WIDTH]]\" height=\"[[MEDIUM_HEIGHT]]\" type=\"application/x-mpeg\" pluginspage=\"http://www.apple.com/quicktime/download/\" autoplay=\"true\" controller=\"true\" target=\"myself\" />\r\n</object>', 'amc');
INSERT INTO `contrexx_module_podcast_template` (`id`, `description`, `template`, `extensions`) VALUES ('73', 'MPEG-4-Medien (QuickTime Plug-in)', '<object classid=\"clsid:02BF25D5-8C17-4B23-BC80-D3488ABDDC6B\" codebase=\"http://www.apple.com/qtactivex/qtplugin.cab\" width=\"[[MEDIUM_WIDTH]]\" height=\"[[MEDIUM_HEIGHT]]\">\r\n<param name=\"src\" value=\"[[MEDIUM_URL]]\" />\r\n<param name=\"autoplay\" value=\"true\" />\r\n<param name=\"controller\" value=\"true\" />\r\n<param name=\"target\" value=\"myself\" />\r\n<param name=\"type\" value=\"video/mp4\" />\r\n<embed src=\"[[MEDIUM_URL]]\" width=[[MEDIUM_WIDTH]]\" height=\"[[MEDIUM_HEIGHT]]\" type=\"video/mp4\" pluginspage=\"http://www.apple.com/quicktime/download/\" autoplay=\"true\" controller=\"true\" target=\"myself\" />\r\n</object>', 'mp4');
INSERT INTO `contrexx_module_podcast_template` (`id`, `description`, `template`, `extensions`) VALUES ('74', 'AAC-Audiodatei (QuickTime Plug-in)', '<object classid=\"clsid:02BF25D5-8C17-4B23-BC80-D3488ABDDC6B\" codebase=\"http://www.apple.com/qtactivex/qtplugin.cab\" width=\"[[MEDIUM_WIDTH]]\" height=\"[[MEDIUM_HEIGHT]]\">\r\n<param name=\"src\" value=\"[[MEDIUM_URL]]\" />\r\n<param name=\"autoplay\" value=\"true\" />\r\n<param name=\"controller\" value=\"true\" />\r\n<param name=\"target\" value=\"myself\" />\r\n<param name=\"type\" value=\"audio/x-m4a\" />\r\n<embed src=\"[[MEDIUM_URL]]\" width=[[MEDIUM_WIDTH]]\" height=\"[[MEDIUM_HEIGHT]]\" type=\"audio/x-m4a\" pluginspage=\"http://www.apple.com/quicktime/download/\" autoplay=\"true\" controller=\"true\" target=\"myself\" />\r\n</object>', 'm4a');
INSERT INTO `contrexx_module_podcast_template` (`id`, `description`, `template`, `extensions`) VALUES ('75', 'AAC-Audio (geschützt) (QuickTime Plug-in)', '<object classid=\"clsid:02BF25D5-8C17-4B23-BC80-D3488ABDDC6B\" codebase=\"http://www.apple.com/qtactivex/qtplugin.cab\" width=\"[[MEDIUM_WIDTH]]\" height=\"[[MEDIUM_HEIGHT]]\">\r\n<param name=\"src\" value=\"[[MEDIUM_URL]]\" />\r\n<param name=\"autoplay\" value=\"true\" />\r\n<param name=\"controller\" value=\"true\" />\r\n<param name=\"target\" value=\"myself\" />\r\n<param name=\"type\" value=\"audio/x-m4p\" />\r\n<embed src=\"[[MEDIUM_URL]]\" width=[[MEDIUM_WIDTH]]\" height=\"[[MEDIUM_HEIGHT]]\" type=\"audio/x-m4p\" pluginspage=\"http://www.apple.com/quicktime/download/\" autoplay=\"true\" controller=\"true\" target=\"myself\" />\r\n</object>', 'm4p');
INSERT INTO `contrexx_module_podcast_template` (`id`, `description`, `template`, `extensions`) VALUES ('76', 'ACC-Audiobuch (QuickTime Plug-in)', '<object classid=\"clsid:02BF25D5-8C17-4B23-BC80-D3488ABDDC6B\" codebase=\"http://www.apple.com/qtactivex/qtplugin.cab\" width=\"[[MEDIUM_WIDTH]]\" height=\"[[MEDIUM_HEIGHT]]\">\r\n<param name=\"src\" value=\"[[MEDIUM_URL]]\" />\r\n<param name=\"autoplay\" value=\"true\" />\r\n<param name=\"controller\" value=\"true\" />\r\n<param name=\"target\" value=\"myself\" />\r\n<param name=\"type\" value=\"audio/x-m4b\" />\r\n<embed src=\"[[MEDIUM_URL]]\" width=[[MEDIUM_WIDTH]]\" height=\"[[MEDIUM_HEIGHT]]\" type=\"audio/x-m4b\" pluginspage=\"http://www.apple.com/quicktime/download/\" autoplay=\"true\" controller=\"true\" target=\"myself\" />\r\n</object>', 'm4b');
INSERT INTO `contrexx_module_podcast_template` (`id`, `description`, `template`, `extensions`) VALUES ('77', 'Video (geschützt) (QuickTime Plug-in)', '<object classid=\"clsid:02BF25D5-8C17-4B23-BC80-D3488ABDDC6B\" codebase=\"http://www.apple.com/qtactivex/qtplugin.cab\" width=\"[[MEDIUM_WIDTH]]\" height=\"[[MEDIUM_HEIGHT]]\">\r\n<param name=\"src\" value=\"[[MEDIUM_URL]]\" />\r\n<param name=\"autoplay\" value=\"true\" />\r\n<param name=\"controller\" value=\"true\" />\r\n<param name=\"target\" value=\"myself\" />\r\n<param name=\"type\" value=\"video/x-m4v\" />\r\n<embed src=\"[[MEDIUM_URL]]\" width=[[MEDIUM_WIDTH]]\" height=\"[[MEDIUM_HEIGHT]]\" type=\"video/x-m4v\" pluginspage=\"http://www.apple.com/quicktime/download/\" autoplay=\"true\" controller=\"true\" target=\"myself\" />\r\n</object>', 'm4v');
INSERT INTO `contrexx_module_podcast_template` (`id`, `description`, `template`, `extensions`) VALUES ('78', 'MP3-Audio (QuickTime Plug-in)', '<object classid=\"clsid:02BF25D5-8C17-4B23-BC80-D3488ABDDC6B\" codebase=\"http://www.apple.com/qtactivex/qtplugin.cab\" width=\"[[MEDIUM_WIDTH]]\" height=\"[[MEDIUM_HEIGHT]]\">\r\n<param name=\"src\" value=\"[[MEDIUM_URL]]\" />\r\n<param name=\"autoplay\" value=\"true\" />\r\n<param name=\"controller\" value=\"true\" />\r\n<param name=\"target\" value=\"myself\" />\r\n<param name=\"type\" value=\"audio/x-mpeg\" />\r\n<embed src=\"[[MEDIUM_URL]]\" width=[[MEDIUM_WIDTH]]\" height=\"[[MEDIUM_HEIGHT]]\" type=\"audio/x-mpeg\" pluginspage=\"http://www.apple.com/quicktime/download/\" autoplay=\"true\" controller=\"true\" target=\"myself\" />\r\n</object>', 'mp3, swa');
INSERT INTO `contrexx_module_podcast_template` (`id`, `description`, `template`, `extensions`) VALUES ('79', 'Sound Designer II (QuickTime Plug-in)', '<object classid=\"clsid:02BF25D5-8C17-4B23-BC80-D3488ABDDC6B\" codebase=\"http://www.apple.com/qtactivex/qtplugin.cab\" width=\"[[MEDIUM_WIDTH]]\" height=\"[[MEDIUM_HEIGHT]]\">\r\n<param name=\"src\" value=\"[[MEDIUM_URL]]\" />\r\n<param name=\"autoplay\" value=\"true\" />\r\n<param name=\"controller\" value=\"true\" />\r\n<param name=\"target\" value=\"myself\" />\r\n<param name=\"type\" value=\"audio/x-sd2\" />\r\n<embed src=\"[[MEDIUM_URL]]\" width=[[MEDIUM_WIDTH]]\" height=\"[[MEDIUM_HEIGHT]]\" type=\"audio/x-sd2\" pluginspage=\"http://www.apple.com/quicktime/download/\" autoplay=\"true\" controller=\"true\" target=\"myself\" />\r\n</object>', 'sd2');
INSERT INTO `contrexx_module_podcast_template` (`id`, `description`, `template`, `extensions`) VALUES ('80', 'BMP-Bild (QuickTime Plug-in)', '<object classid=\"clsid:02BF25D5-8C17-4B23-BC80-D3488ABDDC6B\" codebase=\"http://www.apple.com/qtactivex/qtplugin.cab\" width=\"[[MEDIUM_WIDTH]]\" height=\"[[MEDIUM_HEIGHT]]\">\r\n<param name=\"src\" value=\"[[MEDIUM_URL]]\" />\r\n<param name=\"autoplay\" value=\"true\" />\r\n<param name=\"controller\" value=\"true\" />\r\n<param name=\"target\" value=\"myself\" />\r\n<param name=\"type\" value=\"image/x-bmp\" />\r\n<embed src=\"[[MEDIUM_URL]]\" width=[[MEDIUM_WIDTH]]\" height=\"[[MEDIUM_HEIGHT]]\" type=\"image/x-bmp\" pluginspage=\"http://www.apple.com/quicktime/download/\" autoplay=\"true\" controller=\"true\" target=\"myself\" />\r\n</object>', 'bmp, dib');
INSERT INTO `contrexx_module_podcast_template` (`id`, `description`, `template`, `extensions`) VALUES ('81', 'MacPaint Bild (QuickTime Plug-in)', '<object classid=\"clsid:02BF25D5-8C17-4B23-BC80-D3488ABDDC6B\" codebase=\"http://www.apple.com/qtactivex/qtplugin.cab\" width=\"[[MEDIUM_WIDTH]]\" height=\"[[MEDIUM_HEIGHT]]\">\r\n<param name=\"src\" value=\"[[MEDIUM_URL]]\" />\r\n<param name=\"autoplay\" value=\"true\" />\r\n<param name=\"controller\" value=\"true\" />\r\n<param name=\"target\" value=\"myself\" />\r\n<param name=\"type\" value=\"image/x-macpaint\" />\r\n<embed src=\"[[MEDIUM_URL]]\" width=[[MEDIUM_WIDTH]]\" height=\"[[MEDIUM_HEIGHT]]\" type=\"image/x-macpaint\" pluginspage=\"http://www.apple.com/quicktime/download/\" autoplay=\"true\" controller=\"true\" target=\"myself\" />\r\n</object>', 'pntg, pnt, mac');
INSERT INTO `contrexx_module_podcast_template` (`id`, `description`, `template`, `extensions`) VALUES ('82', 'PICT-Bild (QuickTime Plug-in)', '<object classid=\"clsid:02BF25D5-8C17-4B23-BC80-D3488ABDDC6B\" codebase=\"http://www.apple.com/qtactivex/qtplugin.cab\" width=\"[[MEDIUM_WIDTH]]\" height=\"[[MEDIUM_HEIGHT]]\">\r\n<param name=\"src\" value=\"[[MEDIUM_URL]]\" />\r\n<param name=\"autoplay\" value=\"true\" />\r\n<param name=\"controller\" value=\"true\" />\r\n<param name=\"target\" value=\"myself\" />\r\n<param name=\"type\" value=\"image/x-pict\" />\r\n<embed src=\"[[MEDIUM_URL]]\" width=[[MEDIUM_WIDTH]]\" height=\"[[MEDIUM_HEIGHT]]\" type=\"image/x-pict\" pluginspage=\"http://www.apple.com/quicktime/download/\" autoplay=\"true\" controller=\"true\" target=\"myself\" />\r\n</object>', 'pict, pic, pct');
INSERT INTO `contrexx_module_podcast_template` (`id`, `description`, `template`, `extensions`) VALUES ('83', 'PNG-Bild (QuickTime Plug-in)', '<object classid=\"clsid:02BF25D5-8C17-4B23-BC80-D3488ABDDC6B\" codebase=\"http://www.apple.com/qtactivex/qtplugin.cab\" width=\"[[MEDIUM_WIDTH]]\" height=\"[[MEDIUM_HEIGHT]]\">\r\n<param name=\"src\" value=\"[[MEDIUM_URL]]\" />\r\n<param name=\"autoplay\" value=\"true\" />\r\n<param name=\"controller\" value=\"true\" />\r\n<param name=\"target\" value=\"myself\" />\r\n<param name=\"type\" value=\"image/x-png\" />\r\n<embed src=\"[[MEDIUM_URL]]\" width=[[MEDIUM_WIDTH]]\" height=\"[[MEDIUM_HEIGHT]]\" type=\"image/x-png\" pluginspage=\"http://www.apple.com/quicktime/download/\" autoplay=\"true\" controller=\"true\" target=\"myself\" />\r\n</object>', 'png');
INSERT INTO `contrexx_module_podcast_template` (`id`, `description`, `template`, `extensions`) VALUES ('84', 'QuickTime Bild (QuickTime Plug-in)', '<object classid=\"clsid:02BF25D5-8C17-4B23-BC80-D3488ABDDC6B\" codebase=\"http://www.apple.com/qtactivex/qtplugin.cab\" width=\"[[MEDIUM_WIDTH]]\" height=\"[[MEDIUM_HEIGHT]]\">\r\n<param name=\"src\" value=\"[[MEDIUM_URL]]\" />\r\n<param name=\"autoplay\" value=\"true\" />\r\n<param name=\"controller\" value=\"true\" />\r\n<param name=\"target\" value=\"myself\" />\r\n<param name=\"type\" value=\"image/x-quicktime\" />\r\n<embed src=\"[[MEDIUM_URL]]\" width=[[MEDIUM_WIDTH]]\" height=\"[[MEDIUM_HEIGHT]]\" type=\"image/x-quicktime\" pluginspage=\"http://www.apple.com/quicktime/download/\" autoplay=\"true\" controller=\"true\" target=\"myself\" />\r\n</object>', 'qtif, qti');
INSERT INTO `contrexx_module_podcast_template` (`id`, `description`, `template`, `extensions`) VALUES ('85', 'SGI-Bild (QuickTime Plug-in)', '<object classid=\"clsid:02BF25D5-8C17-4B23-BC80-D3488ABDDC6B\" codebase=\"http://www.apple.com/qtactivex/qtplugin.cab\" width=\"[[MEDIUM_WIDTH]]\" height=\"[[MEDIUM_HEIGHT]]\">\r\n<param name=\"src\" value=\"[[MEDIUM_URL]]\" />\r\n<param name=\"autoplay\" value=\"true\" />\r\n<param name=\"controller\" value=\"true\" />\r\n<param name=\"target\" value=\"myself\" />\r\n<param name=\"type\" value=\"image/x-sgi\" />\r\n<embed src=\"[[MEDIUM_URL]]\" width=[[MEDIUM_WIDTH]]\" height=\"[[MEDIUM_HEIGHT]]\" type=\"image/x-sgi\" pluginspage=\"http://www.apple.com/quicktime/download/\" autoplay=\"true\" controller=\"true\" target=\"myself\" />\r\n</object>', 'sgi, rgb');
INSERT INTO `contrexx_module_podcast_template` (`id`, `description`, `template`, `extensions`) VALUES ('86', 'TGA-Bild (QuickTime Plug-in)', '<object classid=\"clsid:02BF25D5-8C17-4B23-BC80-D3488ABDDC6B\" codebase=\"http://www.apple.com/qtactivex/qtplugin.cab\" width=\"[[MEDIUM_WIDTH]]\" height=\"[[MEDIUM_HEIGHT]]\">\r\n<param name=\"src\" value=\"[[MEDIUM_URL]]\" />\r\n<param name=\"autoplay\" value=\"true\" />\r\n<param name=\"controller\" value=\"true\" />\r\n<param name=\"target\" value=\"myself\" />\r\n<param name=\"type\" value=\"image/x-targa\" />\r\n<embed src=\"[[MEDIUM_URL]]\" width=[[MEDIUM_WIDTH]]\" height=\"[[MEDIUM_HEIGHT]]\" type=\"image/x-targa\" pluginspage=\"http://www.apple.com/quicktime/download/\" autoplay=\"true\" controller=\"true\" target=\"myself\" />\r\n</object>', 'targa, tga');
INSERT INTO `contrexx_module_podcast_template` (`id`, `description`, `template`, `extensions`) VALUES ('87', 'TIFF-Bild (QuickTime Plug-in)', '<object classid=\"clsid:02BF25D5-8C17-4B23-BC80-D3488ABDDC6B\" codebase=\"http://www.apple.com/qtactivex/qtplugin.cab\" width=\"[[MEDIUM_WIDTH]]\" height=\"[[MEDIUM_HEIGHT]]\">\r\n<param name=\"src\" value=\"[[MEDIUM_URL]]\" />\r\n<param name=\"autoplay\" value=\"true\" />\r\n<param name=\"controller\" value=\"true\" />\r\n<param name=\"target\" value=\"myself\" />\r\n<param name=\"type\" value=\"image/x-tiff\" />\r\n<embed src=\"[[MEDIUM_URL]]\" width=[[MEDIUM_WIDTH]]\" height=\"[[MEDIUM_HEIGHT]]\" type=\"image/x-tiff\" pluginspage=\"http://www.apple.com/quicktime/download/\" autoplay=\"true\" controller=\"true\" target=\"myself\" />\r\n</object>', 'tif, tiff');
INSERT INTO `contrexx_module_podcast_template` (`id`, `description`, `template`, `extensions`) VALUES ('88', 'Photoshop-Bild (QuickTime Plug-in)', '<object classid=\"clsid:02BF25D5-8C17-4B23-BC80-D3488ABDDC6B\" codebase=\"http://www.apple.com/qtactivex/qtplugin.cab\" width=\"[[MEDIUM_WIDTH]]\" height=\"[[MEDIUM_HEIGHT]]\">\r\n<param name=\"src\" value=\"[[MEDIUM_URL]]\" />\r\n<param name=\"autoplay\" value=\"true\" />\r\n<param name=\"controller\" value=\"true\" />\r\n<param name=\"target\" value=\"myself\" />\r\n<param name=\"type\" value=\"image/x-photoshop\" />\r\n<embed src=\"[[MEDIUM_URL]]\" width=[[MEDIUM_WIDTH]]\" height=\"[[MEDIUM_HEIGHT]]\" type=\"image/x-photoshop\" pluginspage=\"http://www.apple.com/quicktime/download/\" autoplay=\"true\" controller=\"true\" target=\"myself\" />\r\n</object>', 'psd');
INSERT INTO `contrexx_module_podcast_template` (`id`, `description`, `template`, `extensions`) VALUES ('89', 'JPEG2000 image (QuickTime Plug-in)', '<object classid=\"clsid:02BF25D5-8C17-4B23-BC80-D3488ABDDC6B\" codebase=\"http://www.apple.com/qtactivex/qtplugin.cab\" width=\"[[MEDIUM_WIDTH]]\" height=\"[[MEDIUM_HEIGHT]]\">\r\n<param name=\"src\" value=\"[[MEDIUM_URL]]\" />\r\n<param name=\"autoplay\" value=\"true\" />\r\n<param name=\"controller\" value=\"true\" />\r\n<param name=\"target\" value=\"myself\" />\r\n<param name=\"type\" value=\"image/jp2\" />\r\n<embed src=\"[[MEDIUM_URL]]\" width=[[MEDIUM_WIDTH]]\" height=\"[[MEDIUM_HEIGHT]]\" type=\"image/jp2\" pluginspage=\"http://www.apple.com/quicktime/download/\" autoplay=\"true\" controller=\"true\" target=\"myself\" />\r\n</object>', 'jp2');
INSERT INTO `contrexx_module_podcast_template` (`id`, `description`, `template`, `extensions`) VALUES ('90', 'SMIL 1.0 (QuickTime Plug-in)', '<object classid=\"clsid:02BF25D5-8C17-4B23-BC80-D3488ABDDC6B\" codebase=\"http://www.apple.com/qtactivex/qtplugin.cab\" width=\"[[MEDIUM_WIDTH]]\" height=\"[[MEDIUM_HEIGHT]]\">\r\n<param name=\"src\" value=\"[[MEDIUM_URL]]\" />\r\n<param name=\"autoplay\" value=\"true\" />\r\n<param name=\"controller\" value=\"true\" />\r\n<param name=\"target\" value=\"myself\" />\r\n<param name=\"type\" value=\"application/smil\" />\r\n<embed src=\"[[MEDIUM_URL]]\" width=[[MEDIUM_WIDTH]]\" height=\"[[MEDIUM_HEIGHT]]\" type=\"application/smil\" pluginspage=\"http://www.apple.com/quicktime/download/\" autoplay=\"true\" controller=\"true\" target=\"myself\" />\r\n</object>', 'smi, sml, smil');
INSERT INTO `contrexx_module_podcast_template` (`id`, `description`, `template`, `extensions`) VALUES ('91', 'Flash-Medien (QuckTime Plug-in)', '<object classid=\"clsid:02BF25D5-8C17-4B23-BC80-D3488ABDDC6B\" codebase=\"http://www.apple.com/qtactivex/qtplugin.cab\" width=\"[[MEDIUM_WIDTH]]\" height=\"[[MEDIUM_HEIGHT]]\">\r\n<param name=\"src\" value=\"[[MEDIUM_URL]]\" />\r\n<param name=\"autoplay\" value=\"true\" />\r\n<param name=\"controller\" value=\"true\" />\r\n<param name=\"target\" value=\"myself\" />\r\n<param name=\"type\" value=\"application/x-shockwave-flash\" />\r\n<embed src=\"[[MEDIUM_URL]]\" width=[[MEDIUM_WIDTH]]\" height=\"[[MEDIUM_HEIGHT]]\" type=\"application/x-shockwave-flash\" pluginspage=\"http://www.apple.com/quicktime/download/\" autoplay=\"true\" controller=\"true\" target=\"myself\" />\r\n</object>', 'swf');
INSERT INTO `contrexx_module_podcast_template` (`id`, `description`, `template`, `extensions`) VALUES ('92', 'QuickTime HTML (QHTML) (QuickTime Plug-in)', '<object classid=\"clsid:02BF25D5-8C17-4B23-BC80-D3488ABDDC6B\" codebase=\"http://www.apple.com/qtactivex/qtplugin.cab\" width=\"[[MEDIUM_WIDTH]]\" height=\"[[MEDIUM_HEIGHT]]\">\r\n<param name=\"src\" value=\"[[MEDIUM_URL]]\" />\r\n<param name=\"autoplay\" value=\"true\" />\r\n<param name=\"controller\" value=\"true\" />\r\n<param name=\"target\" value=\"myself\" />\r\n<param name=\"type\" value=\"text/x-html-insertion\" />\r\n<embed src=\"[[MEDIUM_URL]]\" width=[[MEDIUM_WIDTH]]\" height=\"[[MEDIUM_HEIGHT]]\" type=\"text/x-html-insertion\" pluginspage=\"http://www.apple.com/quicktime/download/\" autoplay=\"true\" controller=\"true\" target=\"myself\" />\r\n</object>', 'qht, qhtm');
INSERT INTO `contrexx_module_podcast_template` (`id`, `description`, `template`, `extensions`) VALUES ('93', 'MP3-Audio (RealPlayer Player)', '<object id=\"videoplayer1\" classid=\"clsid:CFCDAA03-8BE4-11cf-B84B-0020AFBBCCFA\" width=\"[[MEDIUM_WIDTH]]\" height=\"[[MEDIUM_HEIGHT]]\">\r\n<param name=\"src\" value=\"[[MEDIUM_URL]]\" />\r\n<param name=\"controls\" value=\"all\" />\r\n<param name=\"autostart\" value=\"true\" />\r\n<param name=\"type\" value=\"audio/x-mpeg\" />\r\n<embed src=\"[[MEDIUM_URL]]\" width=\"[[MEDIUM_WIDTH]]\" height=\"[[MEDIUM_HEIGHT]]\" autostart=\"true\" type=\"audio/x-mpeg\" console=\"video1\" controls=\"All\" nojava=\"true\"></embed>\r\n</object>', 'mp3');
INSERT INTO `contrexx_module_podcast_template` (`id`, `description`, `template`, `extensions`) VALUES ('94', 'MP3-Wiedergabeliste (RealPlayer Plug-in)', '<object id=\"videoplayer1\" classid=\"clsid:CFCDAA03-8BE4-11cf-B84B-0020AFBBCCFA\" width=\"[[MEDIUM_WIDTH]]\" height=\"[[MEDIUM_HEIGHT]]\">\r\n<param name=\"src\" value=\"[[MEDIUM_URL]]\" />\r\n<param name=\"controls\" value=\"all\" />\r\n<param name=\"autostart\" value=\"true\" />\r\n<param name=\"type\" value=\"audio/x-mpegurl\" />\r\n<embed src=\"[[MEDIUM_URL]]\" width=\"[[MEDIUM_WIDTH]]\" height=\"[[MEDIUM_HEIGHT]]\" autostart=\"true\" type=\"audio/x-mpegurl\" console=\"video1\" controls=\"All\" nojava=\"true\"></embed>\r\n</object>', 'm3u, m3url');
INSERT INTO `contrexx_module_podcast_template` (`id`, `description`, `template`, `extensions`) VALUES ('95', 'WAVE-Audio (RealPlayer Plug-in)', '<object id=\"videoplayer1\" classid=\"clsid:CFCDAA03-8BE4-11cf-B84B-0020AFBBCCFA\" width=\"[[MEDIUM_WIDTH]]\" height=\"[[MEDIUM_HEIGHT]]\">\r\n<param name=\"src\" value=\"[[MEDIUM_URL]]\" />\r\n<param name=\"controls\" value=\"all\" />\r\n<param name=\"autostart\" value=\"true\" />\r\n<param name=\"type\" value=\"audio/x-wav\" />\r\n<embed src=\"[[MEDIUM_URL]]\" width=\"[[MEDIUM_WIDTH]]\" height=\"[[MEDIUM_HEIGHT]]\" autostart=\"true\" type=\"audio/x-wav\" console=\"video1\" controls=\"All\" nojava=\"true\"></embed>\r\n</object>', 'wav');
INSERT INTO `contrexx_module_podcast_template` (`id`, `description`, `template`, `extensions`) VALUES ('100', 'Flash-Video (Flash Video File)', '<object\r\n  type=\"application/x-shockwave-flash\"\r\n  data=\"[[ASCMS_PATH_OFFSET]]/modules/podcast/lib/FlowPlayer.swf\" \r\n	width=\"[[MEDIUM_WIDTH]]\"\r\n  height=\"[[MEDIUM_HEIGHT]]\"\r\n  id=\"FlowPlayer\">\r\n    <param name=\"movie\" value=\"[[ASCMS_PATH_OFFSET]]/modules/podcast/lib/FlowPlayer.swf\" />\r\n    <param name=\"quality\" value=\"high\" />\r\n    <param name=\"scale\" value=\"noScale\" />\r\n    <param name=\"allowfullscreen\" value=\"true\" />\r\n    <param name=\"allowScriptAccess\" value=\"always\" />\r\n    <param name=\"allownetworking\" value=\"all\" />\r\n    <param name=\"flashvars\" value=\"config={\r\n      autoPlay:true,\r\n      loop: false,\r\n      autoRewind: true,\r\n      videoFile: \'[[MEDIUM_URL]]\',\r\n      fullScreenScriptURL:\'[[ASCMS_PATH_OFFSET]]/modules/podcast/lib/fullscreen.js\',\r\n      initialScale:\'orig\'}\" />\r\n</object>', 'flv');
INSERT INTO `contrexx_module_podcast_template` (`id`, `description`, `template`, `extensions`) VALUES ('101', 'YouTube Video', '<object width=\"[[MEDIUM_WIDTH]]\" height=\"[[MEDIUM_HEIGHT]]\"><param name=\"movie\" value=\"[[MEDIUM_URL]]\"></param><param name=\"wmode\" value=\"transparent\"></param><embed src=\"[[MEDIUM_URL]]\" type=\"application/x-shockwave-flash\" wmode=\"transparent\" width=\"[[MEDIUM_WIDTH]]\" height=\"[[MEDIUM_HEIGHT]]\"></embed></object>', 'swf');

INSERT INTO `contrexx_module_recommend` (`id`, `name`, `value`, `lang_id`) VALUES ('1', 'body', '<SALUTATION> <RECEIVER_NAME>\r\n\r\nFolgende Seite wurde ihnen von <SENDER_NAME> (<SENDER_MAIL>) empfohlen:\r\n\r\n<URL>\r\n\r\nAnmerkung von <SENDER_NAME>:\r\n\r\n<COMMENT>', '1');
INSERT INTO `contrexx_module_recommend` (`id`, `name`, `value`, `lang_id`) VALUES ('2', 'subject', 'Seitenempfehlung von <SENDER_NAME>', '1');
INSERT INTO `contrexx_module_recommend` (`id`, `name`, `value`, `lang_id`) VALUES ('5', 'salutation_female', 'Liebe', '1');
INSERT INTO `contrexx_module_recommend` (`id`, `name`, `value`, `lang_id`) VALUES ('6', 'salutation_male', 'Lieber', '1');
INSERT INTO `contrexx_module_recommend` (`id`, `name`, `value`, `lang_id`) VALUES ('7', 'body', '<SALUTATION> <RECEIVER_NAME>\r\n\r\nFolgende Seite wurde ihnen von <SENDER_NAME> (<SENDER_MAIL>) empfohlen:\r\n\r\n<URL>\r\n\r\nAnmerkung von <SENDER_NAME>:\r\n\r\n<COMMENT>', '2');
INSERT INTO `contrexx_module_recommend` (`id`, `name`, `value`, `lang_id`) VALUES ('8', 'subject', 'Seitenempfehlung von <SENDER_NAME>', '2');
INSERT INTO `contrexx_module_recommend` (`id`, `name`, `value`, `lang_id`) VALUES ('9', 'salutation_female', 'Liebe', '2');
INSERT INTO `contrexx_module_recommend` (`id`, `name`, `value`, `lang_id`) VALUES ('10', 'salutation_male', 'Lieber', '2');
INSERT INTO `contrexx_module_recommend` (`id`, `name`, `value`, `lang_id`) VALUES ('11', 'body', '<SALUTATION> <RECEIVER_NAME>\r\n\r\nFolgende Seite wurde ihnen von <SENDER_NAME> (<SENDER_MAIL>) empfohlen:\r\n\r\n<URL>\r\n\r\nAnmerkung von <SENDER_NAME>:\r\n\r\n<COMMENT>', '3');
INSERT INTO `contrexx_module_recommend` (`id`, `name`, `value`, `lang_id`) VALUES ('12', 'subject', 'Seitenempfehlung von <SENDER_NAME>', '3');
INSERT INTO `contrexx_module_recommend` (`id`, `name`, `value`, `lang_id`) VALUES ('13', 'salutation_female', 'Liebe', '3');
INSERT INTO `contrexx_module_recommend` (`id`, `name`, `value`, `lang_id`) VALUES ('14', 'salutation_male', 'Lieber', '3');
INSERT INTO `contrexx_module_recommend` (`id`, `name`, `value`, `lang_id`) VALUES ('15', 'body', '<SALUTATION> <RECEIVER_NAME>\r\n\r\nFolgende Seite wurde ihnen von <SENDER_NAME> (<SENDER_MAIL>) empfohlen:\r\n\r\n<URL>\r\n\r\nAnmerkung von <SENDER_NAME>:\r\n\r\n<COMMENT>', '4');
INSERT INTO `contrexx_module_recommend` (`id`, `name`, `value`, `lang_id`) VALUES ('16', 'subject', 'Seitenempfehlung von <SENDER_NAME>', '4');
INSERT INTO `contrexx_module_recommend` (`id`, `name`, `value`, `lang_id`) VALUES ('17', 'salutation_female', 'Liebe', '4');
INSERT INTO `contrexx_module_recommend` (`id`, `name`, `value`, `lang_id`) VALUES ('18', 'salutation_male', 'Lieber', '4');
INSERT INTO `contrexx_module_recommend` (`id`, `name`, `value`, `lang_id`) VALUES ('19', 'body', '<SALUTATION> <RECEIVER_NAME>\r\n\r\nFolgende Seite wurde ihnen von <SENDER_NAME> (<SENDER_MAIL>) empfohlen:\r\n\r\n<URL>\r\n\r\nAnmerkung von <SENDER_NAME>:\r\n\r\n<COMMENT>', '5');
INSERT INTO `contrexx_module_recommend` (`id`, `name`, `value`, `lang_id`) VALUES ('20', 'subject', 'Seitenempfehlung von <SENDER_NAME>', '5');
INSERT INTO `contrexx_module_recommend` (`id`, `name`, `value`, `lang_id`) VALUES ('21', 'salutation_female', 'Liebe', '5');
INSERT INTO `contrexx_module_recommend` (`id`, `name`, `value`, `lang_id`) VALUES ('22', 'salutation_male', 'Lieber', '5');
INSERT INTO `contrexx_module_recommend` (`id`, `name`, `value`, `lang_id`) VALUES ('23', 'body', '<SALUTATION> <RECEIVER_NAME>\r\n\r\nFolgende Seite wurde ihnen von <SENDER_NAME> (<SENDER_MAIL>) empfohlen:\r\n\r\n<URL>\r\n\r\nAnmerkung von <SENDER_NAME>:\r\n\r\n<COMMENT>', '6');
INSERT INTO `contrexx_module_recommend` (`id`, `name`, `value`, `lang_id`) VALUES ('24', 'subject', 'Seitenempfehlung von <SENDER_NAME>', '6');
INSERT INTO `contrexx_module_recommend` (`id`, `name`, `value`, `lang_id`) VALUES ('25', 'salutation_female', 'Liebe', '6');
INSERT INTO `contrexx_module_recommend` (`id`, `name`, `value`, `lang_id`) VALUES ('26', 'salutation_male', 'Lieber', '6');

INSERT INTO `contrexx_module_repository` (`id`, `moduleid`, `content`, `title`, `cmd`, `expertmode`, `parid`, `displaystatus`, `displayorder`, `username`) VALUES ('1', '3', '{APPLICATION_DATA}', 'Bildergalerie', '', '0', '0', '1', '87', 'system');
INSERT INTO `contrexx_module_repository` (`id`, `moduleid`, `content`, `title`, `cmd`, `expertmode`, `parid`, `displaystatus`, `displayorder`, `username`) VALUES ('2', '4', '{APPLICATION_DATA}', 'Newsletter bestätigen', 'confirm', '0', '6', '0', '112', 'system');
INSERT INTO `contrexx_module_repository` (`id`, `moduleid`, `content`, `title`, `cmd`, `expertmode`, `parid`, `displaystatus`, `displayorder`, `username`) VALUES ('3', '4', '{APPLICATION_DATA}', 'Newsletter Profil bearbeiten', 'profile', '0', '6', '0', '114', 'system');
INSERT INTO `contrexx_module_repository` (`id`, `moduleid`, `content`, `title`, `cmd`, `expertmode`, `parid`, `displaystatus`, `displayorder`, `username`) VALUES ('4', '4', '{APPLICATION_DATA}', 'Newsletter abonnieren', 'subscribe', '0', '6', '0', '116', 'system');
INSERT INTO `contrexx_module_repository` (`id`, `moduleid`, `content`, `title`, `cmd`, `expertmode`, `parid`, `displaystatus`, `displayorder`, `username`) VALUES ('5', '4', '{APPLICATION_DATA}', 'Newsletter abmelden', 'unsubscribe', '0', '6', '0', '118', 'system');
INSERT INTO `contrexx_module_repository` (`id`, `moduleid`, `content`, `title`, `cmd`, `expertmode`, `parid`, `displaystatus`, `displayorder`, `username`) VALUES ('6', '4', '{APPLICATION_DATA}', 'Newsletter', '', '0', '0', '1', '111', 'system');
INSERT INTO `contrexx_module_repository` (`id`, `moduleid`, `content`, `title`, `cmd`, `expertmode`, `parid`, `displaystatus`, `displayorder`, `username`) VALUES ('7', '5', '{APPLICATION_DATA}', 'Suchen', '', '0', '0', '0', '327', 'system');
INSERT INTO `contrexx_module_repository` (`id`, `moduleid`, `content`, `title`, `cmd`, `expertmode`, `parid`, `displaystatus`, `displayorder`, `username`) VALUES ('8', '8', '{APPLICATION_DATA}', 'News', '', '0', '0', '1', '18', 'system');
INSERT INTO `contrexx_module_repository` (`id`, `moduleid`, `content`, `title`, `cmd`, `expertmode`, `parid`, `displaystatus`, `displayorder`, `username`) VALUES ('9', '8', '{APPLICATION_DATA}', 'News hinzufügen', 'submit', '0', '8', '1', '27', 'system');
INSERT INTO `contrexx_module_repository` (`id`, `moduleid`, `content`, `title`, `cmd`, `expertmode`, `parid`, `displaystatus`, `displayorder`, `username`) VALUES ('10', '8', '{APPLICATION_DATA}', 'Direktzugriff auf eine Newskategorie', '1', '0', '8', '1', '29', 'system');
INSERT INTO `contrexx_module_repository` (`id`, `moduleid`, `content`, `title`, `cmd`, `expertmode`, `parid`, `displaystatus`, `displayorder`, `username`) VALUES ('11', '8', '{APPLICATION_DATA}', 'News Feed', 'feed', '0', '8', '1', '31', 'system');
INSERT INTO `contrexx_module_repository` (`id`, `moduleid`, `content`, `title`, `cmd`, `expertmode`, `parid`, `displaystatus`, `displayorder`, `username`) VALUES ('12', '8', '{APPLICATION_DATA}', 'Newsmeldung', 'details', '0', '8', '0', '33', 'system');
INSERT INTO `contrexx_module_repository` (`id`, `moduleid`, `content`, `title`, `cmd`, `expertmode`, `parid`, `displaystatus`, `displayorder`, `username`) VALUES ('13', '8', '{APPLICATION_DATA}', 'Archiv', 'archive', '0', '8', '1', '37', 'system');
INSERT INTO `contrexx_module_repository` (`id`, `moduleid`, `content`, `title`, `cmd`, `expertmode`, `parid`, `displaystatus`, `displayorder`, `username`) VALUES ('14', '9', '{APPLICATION_DATA}', 'Medien Archiv', '', '0', '0', '1', '41', 'system');
INSERT INTO `contrexx_module_repository` (`id`, `moduleid`, `content`, `title`, `cmd`, `expertmode`, `parid`, `displaystatus`, `displayorder`, `username`) VALUES ('15', '10', '{APPLICATION_DATA}', 'Gästebuch', '', '0', '0', '1', '226', 'system');
INSERT INTO `contrexx_module_repository` (`id`, `moduleid`, `content`, `title`, `cmd`, `expertmode`, `parid`, `displaystatus`, `displayorder`, `username`) VALUES ('16', '10', '{APPLICATION_DATA}', 'Eintragen', 'post', '0', '15', '1', '227', 'system');
INSERT INTO `contrexx_module_repository` (`id`, `moduleid`, `content`, `title`, `cmd`, `expertmode`, `parid`, `displaystatus`, `displayorder`, `username`) VALUES ('17', '11', '{APPLICATION_DATA}', 'Sitemap', '', '0', '0', '0', '317', 'system');
INSERT INTO `contrexx_module_repository` (`id`, `moduleid`, `content`, `title`, `cmd`, `expertmode`, `parid`, `displaystatus`, `displayorder`, `username`) VALUES ('18', '12', '{APPLICATION_DATA}', 'Linkverzeichnis', '', '0', '0', '1', '186', 'system');
INSERT INTO `contrexx_module_repository` (`id`, `moduleid`, `content`, `title`, `cmd`, `expertmode`, `parid`, `displaystatus`, `displayorder`, `username`) VALUES ('19', '12', '{APPLICATION_DATA}', 'Neue Einträge', 'latest', '0', '18', '1', '187', 'system');
INSERT INTO `contrexx_module_repository` (`id`, `moduleid`, `content`, `title`, `cmd`, `expertmode`, `parid`, `displaystatus`, `displayorder`, `username`) VALUES ('20', '12', '{APPLICATION_DATA}', 'Meine Einträge', 'myfeeds', '0', '18', '1', '189', 'system');
INSERT INTO `contrexx_module_repository` (`id`, `moduleid`, `content`, `title`, `cmd`, `expertmode`, `parid`, `displaystatus`, `displayorder`, `username`) VALUES ('21', '12', '{APPLICATION_DATA}', 'Eintrag erstellen', 'add', '0', '18', '1', '193', 'system');
INSERT INTO `contrexx_module_repository` (`id`, `moduleid`, `content`, `title`, `cmd`, `expertmode`, `parid`, `displaystatus`, `displayorder`, `username`) VALUES ('22', '12', '{APPLICATION_DATA}', 'Vote', 'vote', '0', '18', '0', '195', 'system');
INSERT INTO `contrexx_module_repository` (`id`, `moduleid`, `content`, `title`, `cmd`, `expertmode`, `parid`, `displaystatus`, `displayorder`, `username`) VALUES ('23', '12', '{APPLICATION_DATA}', 'Eintrag anzeigen', 'detail', '0', '18', '0', '197', 'system');
INSERT INTO `contrexx_module_repository` (`id`, `moduleid`, `content`, `title`, `cmd`, `expertmode`, `parid`, `displaystatus`, `displayorder`, `username`) VALUES ('24', '12', '{APPLICATION_DATA}', 'Suche', 'search', '0', '18', '0', '199', 'system');
INSERT INTO `contrexx_module_repository` (`id`, `moduleid`, `content`, `title`, `cmd`, `expertmode`, `parid`, `displaystatus`, `displayorder`, `username`) VALUES ('25', '12', '{APPLICATION_DATA}', 'Eintrag editieren', 'edit', '0', '20', '0', '190', 'system');
INSERT INTO `contrexx_module_repository` (`id`, `moduleid`, `content`, `title`, `cmd`, `expertmode`, `parid`, `displaystatus`, `displayorder`, `username`) VALUES ('26', '13', '{APPLICATION_DATA}', 'Alert System', '', '0', '0', '0', '305', 'system');
INSERT INTO `contrexx_module_repository` (`id`, `moduleid`, `content`, `title`, `cmd`, `expertmode`, `parid`, `displaystatus`, `displayorder`, `username`) VALUES ('27', '14', '{APPLICATION_DATA}', 'Seite nicht gefunden', '', '0', '0', '0', '307', 'system');
INSERT INTO `contrexx_module_repository` (`id`, `moduleid`, `content`, `title`, `cmd`, `expertmode`, `parid`, `displaystatus`, `displayorder`, `username`) VALUES ('28', '15', 'Herzlichen Dank, dass Sie f&uuml;r Ihr Webprojekt <a href=\"https://www.cloudrexx.com\" target=\"_blank\">Cloudrexx&reg;</a> einsetzen!<br />\r\n<br />\r\nStarten Sie mit dem Aufbau der Website in wenigen Klicks. Die Cloud-L&ouml;sung auf der Basis der erfolgreichen Website Management L&ouml;sung Contrexx bietet Ihnen eine maximale Flexibilit&auml;t und umfangreiche Funktionen, um ein erfolgreiches Online-Business zu betreiben.<br />\r\n<br />\r\nEin manuelles Einspielen von Updates wird in der Cloud &uuml;berfl&uuml;ssig. Mit Cloudrexx gewinnen Sie an Flexibilit&auml;t. Sie k&ouml;nnen Features und Themes nach Bed&uuml;rfnissen dazukaufen. &Uuml;berzeugen Sie sich selbst!', 'Willkommen', '', '0', '0', '1', '2', 'system');
INSERT INTO `contrexx_module_repository` (`id`, `moduleid`, `content`, `title`, `cmd`, `expertmode`, `parid`, `displaystatus`, `displayorder`, `username`) VALUES ('29', '16', '{APPLICATION_DATA}', 'Sonderangebote', 'discounts', '0', '42', '1', '50', 'system');
INSERT INTO `contrexx_module_repository` (`id`, `moduleid`, `content`, `title`, `cmd`, `expertmode`, `parid`, `displaystatus`, `displayorder`, `username`) VALUES ('30', '16', '{APPLICATION_DATA}', 'Ihr Warenkorb', 'cart', '0', '42', '1', '52', 'system');
INSERT INTO `contrexx_module_repository` (`id`, `moduleid`, `content`, `title`, `cmd`, `expertmode`, `parid`, `displaystatus`, `displayorder`, `username`) VALUES ('31', '16', '{APPLICATION_DATA}', 'Einzugsermächtigung', 'lsv', '0', '42', '0', '54', 'system');
INSERT INTO `contrexx_module_repository` (`id`, `moduleid`, `content`, `title`, `cmd`, `expertmode`, `parid`, `displaystatus`, `displayorder`, `username`) VALUES ('32', '16', '{APPLICATION_DATA}', 'Kontoangaben', 'account', '0', '42', '0', '56', 'system');
INSERT INTO `contrexx_module_repository` (`id`, `moduleid`, `content`, `title`, `cmd`, `expertmode`, `parid`, `displaystatus`, `displayorder`, `username`) VALUES ('33', '16', '{APPLICATION_DATA}', 'Detaillierte Produktedaten', 'details', '0', '42', '0', '58', 'system');
INSERT INTO `contrexx_module_repository` (`id`, `moduleid`, `content`, `title`, `cmd`, `expertmode`, `parid`, `displaystatus`, `displayorder`, `username`) VALUES ('34', '16', '{APPLICATION_DATA}', 'Login', 'login', '0', '42', '0', '60', 'system');
INSERT INTO `contrexx_module_repository` (`id`, `moduleid`, `content`, `title`, `cmd`, `expertmode`, `parid`, `displaystatus`, `displayorder`, `username`) VALUES ('35', '16', '{APPLICATION_DATA}', 'Transaktionsstatus', 'success', '0', '42', '0', '66', 'system');
INSERT INTO `contrexx_module_repository` (`id`, `moduleid`, `content`, `title`, `cmd`, `expertmode`, `parid`, `displaystatus`, `displayorder`, `username`) VALUES ('36', '16', '{APPLICATION_DATA}', 'Allgemeine Geschäftsbedingungen', 'terms', '0', '42', '0', '68', 'system');
INSERT INTO `contrexx_module_repository` (`id`, `moduleid`, `content`, `title`, `cmd`, `expertmode`, `parid`, `displaystatus`, `displayorder`, `username`) VALUES ('37', '16', '{APPLICATION_DATA}', 'Bezahlung und Versand', 'payment', '0', '42', '0', '70', 'system');
INSERT INTO `contrexx_module_repository` (`id`, `moduleid`, `content`, `title`, `cmd`, `expertmode`, `parid`, `displaystatus`, `displayorder`, `username`) VALUES ('38', '16', '{APPLICATION_DATA}', 'Bestellinformationen', 'confirm', '0', '42', '0', '72', 'system');
INSERT INTO `contrexx_module_repository` (`id`, `moduleid`, `content`, `title`, `cmd`, `expertmode`, `parid`, `displaystatus`, `displayorder`, `username`) VALUES ('39', '16', '{APPLICATION_DATA}', 'Versandkonditionen', 'shipment', '0', '42', '1', '74', 'system');
INSERT INTO `contrexx_module_repository` (`id`, `moduleid`, `content`, `title`, `cmd`, `expertmode`, `parid`, `displaystatus`, `displayorder`, `username`) VALUES ('40', '16', '{APPLICATION_DATA}', 'Passwort Hilfe', 'sendpass', '0', '34', '0', '61', 'system');
INSERT INTO `contrexx_module_repository` (`id`, `moduleid`, `content`, `title`, `cmd`, `expertmode`, `parid`, `displaystatus`, `displayorder`, `username`) VALUES ('41', '16', '{APPLICATION_DATA}', 'Passwort ändern', 'changepass', '0', '34', '0', '63', 'system');
INSERT INTO `contrexx_module_repository` (`id`, `moduleid`, `content`, `title`, `cmd`, `expertmode`, `parid`, `displaystatus`, `displayorder`, `username`) VALUES ('42', '16', '{APPLICATION_DATA}', 'Online Shop', '', '0', '0', '1', '49', 'system');
INSERT INTO `contrexx_module_repository` (`id`, `moduleid`, `content`, `title`, `cmd`, `expertmode`, `parid`, `displaystatus`, `displayorder`, `username`) VALUES ('43', '17', '{APPLICATION_DATA}', 'Umfragen', '', '0', '0', '1', '170', 'system');
INSERT INTO `contrexx_module_repository` (`id`, `moduleid`, `content`, `title`, `cmd`, `expertmode`, `parid`, `displaystatus`, `displayorder`, `username`) VALUES ('44', '18', '{APPLICATION_DATA}', 'Passwort vergessen?', 'lostpw', '0', '47', '0', '310', 'system');
INSERT INTO `contrexx_module_repository` (`id`, `moduleid`, `content`, `title`, `cmd`, `expertmode`, `parid`, `displaystatus`, `displayorder`, `username`) VALUES ('45', '18', '{APPLICATION_DATA}', 'Neues Passwort setzen', 'resetpw', '0', '47', '0', '312', 'system');
INSERT INTO `contrexx_module_repository` (`id`, `moduleid`, `content`, `title`, `cmd`, `expertmode`, `parid`, `displaystatus`, `displayorder`, `username`) VALUES ('46', '18', '{APPLICATION_DATA}', 'Zugriff verweigert', 'noaccess', '0', '47', '0', '314', 'system');
INSERT INTO `contrexx_module_repository` (`id`, `moduleid`, `content`, `title`, `cmd`, `expertmode`, `parid`, `displaystatus`, `displayorder`, `username`) VALUES ('47', '18', '{APPLICATION_DATA}', 'Login', '', '0', '0', '0', '309', 'system');
INSERT INTO `contrexx_module_repository` (`id`, `moduleid`, `content`, `title`, `cmd`, `expertmode`, `parid`, `displaystatus`, `displayorder`, `username`) VALUES ('48', '19', '{APPLICATION_DATA}', 'Dokumenten System', '', '0', '0', '1', '202', 'system');
INSERT INTO `contrexx_module_repository` (`id`, `moduleid`, `content`, `title`, `cmd`, `expertmode`, `parid`, `displaystatus`, `displayorder`, `username`) VALUES ('49', '19', '{APPLICATION_DATA}', 'Detailansicht', 'details', '0', '48', '0', '203', 'system');
INSERT INTO `contrexx_module_repository` (`id`, `moduleid`, `content`, `title`, `cmd`, `expertmode`, `parid`, `displaystatus`, `displayorder`, `username`) VALUES ('50', '20', '{APPLICATION_DATA}', 'Forum', '', '0', '0', '1', '210', 'system');
INSERT INTO `contrexx_module_repository` (`id`, `moduleid`, `content`, `title`, `cmd`, `expertmode`, `parid`, `displaystatus`, `displayorder`, `username`) VALUES ('51', '20', '{APPLICATION_DATA}', 'Abonnierte Foren/Kategorien', 'notification', '0', '50', '1', '211', 'system');
INSERT INTO `contrexx_module_repository` (`id`, `moduleid`, `content`, `title`, `cmd`, `expertmode`, `parid`, `displaystatus`, `displayorder`, `username`) VALUES ('52', '20', '{APPLICATION_DATA}', 'Tag Cloud', 'cloud', '0', '50', '1', '213', 'system');
INSERT INTO `contrexx_module_repository` (`id`, `moduleid`, `content`, `title`, `cmd`, `expertmode`, `parid`, `displaystatus`, `displayorder`, `username`) VALUES ('53', '20', '{APPLICATION_DATA}', 'Populärste Diskussionen', 'toplist', '0', '50', '1', '215', 'system');
INSERT INTO `contrexx_module_repository` (`id`, `moduleid`, `content`, `title`, `cmd`, `expertmode`, `parid`, `displaystatus`, `displayorder`, `username`) VALUES ('54', '20', '{APPLICATION_DATA}', 'Suche nach Tags', 'searchTags', '0', '50', '1', '217', 'system');
INSERT INTO `contrexx_module_repository` (`id`, `moduleid`, `content`, `title`, `cmd`, `expertmode`, `parid`, `displaystatus`, `displayorder`, `username`) VALUES ('55', '20', '{APPLICATION_DATA}', 'Thread anzeigen', 'thread', '0', '50', '0', '219', 'system');
INSERT INTO `contrexx_module_repository` (`id`, `moduleid`, `content`, `title`, `cmd`, `expertmode`, `parid`, `displaystatus`, `displayorder`, `username`) VALUES ('56', '20', '{APPLICATION_DATA}', 'Kategorie anzeigen', 'cat', '0', '50', '0', '221', 'system');
INSERT INTO `contrexx_module_repository` (`id`, `moduleid`, `content`, `title`, `cmd`, `expertmode`, `parid`, `displaystatus`, `displayorder`, `username`) VALUES ('57', '20', '{APPLICATION_DATA}', 'Forum anzeigen', 'board', '0', '50', '0', '223', 'system');
INSERT INTO `contrexx_module_repository` (`id`, `moduleid`, `content`, `title`, `cmd`, `expertmode`, `parid`, `displaystatus`, `displayorder`, `username`) VALUES ('58', '21', '{APPLICATION_DATA}', 'Auflistung aller Veranstaltungen', 'list', '0', '67', '1', '90', 'system');
INSERT INTO `contrexx_module_repository` (`id`, `moduleid`, `content`, `title`, `cmd`, `expertmode`, `parid`, `displaystatus`, `displayorder`, `username`) VALUES ('59', '21', '{APPLICATION_DATA}', 'Quartalsübersicht', 'boxes', '0', '67', '1', '92', 'system');
INSERT INTO `contrexx_module_repository` (`id`, `moduleid`, `content`, `title`, `cmd`, `expertmode`, `parid`, `displaystatus`, `displayorder`, `username`) VALUES ('60', '21', '{APPLICATION_DATA}', 'Kategorisierte Anzeige', 'category', '0', '67', '1', '94', 'system');
INSERT INTO `contrexx_module_repository` (`id`, `moduleid`, `content`, `title`, `cmd`, `expertmode`, `parid`, `displaystatus`, `displayorder`, `username`) VALUES ('61', '21', '{APPLICATION_DATA}', 'Archiv', 'archive', '0', '67', '1', '96', 'system');
INSERT INTO `contrexx_module_repository` (`id`, `moduleid`, `content`, `title`, `cmd`, `expertmode`, `parid`, `displaystatus`, `displayorder`, `username`) VALUES ('62', '21', '{APPLICATION_DATA}', 'Veranstaltung erfassen', 'add', '0', '67', '1', '98', 'system');
INSERT INTO `contrexx_module_repository` (`id`, `moduleid`, `content`, `title`, `cmd`, `expertmode`, `parid`, `displaystatus`, `displayorder`, `username`) VALUES ('63', '21', '{APPLICATION_DATA}', 'Meine Veranstaltungen', 'my_events', '0', '67', '1', '100', 'system');
INSERT INTO `contrexx_module_repository` (`id`, `moduleid`, `content`, `title`, `cmd`, `expertmode`, `parid`, `displaystatus`, `displayorder`, `username`) VALUES ('64', '21', '{APPLICATION_DATA}', 'Veranstaltungsinformationen', 'detail', '0', '67', '0', '104', 'system');
INSERT INTO `contrexx_module_repository` (`id`, `moduleid`, `content`, `title`, `cmd`, `expertmode`, `parid`, `displaystatus`, `displayorder`, `username`) VALUES ('65', '21', '{APPLICATION_DATA}', 'An- \\ Abmelden', 'register', '0', '67', '0', '106', 'system');
INSERT INTO `contrexx_module_repository` (`id`, `moduleid`, `content`, `title`, `cmd`, `expertmode`, `parid`, `displaystatus`, `displayorder`, `username`) VALUES ('66', '21', '{APPLICATION_DATA}', 'Status', 'Status', '0', '67', '0', '108', 'system');
INSERT INTO `contrexx_module_repository` (`id`, `moduleid`, `content`, `title`, `cmd`, `expertmode`, `parid`, `displaystatus`, `displayorder`, `username`) VALUES ('67', '21', '{APPLICATION_DATA}', 'Veranstaltungen', '', '0', '0', '1', '89', 'system');
INSERT INTO `contrexx_module_repository` (`id`, `moduleid`, `content`, `title`, `cmd`, `expertmode`, `parid`, `displaystatus`, `displayorder`, `username`) VALUES ('68', '21', '{APPLICATION_DATA}', 'Veranstaltung bearbeiten', 'edit', '0', '63', '0', '101', 'system');
INSERT INTO `contrexx_module_repository` (`id`, `moduleid`, `content`, `title`, `cmd`, `expertmode`, `parid`, `displaystatus`, `displayorder`, `username`) VALUES ('69', '22', '{APPLICATION_DATA}', 'RSS Feed Verzeichnis', '', '0', '0', '1', '206', 'system');
INSERT INTO `contrexx_module_repository` (`id`, `moduleid`, `content`, `title`, `cmd`, `expertmode`, `parid`, `displaystatus`, `displayorder`, `username`) VALUES ('70', '22', '{APPLICATION_DATA}', 'Newsmeldung', 'newsML', '0', '69', '0', '207', 'system');
INSERT INTO `contrexx_module_repository` (`id`, `moduleid`, `content`, `title`, `cmd`, `expertmode`, `parid`, `displaystatus`, `displayorder`, `username`) VALUES ('71', '23', '', 'Erste Schritte', '', '0', '0', '1', '4', 'system');
INSERT INTO `contrexx_module_repository` (`id`, `moduleid`, `content`, `title`, `cmd`, `expertmode`, `parid`, `displaystatus`, `displayorder`, `username`) VALUES ('72', '23', '', 'Medien', '', '0', '0', '1', '40', 'system');
INSERT INTO `contrexx_module_repository` (`id`, `moduleid`, `content`, `title`, `cmd`, `expertmode`, `parid`, `displaystatus`, `displayorder`, `username`) VALUES ('73', '23', 'Sind m&ouml;chten Ihre Website als Verkaufskanal nutzen? Kein Problem. Bauen Sie unserem <a href=\"{NODE_SHOP}\">Online Shop</a>&nbsp;ein und konfigurieren ihn nach Ihren Bed&uuml;rfnissen.&nbsp;<br />\r\n<br />\r\n&Uuml;berweisungen k&ouml;nnen schnell und direkt &uuml;ber unser Formuar <a href=\"{NODE_CHECKOUT}\">Online Zahlung</a> gemacht werden.', 'E-Commerce', '', '0', '0', '1', '48', 'system');
INSERT INTO `contrexx_module_repository` (`id`, `moduleid`, `content`, `title`, `cmd`, `expertmode`, `parid`, `displaystatus`, `displayorder`, `username`) VALUES ('74', '23', 'Contrexx bietet die M&ouml;glichkeit, &uuml;ber 20 integrierte Anwendungen auf Ihrer Website zu aktivieren. Die gel&auml;ufigsten dieser Anwendungen sind bereits in diesem Template als Beispiele ersichtlich.<br />\r\n<br />\r\nEine &Uuml;bersicht &uuml;ber alle Anwendungen mit deren Beschreibungen ist hier zu finden: <a href=\"{NODE_438}\">&Uuml;bersicht Anwendungen</a>', 'Weitere Anwendungen', '', '0', '0', '1', '86', 'system');
INSERT INTO `contrexx_module_repository` (`id`, `moduleid`, `content`, `title`, `cmd`, `expertmode`, `parid`, `displaystatus`, `displayorder`, `username`) VALUES ('75', '23', '{APPLICATION_DATA}', 'Registrieren', 'signup', '0', '0', '0', '325', 'system');
INSERT INTO `contrexx_module_repository` (`id`, `moduleid`, `content`, `title`, `cmd`, `expertmode`, `parid`, `displaystatus`, `displayorder`, `username`) VALUES ('76', '23', '<button class=\"btn btn-primary btn-lg\" data-remote=\"/api/MultiSite/Signup\" data-target=\"#multiSiteSignUp\" data-toggle=\"modal\">Get started now...</button>\r\n\r\n<div aria-hidden=\"true\" class=\"modal fade\" id=\"multiSiteSignUp\" role=\"dialog\" tabindex=\"-1\">\r\n<div class=\"modal-dialog\">\r\n<div class=\"modal-content\">Loading sign-up form...</div>\r\n</div>\r\n</div>\r\n', 'Website Sign-Up', '', '0', '0', '0', '333', 'system');
INSERT INTO `contrexx_module_repository` (`id`, `moduleid`, `content`, `title`, `cmd`, `expertmode`, `parid`, `displaystatus`, `displayorder`, `username`) VALUES ('77', '23', '{APPLICATION_DATA}', 'Benutzerinfos', 'user', '0', '93', '0', '128', 'system');
INSERT INTO `contrexx_module_repository` (`id`, `moduleid`, `content`, `title`, `cmd`, `expertmode`, `parid`, `displaystatus`, `displayorder`, `username`) VALUES ('78', '23', '{APPLICATION_DATA}', 'Benutzerbereich', '', '0', '93', '1', '130', 'system');
INSERT INTO `contrexx_module_repository` (`id`, `moduleid`, `content`, `title`, `cmd`, `expertmode`, `parid`, `displaystatus`, `displayorder`, `username`) VALUES ('79', '23', '{APPLICATION_DATA}', 'Profildaten', 'settings_profiledata', '0', '82', '1', '132', 'system');
INSERT INTO `contrexx_module_repository` (`id`, `moduleid`, `content`, `title`, `cmd`, `expertmode`, `parid`, `displaystatus`, `displayorder`, `username`) VALUES ('80', '23', '{APPLICATION_DATA}', 'Profilbild', 'settings_avatar', '0', '82', '1', '134', 'system');
INSERT INTO `contrexx_module_repository` (`id`, `moduleid`, `content`, `title`, `cmd`, `expertmode`, `parid`, `displaystatus`, `displayorder`, `username`) VALUES ('81', '23', '{APPLICATION_DATA}', 'Verbundene Netzwerke', 'settings_networks', '0', '82', '1', '136', 'system');
INSERT INTO `contrexx_module_repository` (`id`, `moduleid`, `content`, `title`, `cmd`, `expertmode`, `parid`, `displaystatus`, `displayorder`, `username`) VALUES ('82', '23', '{APPLICATION_DATA}', 'Mein Profil', 'settings_profile', '0', '78', '1', '131', 'system');
INSERT INTO `contrexx_module_repository` (`id`, `moduleid`, `content`, `title`, `cmd`, `expertmode`, `parid`, `displaystatus`, `displayorder`, `username`) VALUES ('83', '23', '{APPLICATION_DATA}', 'Kontoeinstellungen', 'settings_account', '0', '78', '1', '139', 'system');
INSERT INTO `contrexx_module_repository` (`id`, `moduleid`, `content`, `title`, `cmd`, `expertmode`, `parid`, `displaystatus`, `displayorder`, `username`) VALUES ('84', '23', '{APPLICATION_DATA}', 'Konto', 'settings_accountdata', '0', '83', '1', '140', 'system');
INSERT INTO `contrexx_module_repository` (`id`, `moduleid`, `content`, `title`, `cmd`, `expertmode`, `parid`, `displaystatus`, `displayorder`, `username`) VALUES ('85', '23', '{APPLICATION_DATA}', 'Kennwort', 'settings_password', '0', '83', '1', '142', 'system');
INSERT INTO `contrexx_module_repository` (`id`, `moduleid`, `content`, `title`, `cmd`, `expertmode`, `parid`, `displaystatus`, `displayorder`, `username`) VALUES ('86', '23', '{APPLICATION_DATA}', 'Konto löschen', 'settings_delete', '0', '83', '1', '144', 'system');
INSERT INTO `contrexx_module_repository` (`id`, `moduleid`, `content`, `title`, `cmd`, `expertmode`, `parid`, `displaystatus`, `displayorder`, `username`) VALUES ('87', '23', 'Mit dem modular aufgebauten Web Content Management System Contrexx&nbsp;ist das Verwalten von anwendungsreichen Webseiten spielend einfach. Dank der &uuml;bersichtlichen Administrationsoberfl&auml;che haben Sie die Inhalte und Module stets unter Kontrolle.<br />\r\n<br />\r\nDoch Contrexx bietet weit mehr, als eine leicht verst&auml;ndliche Verwaltung Ihres Webauftritts. Die Software ist ein Gesamtpaket, das alle wichtigen Anwendungen beinhaltet, die eine moderne Webseite braucht.\r\n<h3>Was k&ouml;nnen Sie mit Contrexx erreichen?</h3>\r\n\r\n<ul>\r\n	<li><strong>Web Content Management:</strong>&nbsp;Mit Contrexx Erstellen und Verwalten Sie Ihrer Website schnell und einfach. In der WYSIWYG-Umgebung funktioniert das Gestalten von Inhaltsseiten mit Texten, Tabellen und Bildern &auml;hnlich wie bei Word. Alle Inhaltsseiten sind in der &uuml;bersichtlichen Seitenverwaltung abgelegt. Dort besteht ausserdem die M&ouml;glichkeit, Benutzergruppen zu erstellen und Benutzerrechte zu definieren.</li>\r\n	<li><strong>Online Marketing:&nbsp;</strong>Contrexx bietet ein umfassendes Set an Funktionen, um ohne zus&auml;tzliche Spezialsoftware Online-Marketing &nbsp;zu betreiben. Optimieren Sie mit Contrexx Ihre Website dank ausgefeilter Search Engine Optimization (SEO) oder machen Sie Ihre Kunden mit regelm&auml;ssigen Newslettern gezielt &nbsp;auf neue Produkte oder Aktionen aufmerksam. Die Anbindung an die Social-Media-Kan&auml;le ist ebenfalls gew&auml;hrleistet.</li>\r\n	<li><strong>E-Commerce:</strong>&nbsp;Bauen Sie Ihre Website mit Contrexx zum Verkaufskanal aus. Die Software enth&auml;lt ein voll funktionst&uuml;chtiges Shop-Modul, in das Sie Produkteinfos und Fotos einpflegen sowie die Bezahlung abwickeln k&ouml;nnen. Per Knopfdruck k&ouml;nnen Sie die Produkte ver&ouml;ffentlichen und ab sofort zum Verkauf anbieten. Dank der Anbindung verschiedener Zahlungsanbieter k&ouml;nnen Sie praktisch alle verf&uuml;gbaren Zahlungsarten anbieten.</li>\r\n	<li><strong>CRM:</strong>&nbsp;Erh&ouml;hen Sie die Zufriedenheit Ihrer Kunden durch ein professionelles Kundenbeziehungsmanagement. Bearbeiten Sie Kundenanfragen ohne Umweg &uuml;ber ein zus&auml;tzliches Tool direkt in Contrexx und profitieren von den Synergien zu den anderen Modulen. Bedienen Sie Ihre Zielgruppen bed&uuml;rfnisgerecht und individuell.</li>\r\n	<li><strong>Analytics:</strong>&nbsp;Wer die besten Informationen rechtzeitig, komplett und am richtigen Ort zur Hand hat, setzt sich durch. Messen Sie zum Beispiel, wer Ihre Website besucht, welches Ihre bestbesuchten Seiten sind und von wo die Besucher herkommen. Nutzen Sie diese Informationen, um Ihren Auftritt und Ihr Angebot zu optimieren. Erkennen Sie dank den &uuml;bersichtlichen Charts in Contrexx die neusten Trends.</li>\r\n	<li><strong>Media Asset Management:</strong>&nbsp;Contrexx beinhaltet ein System zum Verwalten aller g&auml;ngigen Dateiformate. Medienmanager und Bildmanager erlauben das nachtr&auml;gliche Bearbeiten von Bildern, das Bereitstellen von Downloads sowie ein intelligentes System zum Verschicken von Downloadlinks. Zudem laden Sie mit dem Multi-File-Uploader beliebig viele Dateien gleichzeitig in k&uuml;rzester Zeit hoch.</li>\r\n</ul>\r\nAlle weiteren Anwendungen von Contrexx sind <a href=\"{NODE_438}\">hier</a> zu finden.\r\n\r\n<h3>Professioneller und innovativer Vertrieb</h3>\r\nContrexx&reg; wird weltweit &uuml;ber ein Partnernetzwerk vertrieben. Die <a href=\"http://www.contrexx.com/de/partner/verzeichnis\">Contrexx&reg; L&ouml;sungspartner</a> sind autorisierte Partner, die ausgewiesene Kompetenzen im den Bereichen WebDesign, Grafik oder Internetmarketing besitzen. Damit erhalten Sie als Kunde professionelle Unterst&uuml;tzung mit hohen Kompetenzen aus Ihrer N&auml;he.', 'Was ist Contrexx?', '', '0', '71', '1', '5', 'system');
INSERT INTO `contrexx_module_repository` (`id`, `moduleid`, `content`, `title`, `cmd`, `expertmode`, `parid`, `displaystatus`, `displayorder`, `username`) VALUES ('88', '23', 'Contrexx beinhaltet &uuml;ber 20 Anwendungen, unterteilt in Standardanwendungen sowie optional nutzbare Anwendungen.&nbsp;\r\n<h2 style=\"font-size: 21px;\">Standardanwendungen</h2>\r\n\r\n<h3>Access</h3>\r\nRegeln Sie die Administrationsrechte f&uuml;r die Bearbeitung Ihrer Website und erstellen verschiedene Benutzerbereiche transparent und einfach und erh&ouml;hen damit die Sicherheit Ihrer Website. &nbsp;\r\n\r\n<h3>Contact</h3>\r\nBieten Sie den Website-Besuchern eine bequeme Kontaktm&ouml;glichkeit. Neue Eintr&auml;ge werden an eine definierte Email Adresse geschickt sowie im System abgelegt.\r\n\r\n<h3>News</h3>\r\nLancieren Sie ein neues Produkt, organisieren einen Event oder haben neue Leute im Team? Dann halten Sie die Website-Besucher mit News auf dem Laufenden.\r\n\r\n<h3>Search</h3>\r\nJe umfangreicher die Website, desto wichtiger wird die Suche. Damit durchsuchen Website-Besucher ganz einfach die Inhaltsseiten sowie die News auf Ihrer Website.\r\n\r\n<h3>Sitemap</h3>\r\nBieten Sie den Website-Besuchern eine &Uuml;bersicht &uuml;ber die Website-Struktur.\r\n\r\n<h2>Optionale Anwendungen</h2>\r\n\r\n<h3>Directory</h3>\r\nVerwalten Sie Eintr&auml;ge zu Produkten oder Angeboten, weisen diesen Kategorien zu, erg&auml;nzen weitere Informationen und binden zus&auml;tzliche Dateien ein.\r\n\r\n<h3>Downloads</h3>\r\nErstellen Sie auf Ihrer Website einen Downloadbereich an. Diesen k&ouml;nnen Sie nach Kategorien strukturieren und die Dateien mit Informationen wie Beschreibung, Gr&ouml;sse, Screenshot oder Bewertung versehen.\r\n\r\n<h3>Galerie</h3>\r\nBeinhaltet eine Bildergalerie mit Kategorien und Unterkategorien, automatisch generierten Vorschaubildern sowie einem aktivierbaren Bewertungs - und Kommentarsystem.\r\n\r\n<h3>Jobs</h3>\r\nNutzen Sie das Jobs-Modul, um Ihre Stellen auszuschreiben. Sie k&ouml;nnen dort Ihre Inserate bei Bedarf in mehrere Kategorien unterteilen und den potenziellen Kandidaten ein Bewerbungsformular anbieten.\r\n\r\n<h3>Kalender</h3>\r\nMit dem umfangreichen Veranstaltungskalender pr&auml;sentieren Sie nicht nur die n&auml;chsten Anl&auml;sse auf Ihrer Website, sondern verwalten gleichzeitig auch die Anmeldungen.\r\n\r\n<h3>Knowledge</h3>\r\nSie verf&uuml;gen in Ihrem Bereich &uuml;ber Expertenwissen? Dann nutzen Sie dieses und legen eine Wissensdatenbank oder ein Glossar an. Durch eine gezielte Indexierung finden Ihre Website-Besucher jederzeit wieder.\r\n\r\n<h3>Livecam</h3>\r\nSie suchen eine Livecam-L&ouml;sung? Mit Contrexx integrieren Sie Livecam-&Uuml;bertragungen problemlos Ihre Website. Das Bild wird jede Minute automatisch aktualisiert. Ihre Kunden bleiben stets auf dem neusten Stand.\r\n\r\n<h3>Media Directory</h3>\r\nDieses umfangreiche Modul baut auf dem Directory auf. Inhalte k&ouml;nnen mit Ebenen und Kategorien versehen werden. Ausserdem ist die Anzahl von Eingabefeldern unbegrenzt.\r\n\r\n<h3>Media Manager</h3>\r\nVerwalten Sie Dokumente wie Produktebrosch&uuml;ren und Jahresberichte komfortabel &uuml;ber den Mediamanager. Es besteht die M&ouml;glichkeit, verschiedene Verzeichnisse zu erstellen.\r\n\r\n<h3>Newsletter</h3>\r\nVersorgen Sie Ihre Zielgruppen bed&uuml;rfnisgerecht und individuell regelm&auml;ssig mit den wichtigsten Informationen zu Ihren Produkten und Dienstleistungen.\r\n\r\n<h3>Online Zahlung</h3>\r\nDank der Anbindung verschiedener Zahlungsanbieter k&ouml;nnen Sie praktisch alle verf&uuml;gbaren Zahlungsarten anbieten.\r\n\r\n<h3>Shop</h3>\r\nDer umfangreiche Webshop von Contrexx kann bequem mittels Webinterface administriert und auf die Bed&uuml;rfnisse des Betreibers angepasst werden.', 'Übersicht Anwendungen', '', '0', '71', '1', '7', 'system');
INSERT INTO `contrexx_module_repository` (`id`, `moduleid`, `content`, `title`, `cmd`, `expertmode`, `parid`, `displaystatus`, `displayorder`, `username`) VALUES ('89', '23', 'In diesem Beitrag lernen Sie die ersten Schritte mit Contrexx&reg;. Wir w&uuml;nschen Ihnen viel Spass und Erfolg bei der Umsetzung. F&uuml;r allf&auml;llige Fragen stehen Ihnen die folgenden <a href=\"{NODE_3}\">Mittel zur Verf&uuml;gung</a>.\r\n\r\n<h2>Einf&uuml;hrung</h2>\r\nDas Backend-System ist die Administrationskonsole. In diesem Bereich k&ouml;nnen Sie Contrexx administrieren, neue Seiten erstellen, Inhalte anpassen und vieles mehr. Das Frontend-System ist der Internetauftritt, welche Ihre Besucher erleben. Ein Theme ist das hinterlegte WebDesign.\r\n\r\n<h2>Im Backend einloggen</h2>\r\n\r\n<p>Bitte folgen Sie dazu diesen Schritten:</p>\r\n\r\n<ul>\r\n	<li>Melden Sie sich im Contrexx an. Geben Sie dazu in der Adresszeile im Browser Ihre Domain ein und f&uuml;gen anschliessend &quot;cadmin&quot; hinzu. Beispielsweise &quot;http://www.musterseite.eu/cadmin&quot;</li>\r\n	<li>Danach erscheint die Anmeldemaske.</li>\r\n	<li>Geben Sie bitte die folgenden Daten ein:<br />\r\n	Sicherheitscode: Bitte wiederholen Sie den sichtbaren Code (dieser Code wird als Bild generiert und kann von Hackerwerkzeugen nicht erfasst werden)<br />\r\n	Benutzernamen: gem&auml;ss Angaben im Installer<br />\r\n	Pa&szlig;wort: gem&auml;ss Angaben im Installer</li>\r\n	<li>Empfehlung: vervollst&auml;ndigen Sie in einem ersten Schritt die Angaben in den Grundeinstellungen unter dem Navigationspunkt &quot;Administration&quot; auf der linken Seite.</li>\r\n</ul>\r\n\r\n<h2>Mit dem Content Manager arbeiten</h2>\r\n\r\n<p>Nach dem erfolgreichen Anmelden im Backend-Bereich k&ouml;nnen Sie Seiten erstellen. Um einen neuen Artikel anzulegen, w&auml;hlen Sie die Funktion &quot;Content Management - Neue Seite&quot; auf der linken Seite. Danach definieren Sie die Artikeleigenschaften, insbesondere den Linknamen, Seitentitel und die Meta Angaben des Artikels (diese Angaben sind f&uuml;r Suchamschinen relevant). Mit Hilfe des WYSIWYG-Editors k&ouml;nnen Sie die Inhalte eingeben und speichern. Im Editor stehen Ihnen die aus der Textverarbeitung bekannten Funktionalit&auml;ten zur Verf&uuml;gung. Auch die Integration von Medien und Verlinkungen erfolgt &uuml;ber den Editor. Bitte verwenden Sie in der Formatierung des Textes die Formate aus dem Editor (Beispielsweise &Uuml;berschrift 1 oder Text). Wie die &Uuml;berschrift oder ein Text im Frontend aussieht, wird im Design und Layout definiert. Ein weiterer Zusatznutzen ist, dass Suchmaschinen eine definierte &Uuml;berschrift 1 (im HTML Code entspricht dies einem H1) besser indexieren, weil &Uuml;berschirften aus der Sicht einer Suchmaschine relevanter sind.</p>\r\n\r\n<h2>Module und Themes - flexibel und erweiterbar</h2>\r\n\r\n<p>Der Aufbau von Contrexx basiert auf den folgenden Elementen:</p>\r\n\r\n<ul>\r\n	<li>Core System</li>\r\n	<li>Themes</li>\r\n	<li>Module</li>\r\n	<li>Inhalte</li>\r\n</ul>\r\n\r\n<p>Sogenannte Themes sind in XHTML programmiert und definieren das Erscheinungsbild der Webseite. Dabei werden im XHTML-Quelltext Platzhalter hinterlegt. Diese Platzhalter beinhalten weitere Dateien und Funktionalit&auml;ten, die sp&auml;ter auf der Website integriert werden.<br />\r\n<br />\r\nHinweis: Freie Contrexx Frontend-Templates k&ouml;nnen <a href=\"http://www.contrexx.com/templates\" target=\"_blank\">hier</a> heruntergeladen werden.</p>\r\n\r\n<p>Module sind in PHP programmiert und stellen die Funktionalit&auml;ten einer Webseite dar. Standardmodule sind die Darstellung von Texten und Navigation, Sitemap, Kontaktformulare, Suchen etc. Module bestehen aus einem Backend- und einem Frontend Bereich. Im Backendbereich kann der Administrator Einstellungen vornehmen, bspw. an welche e-Mail Adresse nach Ausf&uuml;llen eines Kontaktformulars eine Benachrichtigung versendet werden soll. Im Frontend Bereich wird die Ausgabe und Verarbeitung von Daten auf dem Onlinedienst gesteuert. Contrexx Templates f&uuml;hren Layouts und Module zusammen. Durch Auswahl eines Layouts im Template ist die Anzahl und Position von Platzhaltern vorbestimmt. F&uuml;r jeden dieser Container kann nun der Administrator ein Modul definieren, das dort ausgef&uuml;hrt werden soll.</p>\r\n', 'Erste Schritte', '', '0', '71', '1', '9', 'system');
INSERT INTO `contrexx_module_repository` (`id`, `moduleid`, `content`, `title`, `cmd`, `expertmode`, `parid`, `displaystatus`, `displayorder`, `username`) VALUES ('90', '23', 'Die Erfahrung zeigt, dass Contrexx zuverl&auml;ssig funktioniert. Sollten Sie trotzdem Unterst&uuml;tzung ben&ouml;tigen, stehen wir Ihnen mit den folgenden Instrumenten sehr gerne zur Verf&uuml;gung.\r\n<ul>\r\n	<li><a class=\"out\" href=\"http://www.contrexx.com/wiki/de/\" target=\"_blank\">Dokumentation</a>: Das Dokumentationsportal f&uuml;r Contrexx Anwender und Entwickler.</li>\r\n	<li><a class=\"out\" href=\"http://www.contrexx.com/forum/forumdisplay.php?f=68\" target=\"_blank\">Contrexx - Forum</a>: Weiterf&uuml;hrende Unterst&uuml;tzung erhalten Sie von der Contrexx Community im Open Source Forum.</li>\r\n	<li><a class=\"out\" href=\"http://bugs.contrexx.com\" target=\"_blank\">Bugtracker</a>: Hier wird eine aktuelle Liste der bekannten Fehler, sowie der geplanten/gew&uuml;nschten Verbesserungen und Erweiterungen der Contrexx Software gef&uuml;hrt.</li>\r\n	<li><a class=\"out\" href=\"http://helpdesk.comvation.com\" target=\"_blank\">Support - Ticket f&uuml;r Contrexx - Kunden</a>: Contrexx - Kunden k&ouml;nnen unter diesem Link ein Support-Ticket er&ouml;ffnen. Die Anfrage wird in das Ticketing-System geleitet und damit wird gew&auml;hrleistet, dass Ihre Anfrage rasch und zuverl&auml;ssig beantwortet wird. Nutzer der kostenlosen Opensource Version stehen die obigen M&ouml;glichkeiten zur Verf&uuml;gung.</li>\r\n</ul>\r\n', 'Contrexx Support', '', '0', '71', '1', '11', 'system');
INSERT INTO `contrexx_module_repository` (`id`, `moduleid`, `content`, `title`, `cmd`, `expertmode`, `parid`, `displaystatus`, `displayorder`, `username`) VALUES ('91', '23', '<h1>&Uuml;berschrift 1</h1>\r\n\r\n<h2>&Uuml;berschrift 2</h2>\r\n\r\n<h3>&Uuml;berschrift 3</h3>\r\n\r\n<h4>&Uuml;berschrift 4</h4>\r\n\r\n<h5>&Uuml;berschrift 5</h5>\r\n\r\n<h6>&Uuml;berschrift 6</h6>\r\n\r\n<hr />\r\n<p>Lorem ipsum dolor sit amet, <a href=\"#\" title=\"test link\">test link</a> adipiscing elit. <strong>This is strong.</strong>.</p>\r\n\r\n<p><del>Wir essen um 5:00 Uhr.</del> <ins>Lass uns um 7:00 Uhr essen.</ins></p>\r\n\r\n<p>Dieser <span style=\"text-decoration:line-through;\">Text</span> wurde durchgestrichen.</p>\r\n\r\n<hr />\r\n<h2>Listentypen</h2>\r\n\r\n<h3>Definitionsliste</h3>\r\n\r\n<dl>\r\n	<dt>Definitionstitel</dt>\r\n	<dd>Dies ist eine Definition</dd>\r\n	<dt>Definitionstitel</dt>\r\n	<dd>Dies ist eine Definition</dd>\r\n</dl>\r\n\r\n<h3>Sortierte Liste</h3>\r\n\r\n<ol>\r\n	<li>Listenelement 1</li>\r\n	<li>Listenelement 2\r\n	<ol>\r\n		<li>Verschachteltes Listenelement A</li>\r\n		<li>Verschachteltes Listenelement B</li>\r\n	</ol>\r\n	</li>\r\n	<li>Listenelement 3</li>\r\n</ol>\r\n\r\n<h3>Unsortierte Liste</h3>\r\n\r\n<ul>\r\n	<li>Listenelement 1</li>\r\n	<li>Listenelement 2\r\n	<ul>\r\n		<li>Verschachteltes Listenelement A</li>\r\n		<li>Verschachteltes Listenelement B</li>\r\n	</ul>\r\n	</li>\r\n	<li>Listenelement 3</li>\r\n</ul>\r\n\r\n<hr />\r\n<h2>Tabelle</h2>\r\n\r\n<table>\r\n	<tbody>\r\n		<tr>\r\n			<th>Tabellen&uuml;berschrift 1</th>\r\n			<th>Tabellen&uuml;berschrift 2</th>\r\n			<th>Tabellen&uuml;berschrift 3</th>\r\n		</tr>\r\n		<tr>\r\n			<td>Tabellendaten 1</td>\r\n			<td>Tabellendaten 2</td>\r\n			<td>Tabellendaten 3</td>\r\n		</tr>\r\n		<tr class=\"row2\">\r\n			<td>Tabellendaten 1</td>\r\n			<td>Tabellendaten 2</td>\r\n			<td>Tabellendaten 3</td>\r\n		</tr>\r\n		<tr>\r\n			<td>Tabellendaten 1</td>\r\n			<td>Tabellendaten 2</td>\r\n			<td>Tabellendaten 3</td>\r\n		</tr>\r\n	</tbody>\r\n</table>\r\n', 'HTML Elemente', '', '0', '71', '1', '13', 'system');
INSERT INTO `contrexx_module_repository` (`id`, `moduleid`, `content`, `title`, `cmd`, `expertmode`, `parid`, `displaystatus`, `displayorder`, `username`) VALUES ('92', '23', 'Sofern Inhaltscontainer blau umrahmt wurden, k&ouml;nnen Sie mit der Maus in einen dieser Bereiche klicken. Alle anderen Bereiche werden dann f&uuml;r die Bearbeitung gesperrt, solange die &Auml;nderungen nicht gespeichert oder verworfen wurden.<br />\r\n<br />\r\n<img alt=\"\" src=\"/images/content/screenshots/700px-Frontend_editing_block_border.png\" style=\"width: 700px; height: 234px;\" /><br />\r\n<br />\r\nWeitere Informationen zum Frontend-Editing finden Sie im Contrexx-Wiki:&nbsp;<a href=\"http://wiki.contrexx.com/de/index.php?title=Frontend_Editing\">http://wiki.contrexx.com/de/index.php?title=Frontend_Editing</a>', 'Inhaltscontainer bearbeiten', '', '0', '71', '1', '15', 'system');
INSERT INTO `contrexx_module_repository` (`id`, `moduleid`, `content`, `title`, `cmd`, `expertmode`, `parid`, `displaystatus`, `displayorder`, `username`) VALUES ('93', '23', '{APPLICATION_DATA}', 'Mitglieder', 'members', '0', '74', '1', '127', 'system');
INSERT INTO `contrexx_module_repository` (`id`, `moduleid`, `content`, `title`, `cmd`, `expertmode`, `parid`, `displaystatus`, `displayorder`, `username`) VALUES ('94', '23', '<h2>Pflegen Sie Ihre Kundendaten mit dem integrierten CRM-System von Contrexx</h2>\r\nDas Web Content Management System Contrexx enth&auml;lt ab der Version 3.1 ein Web-CRM-System. Damit ist das professionelle Management&nbsp;von Kundenbeziehungen direkt in der CMS-Umgebung m&ouml;glich.<br />\r\n<br />\r\nKundenanfragen &uuml;ber in&nbsp;Contrexx erstellte Websites k&ouml;nnen ohne Umweg &uuml;ber ein separates Tool weiter bearbeitet&nbsp;werden.&nbsp;\r\n<h2>Was Ihnen das CRM bietet</h2>\r\n\r\n<ul>\r\n	<li><strong>Kundenprofile erstellen:</strong> Sie k&ouml;nnen die Kontaktdaten Ihrer Kunden erfassen und diese nach Unternehmenstyp und Branche kategorisieren. Dabei besteht die M&ouml;glichkeit, sowohl Unternehmens- wie auch Personenprofile anzulegen.</li>\r\n	<li><strong>Kunden in Kategorien einteilen:</strong> Sie k&ouml;nnen Ihre Kunden in verschiedene Kategorien einteilen. Somit behalten Sie den &Uuml;berblick und erhalten ausserdem die M&ouml;glichkeit, individuelleres und zielgruppengerechtes Marketing zu betreiben und dadurch neue Auftr&auml;ge zu gewinnen.</li>\r\n	<li><strong>Aufgaben definieren:</strong> Sie k&ouml;nnen Ihre Projekte direkt im CRM erfassen und diese den jeweiligen Kunden zuweisen. Definieren Sie in den Projekten spezifische Aufgaben wie das Nachfassen, Offerte schreiben oder Projekt abrechnen. Somit haben Sie Ihre Projektpipeline stets im Griff.</li>\r\n	<li><strong>Schnittstellen-Wizard f&uuml;r Import und Export:</strong> Durch CSV-Dateien k&ouml;nnen tausende von Kundendaten aus dem CRM exportiert oder ins CRM importiert werden. Dank dieser Schnittstelle m&uuml;ssen die Kontaktangaben nicht manuell erfasst werden.</li>\r\n</ul>\r\n\r\n<h2>Kontakt Anfrageformular (Muster)</h2>\r\nHier gehts zum <a href=\"{NODE_CONTACT_11}\">Beispiel-Formular</a>', 'CRM', '', '0', '73', '1', '79', 'system');
INSERT INTO `contrexx_module_repository` (`id`, `moduleid`, `content`, `title`, `cmd`, `expertmode`, `parid`, `displaystatus`, `displayorder`, `username`) VALUES ('95', '24', '{APPLICATION_DATA}', 'Medienarchiv 2', '', '0', '0', '1', '296', 'system');
INSERT INTO `contrexx_module_repository` (`id`, `moduleid`, `content`, `title`, `cmd`, `expertmode`, `parid`, `displaystatus`, `displayorder`, `username`) VALUES ('96', '25', '{APPLICATION_DATA}', 'Medienarchiv 3', '', '0', '0', '1', '298', 'system');
INSERT INTO `contrexx_module_repository` (`id`, `moduleid`, `content`, `title`, `cmd`, `expertmode`, `parid`, `displaystatus`, `displayorder`, `username`) VALUES ('97', '27', '{APPLICATION_DATA}', 'Seite weiterempfehlen', '', '0', '0', '0', '329', 'system');
INSERT INTO `contrexx_module_repository` (`id`, `moduleid`, `content`, `title`, `cmd`, `expertmode`, `parid`, `displaystatus`, `displayorder`, `username`) VALUES ('98', '30', '{APPLICATION_DATA}', 'Livecam', '', '0', '0', '1', '294', 'system');
INSERT INTO `contrexx_module_repository` (`id`, `moduleid`, `content`, `title`, `cmd`, `expertmode`, `parid`, `displaystatus`, `displayorder`, `username`) VALUES ('99', '31', '{APPLICATION_DATA}', 'Adressverzeichnis', '', '0', '0', '1', '230', 'system');
INSERT INTO `contrexx_module_repository` (`id`, `moduleid`, `content`, `title`, `cmd`, `expertmode`, `parid`, `displaystatus`, `displayorder`, `username`) VALUES ('100', '33', '{APPLICATION_DATA}', 'Kleinanzeigemarkt', '', '0', '0', '1', '254', 'system');
INSERT INTO `contrexx_module_repository` (`id`, `moduleid`, `content`, `title`, `cmd`, `expertmode`, `parid`, `displaystatus`, `displayorder`, `username`) VALUES ('101', '33', '{APPLICATION_DATA}', 'Inserat suchen', 'search', '0', '100', '0', '255', 'system');
INSERT INTO `contrexx_module_repository` (`id`, `moduleid`, `content`, `title`, `cmd`, `expertmode`, `parid`, `displaystatus`, `displayorder`, `username`) VALUES ('102', '33', '{APPLICATION_DATA}', 'Inserat erstellen', 'add', '0', '100', '1', '257', 'system');
INSERT INTO `contrexx_module_repository` (`id`, `moduleid`, `content`, `title`, `cmd`, `expertmode`, `parid`, `displaystatus`, `displayorder`, `username`) VALUES ('103', '33', '{APPLICATION_DATA}', 'Inserat anzeigen', 'detail', '0', '100', '0', '269', 'system');
INSERT INTO `contrexx_module_repository` (`id`, `moduleid`, `content`, `title`, `cmd`, `expertmode`, `parid`, `displaystatus`, `displayorder`, `username`) VALUES ('104', '33', '{APPLICATION_DATA}', 'Insarat Aktivieren', 'confirm', '0', '102', '0', '258', 'system');
INSERT INTO `contrexx_module_repository` (`id`, `moduleid`, `content`, `title`, `cmd`, `expertmode`, `parid`, `displaystatus`, `displayorder`, `username`) VALUES ('105', '33', '{APPLICATION_DATA}', 'Inserat löschen', 'del', '0', '102', '0', '264', 'system');
INSERT INTO `contrexx_module_repository` (`id`, `moduleid`, `content`, `title`, `cmd`, `expertmode`, `parid`, `displaystatus`, `displayorder`, `username`) VALUES ('106', '33', '{APPLICATION_DATA}', 'Inserat editieren', 'edit', '0', '102', '0', '266', 'system');
INSERT INTO `contrexx_module_repository` (`id`, `moduleid`, `content`, `title`, `cmd`, `expertmode`, `parid`, `displaystatus`, `displayorder`, `username`) VALUES ('107', '33', '{APPLICATION_DATA}', 'Mitteilung verschickt', 'send', '0', '103', '0', '270', 'system');
INSERT INTO `contrexx_module_repository` (`id`, `moduleid`, `content`, `title`, `cmd`, `expertmode`, `parid`, `displaystatus`, `displayorder`, `username`) VALUES ('108', '33', '{APPLICATION_DATA}', 'Freischaltcode Eingeben', 'paypal_successfull', '0', '104', '0', '259', 'system');
INSERT INTO `contrexx_module_repository` (`id`, `moduleid`, `content`, `title`, `cmd`, `expertmode`, `parid`, `displaystatus`, `displayorder`, `username`) VALUES ('109', '33', '{APPLICATION_DATA}', 'PayPal fehlgeschlagen', 'paypal_error', '0', '104', '0', '261', 'system');
INSERT INTO `contrexx_module_repository` (`id`, `moduleid`, `content`, `title`, `cmd`, `expertmode`, `parid`, `displaystatus`, `displayorder`, `username`) VALUES ('110', '35', '{APPLICATION_DATA}', 'Podcast', '', '0', '0', '1', '284', 'system');
INSERT INTO `contrexx_module_repository` (`id`, `moduleid`, `content`, `title`, `cmd`, `expertmode`, `parid`, `displaystatus`, `displayorder`, `username`) VALUES ('111', '38', '{APPLICATION_DATA}', 'Onlinedesk', '', '0', '0', '1', '274', 'system');
INSERT INTO `contrexx_module_repository` (`id`, `moduleid`, `content`, `title`, `cmd`, `expertmode`, `parid`, `displaystatus`, `displayorder`, `username`) VALUES ('112', '38', '{APPLICATION_DATA}', 'Onlinedesk Bestellung', 'detail', '0', '111', '0', '275', 'system');
INSERT INTO `contrexx_module_repository` (`id`, `moduleid`, `content`, `title`, `cmd`, `expertmode`, `parid`, `displaystatus`, `displayorder`, `username`) VALUES ('113', '39', '{APPLICATION_DATA}', 'Medienarchiv 4', '', '0', '0', '1', '300', 'system');
INSERT INTO `contrexx_module_repository` (`id`, `moduleid`, `content`, `title`, `cmd`, `expertmode`, `parid`, `displaystatus`, `displayorder`, `username`) VALUES ('114', '44', '{APPLICATION_DATA}', 'Impressum', '', '0', '0', '0', '321', 'system');
INSERT INTO `contrexx_module_repository` (`id`, `moduleid`, `content`, `title`, `cmd`, `expertmode`, `parid`, `displaystatus`, `displayorder`, `username`) VALUES ('115', '45', '{APPLICATION_DATA}', 'AGBs', '', '0', '0', '0', '323', 'system');
INSERT INTO `contrexx_module_repository` (`id`, `moduleid`, `content`, `title`, `cmd`, `expertmode`, `parid`, `displaystatus`, `displayorder`, `username`) VALUES ('116', '46', '{APPLICATION_DATA}', 'Rechtliche Hinweise', '', '0', '0', '0', '319', 'system');
INSERT INTO `contrexx_module_repository` (`id`, `moduleid`, `content`, `title`, `cmd`, `expertmode`, `parid`, `displaystatus`, `displayorder`, `username`) VALUES ('117', '47', '{APPLICATION_DATA}', 'Blog', '', '0', '0', '1', '19', 'system');
INSERT INTO `contrexx_module_repository` (`id`, `moduleid`, `content`, `title`, `cmd`, `expertmode`, `parid`, `displaystatus`, `displayorder`, `username`) VALUES ('118', '47', '{APPLICATION_DATA}', 'Suchen', 'search', '0', '117', '1', '20', 'system');
INSERT INTO `contrexx_module_repository` (`id`, `moduleid`, `content`, `title`, `cmd`, `expertmode`, `parid`, `displaystatus`, `displayorder`, `username`) VALUES ('119', '47', '{APPLICATION_DATA}', 'Tag Cloud', 'cloud', '0', '117', '1', '22', 'system');
INSERT INTO `contrexx_module_repository` (`id`, `moduleid`, `content`, `title`, `cmd`, `expertmode`, `parid`, `displaystatus`, `displayorder`, `username`) VALUES ('120', '47', '{APPLICATION_DATA}', 'Blogmeldung anzeigen', 'details', '0', '117', '0', '24', 'system');
INSERT INTO `contrexx_module_repository` (`id`, `moduleid`, `content`, `title`, `cmd`, `expertmode`, `parid`, `displaystatus`, `displayorder`, `username`) VALUES ('121', '48', '{APPLICATION_DATA}', 'Datenlisten', '', '0', '0', '0', '331', 'system');
INSERT INTO `contrexx_module_repository` (`id`, `moduleid`, `content`, `title`, `cmd`, `expertmode`, `parid`, `displaystatus`, `displayorder`, `username`) VALUES ('122', '49', '{APPLICATION_DATA}', 'E-Cards', '', '0', '0', '1', '286', 'system');
INSERT INTO `contrexx_module_repository` (`id`, `moduleid`, `content`, `title`, `cmd`, `expertmode`, `parid`, `displaystatus`, `displayorder`, `username`) VALUES ('123', '49', '{APPLICATION_DATA}', 'E-Card Vorschau', 'preview', '0', '122', '0', '287', 'system');
INSERT INTO `contrexx_module_repository` (`id`, `moduleid`, `content`, `title`, `cmd`, `expertmode`, `parid`, `displaystatus`, `displayorder`, `username`) VALUES ('124', '49', '{APPLICATION_DATA}', 'E-Card versendet', 'send', '0', '122', '0', '289', 'system');
INSERT INTO `contrexx_module_repository` (`id`, `moduleid`, `content`, `title`, `cmd`, `expertmode`, `parid`, `displaystatus`, `displayorder`, `username`) VALUES ('125', '49', '{APPLICATION_DATA}', 'E-Card Ansicht', 'show', '0', '122', '0', '291', 'system');
INSERT INTO `contrexx_module_repository` (`id`, `moduleid`, `content`, `title`, `cmd`, `expertmode`, `parid`, `displaystatus`, `displayorder`, `username`) VALUES ('126', '53', '{APPLICATION_DATA}', 'Digital Asset Management', '', '0', '0', '1', '43', 'system');
INSERT INTO `contrexx_module_repository` (`id`, `moduleid`, `content`, `title`, `cmd`, `expertmode`, `parid`, `displaystatus`, `displayorder`, `username`) VALUES ('127', '54', '{APPLICATION_DATA}', 'Nachrichten', 'inbox', '0', '0', '1', '147', 'system');
INSERT INTO `contrexx_module_repository` (`id`, `moduleid`, `content`, `title`, `cmd`, `expertmode`, `parid`, `displaystatus`, `displayorder`, `username`) VALUES ('128', '54', '{APPLICATION_DATA}', 'Neue Nachricht', '', '0', '127', '1', '148', 'system');
INSERT INTO `contrexx_module_repository` (`id`, `moduleid`, `content`, `title`, `cmd`, `expertmode`, `parid`, `displaystatus`, `displayorder`, `username`) VALUES ('129', '54', '{APPLICATION_DATA}', 'Benachrichtigung', 'notification', '0', '127', '0', '150', 'system');
INSERT INTO `contrexx_module_repository` (`id`, `moduleid`, `content`, `title`, `cmd`, `expertmode`, `parid`, `displaystatus`, `displayorder`, `username`) VALUES ('130', '54', '{APPLICATION_DATA}', 'Private Nachricht', 'show', '0', '127', '0', '152', 'system');
INSERT INTO `contrexx_module_repository` (`id`, `moduleid`, `content`, `title`, `cmd`, `expertmode`, `parid`, `displaystatus`, `displayorder`, `username`) VALUES ('131', '54', '{APPLICATION_DATA}', 'Postausgang', 'outbox', '0', '127', '1', '154', 'system');
INSERT INTO `contrexx_module_repository` (`id`, `moduleid`, `content`, `title`, `cmd`, `expertmode`, `parid`, `displaystatus`, `displayorder`, `username`) VALUES ('132', '54', '{APPLICATION_DATA}', 'Adressbuch', 'buddiesList', '0', '127', '1', '156', 'system');
INSERT INTO `contrexx_module_repository` (`id`, `moduleid`, `content`, `title`, `cmd`, `expertmode`, `parid`, `displaystatus`, `displayorder`, `username`) VALUES ('133', '56', '{APPLICATION_DATA}', 'Wissensdatenbank', '', '0', '0', '1', '164', 'system');
INSERT INTO `contrexx_module_repository` (`id`, `moduleid`, `content`, `title`, `cmd`, `expertmode`, `parid`, `displaystatus`, `displayorder`, `username`) VALUES ('134', '56', '{APPLICATION_DATA}', 'Search', 'search', '0', '133', '0', '165', 'system');
INSERT INTO `contrexx_module_repository` (`id`, `moduleid`, `content`, `title`, `cmd`, `expertmode`, `parid`, `displaystatus`, `displayorder`, `username`) VALUES ('135', '56', '{APPLICATION_DATA}', 'Artikel', 'article', '0', '133', '0', '167', 'system');
INSERT INTO `contrexx_module_repository` (`id`, `moduleid`, `content`, `title`, `cmd`, `expertmode`, `parid`, `displaystatus`, `displayorder`, `username`) VALUES ('136', '57', '{APPLICATION_DATA}', 'Jobs', '', '0', '0', '1', '278', 'system');
INSERT INTO `contrexx_module_repository` (`id`, `moduleid`, `content`, `title`, `cmd`, `expertmode`, `parid`, `displaystatus`, `displayorder`, `username`) VALUES ('137', '57', '{APPLICATION_DATA}', 'Detailansicht', 'details', '0', '136', '0', '279', 'system');
INSERT INTO `contrexx_module_repository` (`id`, `moduleid`, `content`, `title`, `cmd`, `expertmode`, `parid`, `displaystatus`, `displayorder`, `username`) VALUES ('138', '60', '{APPLICATION_DATA}', 'Team', 'team', '0', '0', '1', '121', 'system');
INSERT INTO `contrexx_module_repository` (`id`, `moduleid`, `content`, `title`, `cmd`, `expertmode`, `parid`, `displaystatus`, `displayorder`, `username`) VALUES ('139', '60', '{APPLICATION_DATA}', 'Referenzen', 'referenzen', '0', '0', '1', '123', 'system');
INSERT INTO `contrexx_module_repository` (`id`, `moduleid`, `content`, `title`, `cmd`, `expertmode`, `parid`, `displaystatus`, `displayorder`, `username`) VALUES ('140', '60', '{APPLICATION_DATA}', 'Detailansicht', 'detail31', '0', '139', '0', '124', 'system');
INSERT INTO `contrexx_module_repository` (`id`, `moduleid`, `content`, `title`, `cmd`, `expertmode`, `parid`, `displaystatus`, `displayorder`, `username`) VALUES ('141', '60', '{APPLICATION_DATA}', 'Alphabetisch', 'alphabetical', '0', '0', '1', '233', 'system');
INSERT INTO `contrexx_module_repository` (`id`, `moduleid`, `content`, `title`, `cmd`, `expertmode`, `parid`, `displaystatus`, `displayorder`, `username`) VALUES ('142', '60', '{APPLICATION_DATA}', 'Karte', 'map', '0', '0', '1', '235', 'system');
INSERT INTO `contrexx_module_repository` (`id`, `moduleid`, `content`, `title`, `cmd`, `expertmode`, `parid`, `displaystatus`, `displayorder`, `username`) VALUES ('143', '60', '{APPLICATION_DATA}', 'Suche', 'search', '0', '0', '1', '237', 'system');
INSERT INTO `contrexx_module_repository` (`id`, `moduleid`, `content`, `title`, `cmd`, `expertmode`, `parid`, `displaystatus`, `displayorder`, `username`) VALUES ('144', '60', '{APPLICATION_DATA}', 'Beliebte', 'popular', '0', '0', '1', '239', 'system');
INSERT INTO `contrexx_module_repository` (`id`, `moduleid`, `content`, `title`, `cmd`, `expertmode`, `parid`, `displaystatus`, `displayorder`, `username`) VALUES ('145', '60', '{APPLICATION_DATA}', 'Neueste', 'latest', '0', '0', '1', '241', 'system');
INSERT INTO `contrexx_module_repository` (`id`, `moduleid`, `content`, `title`, `cmd`, `expertmode`, `parid`, `displaystatus`, `displayorder`, `username`) VALUES ('146', '60', '{APPLICATION_DATA}', 'Hinzufügen', 'add', '0', '0', '1', '243', 'system');
INSERT INTO `contrexx_module_repository` (`id`, `moduleid`, `content`, `title`, `cmd`, `expertmode`, `parid`, `displaystatus`, `displayorder`, `username`) VALUES ('147', '60', '{APPLICATION_DATA}', 'Detail', 'detail', '0', '0', '0', '245', 'system');
INSERT INTO `contrexx_module_repository` (`id`, `moduleid`, `content`, `title`, `cmd`, `expertmode`, `parid`, `displaystatus`, `displayorder`, `username`) VALUES ('148', '60', '{APPLICATION_DATA}', 'Löschen', 'delete', '0', '0', '0', '247', 'system');
INSERT INTO `contrexx_module_repository` (`id`, `moduleid`, `content`, `title`, `cmd`, `expertmode`, `parid`, `displaystatus`, `displayorder`, `username`) VALUES ('149', '60', '{APPLICATION_DATA}', 'Bearbeiten', 'edit', '0', '0', '0', '249', 'system');
INSERT INTO `contrexx_module_repository` (`id`, `moduleid`, `content`, `title`, `cmd`, `expertmode`, `parid`, `displaystatus`, `displayorder`, `username`) VALUES ('150', '68', '{APPLICATION_DATA}', 'Filesharing', '', '0', '0', '1', '45', 'system');

INSERT INTO `contrexx_module_shop_attribute` (`id`, `type`) VALUES ('1', '0');

INSERT INTO `contrexx_module_shop_categories` (`id`, `parent_id`, `ord`, `active`, `picture`, `flags`) VALUES ('9', '0', '0', '1', 'htc_one_x_small.jpg', '');
INSERT INTO `contrexx_module_shop_categories` (`id`, `parent_id`, `ord`, `active`, `picture`, `flags`) VALUES ('10', '0', '0', '1', 'contrexx_premium.jpg', '');
INSERT INTO `contrexx_module_shop_categories` (`id`, `parent_id`, `ord`, `active`, `picture`, `flags`) VALUES ('11', '0', '0', '1', 'become_a_member.jpg', '');

INSERT INTO `contrexx_module_shop_currencies` (`id`, `code`, `symbol`, `rate`, `ord`, `active`, `default`, `increment`) VALUES ('1', 'CHF', 'CHF', '1.0000', '1', '1', '1', '0.05000');
INSERT INTO `contrexx_module_shop_currencies` (`id`, `code`, `symbol`, `rate`, `ord`, `active`, `default`, `increment`) VALUES ('4', 'EUR', '€', '0.8300', '2', '1', '0', '0.01000');
INSERT INTO `contrexx_module_shop_currencies` (`id`, `code`, `symbol`, `rate`, `ord`, `active`, `default`, `increment`) VALUES ('5', 'USD', 'USD', '1.0500', '0', '1', '0', '0.01000');

INSERT INTO `contrexx_module_shop_discount_coupon` (`code`, `customer_id`, `payment_id`, `product_id`, `start_time`, `end_time`, `uses`, `global`, `minimum_amount`, `discount_amount`, `discount_rate`) VALUES ('contrexx', '0', '0', '0', '1336946400', '0', '1410065408', '1', '0.00', '0.00', '10');

INSERT INTO `contrexx_module_shop_option` (`id`, `attribute_id`, `price`) VALUES ('1', '1', '19.00');
INSERT INTO `contrexx_module_shop_option` (`id`, `attribute_id`, `price`) VALUES ('2', '1', '400.00');
INSERT INTO `contrexx_module_shop_option` (`id`, `attribute_id`, `price`) VALUES ('3', '1', '19.90');

INSERT INTO `contrexx_module_shop_orders` (`id`, `customer_id`, `currency_id`, `sum`, `date_time`, `status`, `gender`, `company`, `firstname`, `lastname`, `address`, `city`, `zip`, `country_id`, `phone`, `vat_amount`, `shipment_amount`, `shipment_id`, `payment_id`, `payment_amount`, `ip`, `host`, `lang_id`, `browser`, `note`, `modified_on`, `modified_by`, `billing_gender`, `billing_company`, `billing_firstname`, `billing_lastname`, `billing_address`, `billing_city`, `billing_zip`, `billing_country_id`, `billing_phone`, `billing_fax`, `billing_email`) VALUES ('1', '2', '1', '1802.00', '2012-07-09 06:07:38', '0', 'gender_male', 'ss4u', 'Tim', 'Alexander', '12, Cherooke', 'Louisville', '988011', '14', '81777202', '0.00', '0.00', '2', '12', '2.00', '122.165.78.217', 'ABTS-TN-Static-217.78.165.122.airtelbroadband.in', '2', 'Mozilla/5.0 (X11; Ubuntu; Linux i686; rv:10.0) Gecko/20100101 Firefox/10.0', 'none', NULL, NULL, 'gender_male', 'ss4u', 'Tim', 'Alexander', '12, Cherooke', 'Louisville', '988011', '14', '81777202', '2341244', NULL);
INSERT INTO `contrexx_module_shop_orders` (`id`, `customer_id`, `currency_id`, `sum`, `date_time`, `status`, `gender`, `company`, `firstname`, `lastname`, `address`, `city`, `zip`, `country_id`, `phone`, `vat_amount`, `shipment_amount`, `shipment_id`, `payment_id`, `payment_amount`, `ip`, `host`, `lang_id`, `browser`, `note`, `modified_on`, `modified_by`, `billing_gender`, `billing_company`, `billing_firstname`, `billing_lastname`, `billing_address`, `billing_city`, `billing_zip`, `billing_country_id`, `billing_phone`, `billing_fax`, `billing_email`) VALUES ('2', '3', '1', '1802.00', '2012-07-09 07:50:59', '0', 'gender_male', 'adasfd', 'sdfsdf', 'sdafsf', 'sdfsdf', 'sdfsdf', 'sdfsd', '81', '65844548', '0.00', '0.00', '1', '2', '2.00', '122.165.78.217', 'ABTS-TN-Static-217.78.165.122.airtelbroadband.in', '2', 'Mozilla/5.0 (Windows NT 6.1; rv:13.0) Gecko/20100101 Firefox/13.0.1', 'safsdf', NULL, NULL, 'gender_male', 'adasfd', 'sdfsdf', 'sdafsf', 'sdfsdf', 'sdfsdf', 'sdfsd', '81', '65844548', '87845445', NULL);
INSERT INTO `contrexx_module_shop_orders` (`id`, `customer_id`, `currency_id`, `sum`, `date_time`, `status`, `gender`, `company`, `firstname`, `lastname`, `address`, `city`, `zip`, `country_id`, `phone`, `vat_amount`, `shipment_amount`, `shipment_id`, `payment_id`, `payment_amount`, `ip`, `host`, `lang_id`, `browser`, `note`, `modified_on`, `modified_by`, `billing_gender`, `billing_company`, `billing_firstname`, `billing_lastname`, `billing_address`, `billing_city`, `billing_zip`, `billing_country_id`, `billing_phone`, `billing_fax`, `billing_email`) VALUES ('3', '4', '1', '1802.00', '2012-07-09 07:59:47', '0', 'gender_female', 'ss', 'rebecca', 'stone', 'Bright street', 'bern', '123131234', '204', '1243141112', '0.00', '0.00', '1', '12', '2.00', '122.165.78.217', 'ABTS-TN-Static-217.78.165.122.airtelbroadband.in', '2', 'Mozilla/5.0 (X11; Ubuntu; Linux i686; rv:10.0) Gecko/20100101 Firefox/10.0', '', NULL, NULL, 'gender_female', 'ss', 'rebecca', 'stone', 'Bright street', 'bern', '123131234', '204', '1243141112', NULL, NULL);
INSERT INTO `contrexx_module_shop_orders` (`id`, `customer_id`, `currency_id`, `sum`, `date_time`, `status`, `gender`, `company`, `firstname`, `lastname`, `address`, `city`, `zip`, `country_id`, `phone`, `vat_amount`, `shipment_amount`, `shipment_id`, `payment_id`, `payment_amount`, `ip`, `host`, `lang_id`, `browser`, `note`, `modified_on`, `modified_by`, `billing_gender`, `billing_company`, `billing_firstname`, `billing_lastname`, `billing_address`, `billing_city`, `billing_zip`, `billing_country_id`, `billing_phone`, `billing_fax`, `billing_email`) VALUES ('4', '1', '1', '1802.00', '2012-07-10 06:17:28', '0', 'gender_male', 'company', 'CMS', 'System Benutzer', 'address', 'city', 'zip', '204', 'phone', '0.00', '0.00', '1', '2', '2.00', '122.165.73.242', 'ABTS-TN-Static-242.73.165.122.airtelbroadband.in', '2', 'Mozilla/5.0 (X11; Ubuntu; Linux i686; rv:10.0) Gecko/20100101 Firefox/10.0', 'gdsasghdggds', NULL, NULL, 'gender_male', 'company', 'CMS', 'System Benutzer', 'address', 'city', 'zip', '204', 'phone', 'fax', NULL);

INSERT INTO `contrexx_module_shop_order_items` (`id`, `order_id`, `product_id`, `product_name`, `price`, `quantity`, `vat_rate`, `weight`) VALUES ('1', '1', '10', 'Lorem ipsum2', '1800.00', '1', '0.00', '0');
INSERT INTO `contrexx_module_shop_order_items` (`id`, `order_id`, `product_id`, `product_name`, `price`, `quantity`, `vat_rate`, `weight`) VALUES ('2', '2', '10', 'Lorem ipsum2', '1800.00', '1', '0.00', '0');
INSERT INTO `contrexx_module_shop_order_items` (`id`, `order_id`, `product_id`, `product_name`, `price`, `quantity`, `vat_rate`, `weight`) VALUES ('3', '3', '10', 'Lorem ipsum2', '1800.00', '1', '0.00', '0');
INSERT INTO `contrexx_module_shop_order_items` (`id`, `order_id`, `product_id`, `product_name`, `price`, `quantity`, `vat_rate`, `weight`) VALUES ('4', '4', '10', 'Lorem ipsum2', '1800.00', '1', '0.00', '0');

INSERT INTO `contrexx_module_shop_payment` (`id`, `processor_id`, `fee`, `free_from`, `ord`, `active`) VALUES ('2', '1', '2.00', '20000.00', '0', '1');
INSERT INTO `contrexx_module_shop_payment` (`id`, `processor_id`, `fee`, `free_from`, `ord`, `active`) VALUES ('9', '4', '10.00', '15000.00', '0', '1');
INSERT INTO `contrexx_module_shop_payment` (`id`, `processor_id`, `fee`, `free_from`, `ord`, `active`) VALUES ('12', '2', '2.00', '10000.00', '0', '1');
INSERT INTO `contrexx_module_shop_payment` (`id`, `processor_id`, `fee`, `free_from`, `ord`, `active`) VALUES ('13', '9', '0.00', '0.00', '0', '1');
INSERT INTO `contrexx_module_shop_payment` (`id`, `processor_id`, `fee`, `free_from`, `ord`, `active`) VALUES ('14', '3', '0.00', '0.00', '0', '1');
INSERT INTO `contrexx_module_shop_payment` (`id`, `processor_id`, `fee`, `free_from`, `ord`, `active`) VALUES ('15', '10', '2.00', '1000.00', '0', '1');
INSERT INTO `contrexx_module_shop_payment` (`id`, `processor_id`, `fee`, `free_from`, `ord`, `active`) VALUES ('16', '12', '0.00', '0.00', '0', '1');
INSERT INTO `contrexx_module_shop_payment` (`id`, `processor_id`, `fee`, `free_from`, `ord`, `active`) VALUES ('17', '13', '0.00', '0.00', '0', '1');
INSERT INTO `contrexx_module_shop_payment` (`id`, `processor_id`, `fee`, `free_from`, `ord`, `active`) VALUES ('18', '14', '0.00', '0.00', '0', '1');

INSERT INTO `contrexx_module_shop_payment_processors` (`id`, `type`, `name`, `description`, `company_url`, `status`, `picture`) VALUES ('1', 'external', 'saferpay', 'Saferpay is a comprehensive Internet payment platform, specially developed for commercial applications. It provides a guarantee of secure payment processes over the Internet for merchants as well as for cardholders. Merchants benefit from the easy integration of the payment method into their e-commerce platform, and from the modularity with which they can take account of current and future requirements. Cardholders benefit from the security of buying from any shop that uses Saferpay.', 'http://www.saferpay.com/', '1', 'logo_saferpay.gif');
INSERT INTO `contrexx_module_shop_payment_processors` (`id`, `type`, `name`, `description`, `company_url`, `status`, `picture`) VALUES ('2', 'external', 'paypal', 'With more than 40 million member accounts in over 45 countries worldwide, PayPal is the world\'s largest online payment service. PayPal makes sending money as easy as sending email! Any PayPal member can instantly and securely send money to anyone in the U.S. with an email address. PayPal can also be used on a web-enabled cell phone. In the future, PayPal will be available to use on web-enabled pagers and other handheld devices.', 'http://www.paypal.com/', '1', 'logo_paypal.gif');
INSERT INTO `contrexx_module_shop_payment_processors` (`id`, `type`, `name`, `description`, `company_url`, `status`, `picture`) VALUES ('3', 'external', 'yellowpay', 'PostFinance vereinfacht das Inkasso im Online-Shop.', 'http://www.postfinance.ch/', '1', 'logo_postfinance.gif');
INSERT INTO `contrexx_module_shop_payment_processors` (`id`, `type`, `name`, `description`, `company_url`, `status`, `picture`) VALUES ('4', 'internal', 'internal', 'Internal no forms', '', '1', '');
INSERT INTO `contrexx_module_shop_payment_processors` (`id`, `type`, `name`, `description`, `company_url`, `status`, `picture`) VALUES ('9', 'internal', 'internal_lsv', 'LSV with internal form', '', '1', '');
INSERT INTO `contrexx_module_shop_payment_processors` (`id`, `type`, `name`, `description`, `company_url`, `status`, `picture`) VALUES ('10', 'external', 'datatrans', 'Die professionelle und komplette Payment-Lösung', 'http://datatrans.biz/', '1', 'logo_datatrans.gif');
INSERT INTO `contrexx_module_shop_payment_processors` (`id`, `type`, `name`, `description`, `company_url`, `status`, `picture`) VALUES ('11', 'external', 'mobilesolutions', 'PostFinance Mobile', 'https://postfinance.mobilesolutions.ch/', '1', 'logo_postfinance_mobile.gif');
INSERT INTO `contrexx_module_shop_payment_processors` (`id`, `type`, `name`, `description`, `company_url`, `status`, `picture`) VALUES ('12', 'external', 'paymill_cc', '', 'https://www.paymill.com', '1', '');
INSERT INTO `contrexx_module_shop_payment_processors` (`id`, `type`, `name`, `description`, `company_url`, `status`, `picture`) VALUES ('13', 'external', 'paymill_elv', '', 'https://www.paymill.com', '1', '');
INSERT INTO `contrexx_module_shop_payment_processors` (`id`, `type`, `name`, `description`, `company_url`, `status`, `picture`) VALUES ('14', 'external', 'paymill_iban', '', 'https://www.paymill.com', '1', '');

INSERT INTO `contrexx_module_shop_pricelists` (`id`, `name`, `lang_id`, `border_on`, `header_on`, `header_left`, `header_right`, `footer_on`, `footer_left`, `footer_right`, `categories`) VALUES ('1', 'Beispiel Preisliste', '1', '1', '1', 'Beispiel Preisliste', NULL, '1', '<--DATE-->', '<--PAGENUMBER-->', '*');

INSERT INTO `contrexx_module_shop_products` (`id`, `picture`, `category_id`, `distribution`, `normalprice`, `resellerprice`, `stock`, `stock_visible`, `discountprice`, `discount_active`, `active`, `b2b`, `b2c`, `date_start`, `date_end`, `manufacturer_id`, `ord`, `vat_id`, `weight`, `flags`, `group_id`, `article_id`, `usergroup_ids`) VALUES ('12', 'aHRjX29uZV94LmpwZw==?NTIw?Mjkx:?MA==?MA==:?MA==?MA==', '9', 'delivery', '549.90', '0.00', '50', '0', '500.00', '1', '1', '1', '1', '0000-00-00 00:00:00', '0000-00-00 00:00:00', '3', '0', '10', NULL, NULL, NULL, NULL, NULL);
INSERT INTO `contrexx_module_shop_products` (`id`, `picture`, `category_id`, `distribution`, `normalprice`, `resellerprice`, `stock`, `stock_visible`, `discountprice`, `discount_active`, `active`, `b2b`, `b2c`, `date_start`, `date_end`, `manufacturer_id`, `ord`, `vat_id`, `weight`, `flags`, `group_id`, `article_id`, `usergroup_ids`) VALUES ('13', 'Y29udHJleHhfcHJlbWl1bS5qcGc=?NDA5?NDgw:?MA==?MA==:?MA==?MA==', '10', 'delivery', '948.00', '0.00', '10000', '0', '0.00', '0', '1', '1', '1', '0000-00-00 00:00:00', '0000-00-00 00:00:00', '4', '0', '10', NULL, NULL, NULL, NULL, NULL);
INSERT INTO `contrexx_module_shop_products` (`id`, `picture`, `category_id`, `distribution`, `normalprice`, `resellerprice`, `stock`, `stock_visible`, `discountprice`, `discount_active`, `active`, `b2b`, `b2c`, `date_start`, `date_end`, `manufacturer_id`, `ord`, `vat_id`, `weight`, `flags`, `group_id`, `article_id`, `usergroup_ids`) VALUES ('14', 'bWl0Z2xpZWRzY2hhZnQuanBn?NTIy?NTM4:?MA==?MA==:?MA==?MA==', '11', 'none', '60.00', '0.00', '100000', '0', '0.00', '0', '1', '1', '1', '0000-00-00 00:00:00', '0000-00-00 00:00:00', '5', '0', '10', NULL, NULL, NULL, NULL, NULL);

INSERT INTO `contrexx_module_shop_rel_countries` (`zone_id`, `country_id`) VALUES ('1', '1');
INSERT INTO `contrexx_module_shop_rel_countries` (`zone_id`, `country_id`) VALUES ('1', '2');
INSERT INTO `contrexx_module_shop_rel_countries` (`zone_id`, `country_id`) VALUES ('1', '3');
INSERT INTO `contrexx_module_shop_rel_countries` (`zone_id`, `country_id`) VALUES ('1', '4');
INSERT INTO `contrexx_module_shop_rel_countries` (`zone_id`, `country_id`) VALUES ('1', '5');
INSERT INTO `contrexx_module_shop_rel_countries` (`zone_id`, `country_id`) VALUES ('1', '6');
INSERT INTO `contrexx_module_shop_rel_countries` (`zone_id`, `country_id`) VALUES ('1', '7');
INSERT INTO `contrexx_module_shop_rel_countries` (`zone_id`, `country_id`) VALUES ('1', '8');
INSERT INTO `contrexx_module_shop_rel_countries` (`zone_id`, `country_id`) VALUES ('1', '9');
INSERT INTO `contrexx_module_shop_rel_countries` (`zone_id`, `country_id`) VALUES ('1', '10');
INSERT INTO `contrexx_module_shop_rel_countries` (`zone_id`, `country_id`) VALUES ('1', '11');
INSERT INTO `contrexx_module_shop_rel_countries` (`zone_id`, `country_id`) VALUES ('1', '12');
INSERT INTO `contrexx_module_shop_rel_countries` (`zone_id`, `country_id`) VALUES ('1', '13');
INSERT INTO `contrexx_module_shop_rel_countries` (`zone_id`, `country_id`) VALUES ('1', '14');
INSERT INTO `contrexx_module_shop_rel_countries` (`zone_id`, `country_id`) VALUES ('1', '15');
INSERT INTO `contrexx_module_shop_rel_countries` (`zone_id`, `country_id`) VALUES ('1', '16');
INSERT INTO `contrexx_module_shop_rel_countries` (`zone_id`, `country_id`) VALUES ('1', '17');
INSERT INTO `contrexx_module_shop_rel_countries` (`zone_id`, `country_id`) VALUES ('1', '18');
INSERT INTO `contrexx_module_shop_rel_countries` (`zone_id`, `country_id`) VALUES ('1', '19');
INSERT INTO `contrexx_module_shop_rel_countries` (`zone_id`, `country_id`) VALUES ('1', '20');
INSERT INTO `contrexx_module_shop_rel_countries` (`zone_id`, `country_id`) VALUES ('1', '21');
INSERT INTO `contrexx_module_shop_rel_countries` (`zone_id`, `country_id`) VALUES ('1', '22');
INSERT INTO `contrexx_module_shop_rel_countries` (`zone_id`, `country_id`) VALUES ('1', '23');
INSERT INTO `contrexx_module_shop_rel_countries` (`zone_id`, `country_id`) VALUES ('1', '24');
INSERT INTO `contrexx_module_shop_rel_countries` (`zone_id`, `country_id`) VALUES ('1', '25');
INSERT INTO `contrexx_module_shop_rel_countries` (`zone_id`, `country_id`) VALUES ('1', '26');
INSERT INTO `contrexx_module_shop_rel_countries` (`zone_id`, `country_id`) VALUES ('1', '27');
INSERT INTO `contrexx_module_shop_rel_countries` (`zone_id`, `country_id`) VALUES ('1', '28');
INSERT INTO `contrexx_module_shop_rel_countries` (`zone_id`, `country_id`) VALUES ('1', '29');
INSERT INTO `contrexx_module_shop_rel_countries` (`zone_id`, `country_id`) VALUES ('1', '30');
INSERT INTO `contrexx_module_shop_rel_countries` (`zone_id`, `country_id`) VALUES ('1', '31');
INSERT INTO `contrexx_module_shop_rel_countries` (`zone_id`, `country_id`) VALUES ('1', '32');
INSERT INTO `contrexx_module_shop_rel_countries` (`zone_id`, `country_id`) VALUES ('1', '33');
INSERT INTO `contrexx_module_shop_rel_countries` (`zone_id`, `country_id`) VALUES ('1', '34');
INSERT INTO `contrexx_module_shop_rel_countries` (`zone_id`, `country_id`) VALUES ('1', '35');
INSERT INTO `contrexx_module_shop_rel_countries` (`zone_id`, `country_id`) VALUES ('1', '36');
INSERT INTO `contrexx_module_shop_rel_countries` (`zone_id`, `country_id`) VALUES ('1', '37');
INSERT INTO `contrexx_module_shop_rel_countries` (`zone_id`, `country_id`) VALUES ('1', '38');
INSERT INTO `contrexx_module_shop_rel_countries` (`zone_id`, `country_id`) VALUES ('1', '39');
INSERT INTO `contrexx_module_shop_rel_countries` (`zone_id`, `country_id`) VALUES ('1', '40');
INSERT INTO `contrexx_module_shop_rel_countries` (`zone_id`, `country_id`) VALUES ('1', '41');
INSERT INTO `contrexx_module_shop_rel_countries` (`zone_id`, `country_id`) VALUES ('1', '42');
INSERT INTO `contrexx_module_shop_rel_countries` (`zone_id`, `country_id`) VALUES ('1', '43');
INSERT INTO `contrexx_module_shop_rel_countries` (`zone_id`, `country_id`) VALUES ('1', '44');
INSERT INTO `contrexx_module_shop_rel_countries` (`zone_id`, `country_id`) VALUES ('1', '45');
INSERT INTO `contrexx_module_shop_rel_countries` (`zone_id`, `country_id`) VALUES ('1', '46');
INSERT INTO `contrexx_module_shop_rel_countries` (`zone_id`, `country_id`) VALUES ('1', '47');
INSERT INTO `contrexx_module_shop_rel_countries` (`zone_id`, `country_id`) VALUES ('1', '48');
INSERT INTO `contrexx_module_shop_rel_countries` (`zone_id`, `country_id`) VALUES ('1', '49');
INSERT INTO `contrexx_module_shop_rel_countries` (`zone_id`, `country_id`) VALUES ('1', '50');
INSERT INTO `contrexx_module_shop_rel_countries` (`zone_id`, `country_id`) VALUES ('1', '51');
INSERT INTO `contrexx_module_shop_rel_countries` (`zone_id`, `country_id`) VALUES ('1', '52');
INSERT INTO `contrexx_module_shop_rel_countries` (`zone_id`, `country_id`) VALUES ('1', '53');
INSERT INTO `contrexx_module_shop_rel_countries` (`zone_id`, `country_id`) VALUES ('1', '54');
INSERT INTO `contrexx_module_shop_rel_countries` (`zone_id`, `country_id`) VALUES ('1', '55');
INSERT INTO `contrexx_module_shop_rel_countries` (`zone_id`, `country_id`) VALUES ('1', '56');
INSERT INTO `contrexx_module_shop_rel_countries` (`zone_id`, `country_id`) VALUES ('1', '57');
INSERT INTO `contrexx_module_shop_rel_countries` (`zone_id`, `country_id`) VALUES ('1', '58');
INSERT INTO `contrexx_module_shop_rel_countries` (`zone_id`, `country_id`) VALUES ('1', '59');
INSERT INTO `contrexx_module_shop_rel_countries` (`zone_id`, `country_id`) VALUES ('1', '60');
INSERT INTO `contrexx_module_shop_rel_countries` (`zone_id`, `country_id`) VALUES ('1', '61');
INSERT INTO `contrexx_module_shop_rel_countries` (`zone_id`, `country_id`) VALUES ('1', '62');
INSERT INTO `contrexx_module_shop_rel_countries` (`zone_id`, `country_id`) VALUES ('1', '63');
INSERT INTO `contrexx_module_shop_rel_countries` (`zone_id`, `country_id`) VALUES ('1', '64');
INSERT INTO `contrexx_module_shop_rel_countries` (`zone_id`, `country_id`) VALUES ('1', '65');
INSERT INTO `contrexx_module_shop_rel_countries` (`zone_id`, `country_id`) VALUES ('1', '66');
INSERT INTO `contrexx_module_shop_rel_countries` (`zone_id`, `country_id`) VALUES ('1', '67');
INSERT INTO `contrexx_module_shop_rel_countries` (`zone_id`, `country_id`) VALUES ('1', '68');
INSERT INTO `contrexx_module_shop_rel_countries` (`zone_id`, `country_id`) VALUES ('1', '69');
INSERT INTO `contrexx_module_shop_rel_countries` (`zone_id`, `country_id`) VALUES ('1', '70');
INSERT INTO `contrexx_module_shop_rel_countries` (`zone_id`, `country_id`) VALUES ('1', '71');
INSERT INTO `contrexx_module_shop_rel_countries` (`zone_id`, `country_id`) VALUES ('1', '72');
INSERT INTO `contrexx_module_shop_rel_countries` (`zone_id`, `country_id`) VALUES ('1', '73');
INSERT INTO `contrexx_module_shop_rel_countries` (`zone_id`, `country_id`) VALUES ('1', '74');
INSERT INTO `contrexx_module_shop_rel_countries` (`zone_id`, `country_id`) VALUES ('1', '75');
INSERT INTO `contrexx_module_shop_rel_countries` (`zone_id`, `country_id`) VALUES ('1', '76');
INSERT INTO `contrexx_module_shop_rel_countries` (`zone_id`, `country_id`) VALUES ('1', '77');
INSERT INTO `contrexx_module_shop_rel_countries` (`zone_id`, `country_id`) VALUES ('1', '78');
INSERT INTO `contrexx_module_shop_rel_countries` (`zone_id`, `country_id`) VALUES ('1', '79');
INSERT INTO `contrexx_module_shop_rel_countries` (`zone_id`, `country_id`) VALUES ('1', '80');
INSERT INTO `contrexx_module_shop_rel_countries` (`zone_id`, `country_id`) VALUES ('1', '81');
INSERT INTO `contrexx_module_shop_rel_countries` (`zone_id`, `country_id`) VALUES ('3', '81');
INSERT INTO `contrexx_module_shop_rel_countries` (`zone_id`, `country_id`) VALUES ('1', '82');
INSERT INTO `contrexx_module_shop_rel_countries` (`zone_id`, `country_id`) VALUES ('1', '83');
INSERT INTO `contrexx_module_shop_rel_countries` (`zone_id`, `country_id`) VALUES ('1', '84');
INSERT INTO `contrexx_module_shop_rel_countries` (`zone_id`, `country_id`) VALUES ('1', '85');
INSERT INTO `contrexx_module_shop_rel_countries` (`zone_id`, `country_id`) VALUES ('1', '86');
INSERT INTO `contrexx_module_shop_rel_countries` (`zone_id`, `country_id`) VALUES ('1', '87');
INSERT INTO `contrexx_module_shop_rel_countries` (`zone_id`, `country_id`) VALUES ('1', '88');
INSERT INTO `contrexx_module_shop_rel_countries` (`zone_id`, `country_id`) VALUES ('1', '89');
INSERT INTO `contrexx_module_shop_rel_countries` (`zone_id`, `country_id`) VALUES ('1', '90');
INSERT INTO `contrexx_module_shop_rel_countries` (`zone_id`, `country_id`) VALUES ('1', '91');
INSERT INTO `contrexx_module_shop_rel_countries` (`zone_id`, `country_id`) VALUES ('1', '92');
INSERT INTO `contrexx_module_shop_rel_countries` (`zone_id`, `country_id`) VALUES ('1', '93');
INSERT INTO `contrexx_module_shop_rel_countries` (`zone_id`, `country_id`) VALUES ('1', '94');
INSERT INTO `contrexx_module_shop_rel_countries` (`zone_id`, `country_id`) VALUES ('1', '95');
INSERT INTO `contrexx_module_shop_rel_countries` (`zone_id`, `country_id`) VALUES ('1', '96');
INSERT INTO `contrexx_module_shop_rel_countries` (`zone_id`, `country_id`) VALUES ('1', '97');
INSERT INTO `contrexx_module_shop_rel_countries` (`zone_id`, `country_id`) VALUES ('1', '98');
INSERT INTO `contrexx_module_shop_rel_countries` (`zone_id`, `country_id`) VALUES ('1', '99');
INSERT INTO `contrexx_module_shop_rel_countries` (`zone_id`, `country_id`) VALUES ('1', '101');
INSERT INTO `contrexx_module_shop_rel_countries` (`zone_id`, `country_id`) VALUES ('1', '102');
INSERT INTO `contrexx_module_shop_rel_countries` (`zone_id`, `country_id`) VALUES ('1', '103');
INSERT INTO `contrexx_module_shop_rel_countries` (`zone_id`, `country_id`) VALUES ('1', '104');
INSERT INTO `contrexx_module_shop_rel_countries` (`zone_id`, `country_id`) VALUES ('1', '105');
INSERT INTO `contrexx_module_shop_rel_countries` (`zone_id`, `country_id`) VALUES ('1', '106');
INSERT INTO `contrexx_module_shop_rel_countries` (`zone_id`, `country_id`) VALUES ('1', '107');
INSERT INTO `contrexx_module_shop_rel_countries` (`zone_id`, `country_id`) VALUES ('1', '108');
INSERT INTO `contrexx_module_shop_rel_countries` (`zone_id`, `country_id`) VALUES ('1', '109');
INSERT INTO `contrexx_module_shop_rel_countries` (`zone_id`, `country_id`) VALUES ('1', '110');
INSERT INTO `contrexx_module_shop_rel_countries` (`zone_id`, `country_id`) VALUES ('1', '111');
INSERT INTO `contrexx_module_shop_rel_countries` (`zone_id`, `country_id`) VALUES ('1', '112');
INSERT INTO `contrexx_module_shop_rel_countries` (`zone_id`, `country_id`) VALUES ('1', '113');
INSERT INTO `contrexx_module_shop_rel_countries` (`zone_id`, `country_id`) VALUES ('1', '114');
INSERT INTO `contrexx_module_shop_rel_countries` (`zone_id`, `country_id`) VALUES ('1', '115');
INSERT INTO `contrexx_module_shop_rel_countries` (`zone_id`, `country_id`) VALUES ('1', '116');
INSERT INTO `contrexx_module_shop_rel_countries` (`zone_id`, `country_id`) VALUES ('1', '117');
INSERT INTO `contrexx_module_shop_rel_countries` (`zone_id`, `country_id`) VALUES ('1', '118');
INSERT INTO `contrexx_module_shop_rel_countries` (`zone_id`, `country_id`) VALUES ('1', '119');
INSERT INTO `contrexx_module_shop_rel_countries` (`zone_id`, `country_id`) VALUES ('1', '120');
INSERT INTO `contrexx_module_shop_rel_countries` (`zone_id`, `country_id`) VALUES ('1', '121');
INSERT INTO `contrexx_module_shop_rel_countries` (`zone_id`, `country_id`) VALUES ('1', '122');
INSERT INTO `contrexx_module_shop_rel_countries` (`zone_id`, `country_id`) VALUES ('2', '122');
INSERT INTO `contrexx_module_shop_rel_countries` (`zone_id`, `country_id`) VALUES ('1', '123');
INSERT INTO `contrexx_module_shop_rel_countries` (`zone_id`, `country_id`) VALUES ('1', '124');
INSERT INTO `contrexx_module_shop_rel_countries` (`zone_id`, `country_id`) VALUES ('1', '125');
INSERT INTO `contrexx_module_shop_rel_countries` (`zone_id`, `country_id`) VALUES ('1', '126');
INSERT INTO `contrexx_module_shop_rel_countries` (`zone_id`, `country_id`) VALUES ('1', '127');
INSERT INTO `contrexx_module_shop_rel_countries` (`zone_id`, `country_id`) VALUES ('1', '128');
INSERT INTO `contrexx_module_shop_rel_countries` (`zone_id`, `country_id`) VALUES ('1', '129');
INSERT INTO `contrexx_module_shop_rel_countries` (`zone_id`, `country_id`) VALUES ('1', '130');
INSERT INTO `contrexx_module_shop_rel_countries` (`zone_id`, `country_id`) VALUES ('1', '131');
INSERT INTO `contrexx_module_shop_rel_countries` (`zone_id`, `country_id`) VALUES ('1', '132');
INSERT INTO `contrexx_module_shop_rel_countries` (`zone_id`, `country_id`) VALUES ('1', '133');
INSERT INTO `contrexx_module_shop_rel_countries` (`zone_id`, `country_id`) VALUES ('1', '134');
INSERT INTO `contrexx_module_shop_rel_countries` (`zone_id`, `country_id`) VALUES ('1', '135');
INSERT INTO `contrexx_module_shop_rel_countries` (`zone_id`, `country_id`) VALUES ('1', '136');
INSERT INTO `contrexx_module_shop_rel_countries` (`zone_id`, `country_id`) VALUES ('1', '137');
INSERT INTO `contrexx_module_shop_rel_countries` (`zone_id`, `country_id`) VALUES ('1', '138');
INSERT INTO `contrexx_module_shop_rel_countries` (`zone_id`, `country_id`) VALUES ('1', '139');
INSERT INTO `contrexx_module_shop_rel_countries` (`zone_id`, `country_id`) VALUES ('1', '140');
INSERT INTO `contrexx_module_shop_rel_countries` (`zone_id`, `country_id`) VALUES ('1', '141');
INSERT INTO `contrexx_module_shop_rel_countries` (`zone_id`, `country_id`) VALUES ('1', '142');
INSERT INTO `contrexx_module_shop_rel_countries` (`zone_id`, `country_id`) VALUES ('1', '143');
INSERT INTO `contrexx_module_shop_rel_countries` (`zone_id`, `country_id`) VALUES ('1', '144');
INSERT INTO `contrexx_module_shop_rel_countries` (`zone_id`, `country_id`) VALUES ('1', '145');
INSERT INTO `contrexx_module_shop_rel_countries` (`zone_id`, `country_id`) VALUES ('1', '146');
INSERT INTO `contrexx_module_shop_rel_countries` (`zone_id`, `country_id`) VALUES ('1', '147');
INSERT INTO `contrexx_module_shop_rel_countries` (`zone_id`, `country_id`) VALUES ('1', '148');
INSERT INTO `contrexx_module_shop_rel_countries` (`zone_id`, `country_id`) VALUES ('1', '149');
INSERT INTO `contrexx_module_shop_rel_countries` (`zone_id`, `country_id`) VALUES ('1', '150');
INSERT INTO `contrexx_module_shop_rel_countries` (`zone_id`, `country_id`) VALUES ('1', '151');
INSERT INTO `contrexx_module_shop_rel_countries` (`zone_id`, `country_id`) VALUES ('1', '152');
INSERT INTO `contrexx_module_shop_rel_countries` (`zone_id`, `country_id`) VALUES ('1', '153');
INSERT INTO `contrexx_module_shop_rel_countries` (`zone_id`, `country_id`) VALUES ('1', '154');
INSERT INTO `contrexx_module_shop_rel_countries` (`zone_id`, `country_id`) VALUES ('1', '155');
INSERT INTO `contrexx_module_shop_rel_countries` (`zone_id`, `country_id`) VALUES ('1', '156');
INSERT INTO `contrexx_module_shop_rel_countries` (`zone_id`, `country_id`) VALUES ('1', '157');
INSERT INTO `contrexx_module_shop_rel_countries` (`zone_id`, `country_id`) VALUES ('1', '158');
INSERT INTO `contrexx_module_shop_rel_countries` (`zone_id`, `country_id`) VALUES ('1', '159');
INSERT INTO `contrexx_module_shop_rel_countries` (`zone_id`, `country_id`) VALUES ('1', '160');
INSERT INTO `contrexx_module_shop_rel_countries` (`zone_id`, `country_id`) VALUES ('1', '161');
INSERT INTO `contrexx_module_shop_rel_countries` (`zone_id`, `country_id`) VALUES ('1', '162');
INSERT INTO `contrexx_module_shop_rel_countries` (`zone_id`, `country_id`) VALUES ('1', '163');
INSERT INTO `contrexx_module_shop_rel_countries` (`zone_id`, `country_id`) VALUES ('1', '164');
INSERT INTO `contrexx_module_shop_rel_countries` (`zone_id`, `country_id`) VALUES ('1', '165');
INSERT INTO `contrexx_module_shop_rel_countries` (`zone_id`, `country_id`) VALUES ('1', '166');
INSERT INTO `contrexx_module_shop_rel_countries` (`zone_id`, `country_id`) VALUES ('1', '167');
INSERT INTO `contrexx_module_shop_rel_countries` (`zone_id`, `country_id`) VALUES ('1', '168');
INSERT INTO `contrexx_module_shop_rel_countries` (`zone_id`, `country_id`) VALUES ('1', '169');
INSERT INTO `contrexx_module_shop_rel_countries` (`zone_id`, `country_id`) VALUES ('1', '170');
INSERT INTO `contrexx_module_shop_rel_countries` (`zone_id`, `country_id`) VALUES ('1', '171');
INSERT INTO `contrexx_module_shop_rel_countries` (`zone_id`, `country_id`) VALUES ('1', '172');
INSERT INTO `contrexx_module_shop_rel_countries` (`zone_id`, `country_id`) VALUES ('1', '173');
INSERT INTO `contrexx_module_shop_rel_countries` (`zone_id`, `country_id`) VALUES ('1', '174');
INSERT INTO `contrexx_module_shop_rel_countries` (`zone_id`, `country_id`) VALUES ('1', '175');
INSERT INTO `contrexx_module_shop_rel_countries` (`zone_id`, `country_id`) VALUES ('1', '176');
INSERT INTO `contrexx_module_shop_rel_countries` (`zone_id`, `country_id`) VALUES ('1', '177');
INSERT INTO `contrexx_module_shop_rel_countries` (`zone_id`, `country_id`) VALUES ('1', '178');
INSERT INTO `contrexx_module_shop_rel_countries` (`zone_id`, `country_id`) VALUES ('1', '179');
INSERT INTO `contrexx_module_shop_rel_countries` (`zone_id`, `country_id`) VALUES ('1', '180');
INSERT INTO `contrexx_module_shop_rel_countries` (`zone_id`, `country_id`) VALUES ('1', '181');
INSERT INTO `contrexx_module_shop_rel_countries` (`zone_id`, `country_id`) VALUES ('1', '182');
INSERT INTO `contrexx_module_shop_rel_countries` (`zone_id`, `country_id`) VALUES ('1', '183');
INSERT INTO `contrexx_module_shop_rel_countries` (`zone_id`, `country_id`) VALUES ('1', '184');
INSERT INTO `contrexx_module_shop_rel_countries` (`zone_id`, `country_id`) VALUES ('1', '185');
INSERT INTO `contrexx_module_shop_rel_countries` (`zone_id`, `country_id`) VALUES ('1', '186');
INSERT INTO `contrexx_module_shop_rel_countries` (`zone_id`, `country_id`) VALUES ('1', '187');
INSERT INTO `contrexx_module_shop_rel_countries` (`zone_id`, `country_id`) VALUES ('1', '188');
INSERT INTO `contrexx_module_shop_rel_countries` (`zone_id`, `country_id`) VALUES ('1', '189');
INSERT INTO `contrexx_module_shop_rel_countries` (`zone_id`, `country_id`) VALUES ('1', '190');
INSERT INTO `contrexx_module_shop_rel_countries` (`zone_id`, `country_id`) VALUES ('1', '191');
INSERT INTO `contrexx_module_shop_rel_countries` (`zone_id`, `country_id`) VALUES ('1', '192');
INSERT INTO `contrexx_module_shop_rel_countries` (`zone_id`, `country_id`) VALUES ('1', '193');
INSERT INTO `contrexx_module_shop_rel_countries` (`zone_id`, `country_id`) VALUES ('1', '194');
INSERT INTO `contrexx_module_shop_rel_countries` (`zone_id`, `country_id`) VALUES ('1', '195');
INSERT INTO `contrexx_module_shop_rel_countries` (`zone_id`, `country_id`) VALUES ('1', '196');
INSERT INTO `contrexx_module_shop_rel_countries` (`zone_id`, `country_id`) VALUES ('1', '197');
INSERT INTO `contrexx_module_shop_rel_countries` (`zone_id`, `country_id`) VALUES ('1', '198');
INSERT INTO `contrexx_module_shop_rel_countries` (`zone_id`, `country_id`) VALUES ('1', '199');
INSERT INTO `contrexx_module_shop_rel_countries` (`zone_id`, `country_id`) VALUES ('1', '200');
INSERT INTO `contrexx_module_shop_rel_countries` (`zone_id`, `country_id`) VALUES ('1', '201');
INSERT INTO `contrexx_module_shop_rel_countries` (`zone_id`, `country_id`) VALUES ('1', '202');
INSERT INTO `contrexx_module_shop_rel_countries` (`zone_id`, `country_id`) VALUES ('1', '203');
INSERT INTO `contrexx_module_shop_rel_countries` (`zone_id`, `country_id`) VALUES ('1', '204');
INSERT INTO `contrexx_module_shop_rel_countries` (`zone_id`, `country_id`) VALUES ('2', '204');
INSERT INTO `contrexx_module_shop_rel_countries` (`zone_id`, `country_id`) VALUES ('1', '205');
INSERT INTO `contrexx_module_shop_rel_countries` (`zone_id`, `country_id`) VALUES ('1', '206');
INSERT INTO `contrexx_module_shop_rel_countries` (`zone_id`, `country_id`) VALUES ('1', '207');
INSERT INTO `contrexx_module_shop_rel_countries` (`zone_id`, `country_id`) VALUES ('1', '208');
INSERT INTO `contrexx_module_shop_rel_countries` (`zone_id`, `country_id`) VALUES ('1', '209');
INSERT INTO `contrexx_module_shop_rel_countries` (`zone_id`, `country_id`) VALUES ('1', '210');
INSERT INTO `contrexx_module_shop_rel_countries` (`zone_id`, `country_id`) VALUES ('1', '211');
INSERT INTO `contrexx_module_shop_rel_countries` (`zone_id`, `country_id`) VALUES ('1', '212');
INSERT INTO `contrexx_module_shop_rel_countries` (`zone_id`, `country_id`) VALUES ('1', '213');
INSERT INTO `contrexx_module_shop_rel_countries` (`zone_id`, `country_id`) VALUES ('1', '214');
INSERT INTO `contrexx_module_shop_rel_countries` (`zone_id`, `country_id`) VALUES ('1', '215');
INSERT INTO `contrexx_module_shop_rel_countries` (`zone_id`, `country_id`) VALUES ('1', '216');
INSERT INTO `contrexx_module_shop_rel_countries` (`zone_id`, `country_id`) VALUES ('1', '217');
INSERT INTO `contrexx_module_shop_rel_countries` (`zone_id`, `country_id`) VALUES ('1', '218');
INSERT INTO `contrexx_module_shop_rel_countries` (`zone_id`, `country_id`) VALUES ('1', '219');
INSERT INTO `contrexx_module_shop_rel_countries` (`zone_id`, `country_id`) VALUES ('1', '220');
INSERT INTO `contrexx_module_shop_rel_countries` (`zone_id`, `country_id`) VALUES ('1', '221');
INSERT INTO `contrexx_module_shop_rel_countries` (`zone_id`, `country_id`) VALUES ('1', '222');
INSERT INTO `contrexx_module_shop_rel_countries` (`zone_id`, `country_id`) VALUES ('1', '223');
INSERT INTO `contrexx_module_shop_rel_countries` (`zone_id`, `country_id`) VALUES ('1', '224');
INSERT INTO `contrexx_module_shop_rel_countries` (`zone_id`, `country_id`) VALUES ('1', '225');
INSERT INTO `contrexx_module_shop_rel_countries` (`zone_id`, `country_id`) VALUES ('1', '226');
INSERT INTO `contrexx_module_shop_rel_countries` (`zone_id`, `country_id`) VALUES ('1', '227');
INSERT INTO `contrexx_module_shop_rel_countries` (`zone_id`, `country_id`) VALUES ('1', '228');
INSERT INTO `contrexx_module_shop_rel_countries` (`zone_id`, `country_id`) VALUES ('1', '229');
INSERT INTO `contrexx_module_shop_rel_countries` (`zone_id`, `country_id`) VALUES ('1', '230');
INSERT INTO `contrexx_module_shop_rel_countries` (`zone_id`, `country_id`) VALUES ('1', '231');
INSERT INTO `contrexx_module_shop_rel_countries` (`zone_id`, `country_id`) VALUES ('1', '232');
INSERT INTO `contrexx_module_shop_rel_countries` (`zone_id`, `country_id`) VALUES ('1', '233');
INSERT INTO `contrexx_module_shop_rel_countries` (`zone_id`, `country_id`) VALUES ('1', '234');
INSERT INTO `contrexx_module_shop_rel_countries` (`zone_id`, `country_id`) VALUES ('1', '235');
INSERT INTO `contrexx_module_shop_rel_countries` (`zone_id`, `country_id`) VALUES ('1', '236');
INSERT INTO `contrexx_module_shop_rel_countries` (`zone_id`, `country_id`) VALUES ('1', '237');
INSERT INTO `contrexx_module_shop_rel_countries` (`zone_id`, `country_id`) VALUES ('1', '238');
INSERT INTO `contrexx_module_shop_rel_countries` (`zone_id`, `country_id`) VALUES ('1', '239');

INSERT INTO `contrexx_module_shop_rel_payment` (`zone_id`, `payment_id`) VALUES ('1', '2');
INSERT INTO `contrexx_module_shop_rel_payment` (`zone_id`, `payment_id`) VALUES ('1', '9');
INSERT INTO `contrexx_module_shop_rel_payment` (`zone_id`, `payment_id`) VALUES ('1', '12');
INSERT INTO `contrexx_module_shop_rel_payment` (`zone_id`, `payment_id`) VALUES ('1', '13');
INSERT INTO `contrexx_module_shop_rel_payment` (`zone_id`, `payment_id`) VALUES ('1', '14');
INSERT INTO `contrexx_module_shop_rel_payment` (`zone_id`, `payment_id`) VALUES ('1', '16');
INSERT INTO `contrexx_module_shop_rel_payment` (`zone_id`, `payment_id`) VALUES ('1', '17');
INSERT INTO `contrexx_module_shop_rel_payment` (`zone_id`, `payment_id`) VALUES ('1', '18');
INSERT INTO `contrexx_module_shop_rel_payment` (`zone_id`, `payment_id`) VALUES ('2', '15');

INSERT INTO `contrexx_module_shop_rel_product_attribute` (`product_id`, `option_id`, `ord`) VALUES ('12', '1', '0');
INSERT INTO `contrexx_module_shop_rel_product_attribute` (`product_id`, `option_id`, `ord`) VALUES ('12', '3', '0');

INSERT INTO `contrexx_module_shop_rel_shipper` (`zone_id`, `shipper_id`) VALUES ('1', '1');
INSERT INTO `contrexx_module_shop_rel_shipper` (`zone_id`, `shipper_id`) VALUES ('1', '2');
INSERT INTO `contrexx_module_shop_rel_shipper` (`zone_id`, `shipper_id`) VALUES ('1', '3');
INSERT INTO `contrexx_module_shop_rel_shipper` (`zone_id`, `shipper_id`) VALUES ('1', '4');

INSERT INTO `contrexx_module_shop_shipment_cost` (`id`, `shipper_id`, `max_weight`, `fee`, `free_from`) VALUES ('1', '1', '1000', '20.00', '100.00');
INSERT INTO `contrexx_module_shop_shipment_cost` (`id`, `shipper_id`, `max_weight`, `fee`, `free_from`) VALUES ('2', '2', '250', '35.00', '150.00');
INSERT INTO `contrexx_module_shop_shipment_cost` (`id`, `shipper_id`, `max_weight`, `fee`, `free_from`) VALUES ('3', '3', '1000', '10.00', '100.00');
INSERT INTO `contrexx_module_shop_shipment_cost` (`id`, `shipper_id`, `max_weight`, `fee`, `free_from`) VALUES ('4', '4', '1000', '89.00', '1000.00');
INSERT INTO `contrexx_module_shop_shipment_cost` (`id`, `shipper_id`, `max_weight`, `fee`, `free_from`) VALUES ('5', '1', '10000', '50.00', '1000.00');
INSERT INTO `contrexx_module_shop_shipment_cost` (`id`, `shipper_id`, `max_weight`, `fee`, `free_from`) VALUES ('6', '2', '2000', '55.00', '300.00');
INSERT INTO `contrexx_module_shop_shipment_cost` (`id`, `shipper_id`, `max_weight`, `fee`, `free_from`) VALUES ('7', '3', '10000', '25.00', '1000.00');

INSERT INTO `contrexx_module_shop_shipper` (`id`, `active`, `ord`) VALUES ('1', '1', '0');
INSERT INTO `contrexx_module_shop_shipper` (`id`, `active`, `ord`) VALUES ('2', '1', '0');
INSERT INTO `contrexx_module_shop_shipper` (`id`, `active`, `ord`) VALUES ('3', '1', '0');
INSERT INTO `contrexx_module_shop_shipper` (`id`, `active`, `ord`) VALUES ('4', '1', '0');

INSERT INTO `contrexx_module_shop_vat` (`id`, `rate`) VALUES ('1', '0.00');
INSERT INTO `contrexx_module_shop_vat` (`id`, `rate`) VALUES ('2', '19.00');
INSERT INTO `contrexx_module_shop_vat` (`id`, `rate`) VALUES ('3', '7.00');
INSERT INTO `contrexx_module_shop_vat` (`id`, `rate`) VALUES ('4', '5.50');
INSERT INTO `contrexx_module_shop_vat` (`id`, `rate`) VALUES ('5', '9.00');
INSERT INTO `contrexx_module_shop_vat` (`id`, `rate`) VALUES ('6', '16.00');
INSERT INTO `contrexx_module_shop_vat` (`id`, `rate`) VALUES ('7', '20.00');
INSERT INTO `contrexx_module_shop_vat` (`id`, `rate`) VALUES ('8', '10.00');
INSERT INTO `contrexx_module_shop_vat` (`id`, `rate`) VALUES ('9', '12.00');
INSERT INTO `contrexx_module_shop_vat` (`id`, `rate`) VALUES ('10', '8.00');
INSERT INTO `contrexx_module_shop_vat` (`id`, `rate`) VALUES ('11', '3.60');
INSERT INTO `contrexx_module_shop_vat` (`id`, `rate`) VALUES ('12', '2.40');
INSERT INTO `contrexx_module_shop_vat` (`id`, `rate`) VALUES ('13', '17.50');
INSERT INTO `contrexx_module_shop_vat` (`id`, `rate`) VALUES ('14', '5.00');

INSERT INTO `contrexx_module_shop_zones` (`id`, `active`) VALUES ('1', '1');
INSERT INTO `contrexx_module_shop_zones` (`id`, `active`) VALUES ('2', '1');
INSERT INTO `contrexx_module_shop_zones` (`id`, `active`) VALUES ('3', '1');

INSERT INTO `contrexx_module_u2u_settings` (`id`, `name`, `value`) VALUES ('1', 'max_posting_size', '2000');
INSERT INTO `contrexx_module_u2u_settings` (`id`, `name`, `value`) VALUES ('2', 'max_posting_chars', '2000');
INSERT INTO `contrexx_module_u2u_settings` (`id`, `name`, `value`) VALUES ('3', 'wysiwyg_editor', '1');
INSERT INTO `contrexx_module_u2u_settings` (`id`, `name`, `value`) VALUES ('4', 'subject', 'Eine neue Nachricht von [senderName]');
INSERT INTO `contrexx_module_u2u_settings` (`id`, `name`, `value`) VALUES ('5', 'from', 'Contrexx U2U Nachrichtensystem');
INSERT INTO `contrexx_module_u2u_settings` (`id`, `name`, `value`) VALUES ('6', 'email_message', 'Hallo <strong>[receiverName]</strong>,<br />\r\n<br />\r\n<strong>[senderName]</strong> hat Ihnen eine private Nachricht gesendet. Um die Nachricht zu lesen, folgen Sie bitte folgendem Link:<br />\r\n<br />\r\nhttp://[domainName]/index.php?section=u2u&amp;cmd=notification<br />\r\n&nbsp;&nbsp;&nbsp;&nbsp;&nbsp;&nbsp;&nbsp;&nbsp;&nbsp;&nbsp;&nbsp;&nbsp;&nbsp;&nbsp;&nbsp;&nbsp;&nbsp;&nbsp;&nbsp;&nbsp;&nbsp;&nbsp;&nbsp;&nbsp;&nbsp;&nbsp;&nbsp;&nbsp; <br />\r\n<br />');

INSERT INTO `contrexx_settings_image` (`id`, `name`, `value`) VALUES ('1', 'image_cut_width', '500');
INSERT INTO `contrexx_settings_image` (`id`, `name`, `value`) VALUES ('2', 'image_cut_height', '500');
INSERT INTO `contrexx_settings_image` (`id`, `name`, `value`) VALUES ('3', 'image_scale_width', '800');
INSERT INTO `contrexx_settings_image` (`id`, `name`, `value`) VALUES ('4', 'image_scale_height', '800');
INSERT INTO `contrexx_settings_image` (`id`, `name`, `value`) VALUES ('5', 'image_compression', '100');

INSERT INTO `contrexx_skins` (`id`, `themesname`, `foldername`) VALUES (1, 'standard', 'standard_4_0');
INSERT INTO `contrexx_skins` (`id`, `themesname`, `foldername`) VALUES (2, 'print', 'print_3_0');
INSERT INTO `contrexx_skins` (`id`, `themesname`, `foldername`) VALUES (3, 'pdf', 'pdf_3_0');
INSERT INTO `contrexx_skins` (`id`, `themesname`, `foldername`) VALUES (4, 'mobile', 'mobile_3_0');
INSERT INTO `contrexx_skins` (`id`, `themesname`, `foldername`) VALUES (5, 'app', 'app_3_0');

INSERT INTO `contrexx_stats_config` (`id`, `name`, `value`, `status`) VALUES ('1', 'reload_block_time', '1800', '1');
INSERT INTO `contrexx_stats_config` (`id`, `name`, `value`, `status`) VALUES ('2', 'online_timeout', '3000', '1');
INSERT INTO `contrexx_stats_config` (`id`, `name`, `value`, `status`) VALUES ('3', 'paging_limit', '100', '1');
INSERT INTO `contrexx_stats_config` (`id`, `name`, `value`, `status`) VALUES ('4', 'count_browser', '', '1');
INSERT INTO `contrexx_stats_config` (`id`, `name`, `value`, `status`) VALUES ('5', 'count_operating_system', '', '1');
INSERT INTO `contrexx_stats_config` (`id`, `name`, `value`, `status`) VALUES ('6', 'make_statistics', '', '1');
INSERT INTO `contrexx_stats_config` (`id`, `name`, `value`, `status`) VALUES ('7', 'count_spiders', '', '0');
INSERT INTO `contrexx_stats_config` (`id`, `name`, `value`, `status`) VALUES ('9', 'count_requests', '', '0');
INSERT INTO `contrexx_stats_config` (`id`, `name`, `value`, `status`) VALUES ('10', 'remove_requests', '86400', '0');
INSERT INTO `contrexx_stats_config` (`id`, `name`, `value`, `status`) VALUES ('11', 'count_search_terms', '', '1');
INSERT INTO `contrexx_stats_config` (`id`, `name`, `value`, `status`) VALUES ('12', 'count_screen_resolution', '', '1');
INSERT INTO `contrexx_stats_config` (`id`, `name`, `value`, `status`) VALUES ('13', 'count_colour_depth', '', '1');
INSERT INTO `contrexx_stats_config` (`id`, `name`, `value`, `status`) VALUES ('14', 'count_javascript', '', '1');
INSERT INTO `contrexx_stats_config` (`id`, `name`, `value`, `status`) VALUES ('15', 'count_referer', '', '1');
INSERT INTO `contrexx_stats_config` (`id`, `name`, `value`, `status`) VALUES ('16', 'count_hostname', '', '1');
INSERT INTO `contrexx_stats_config` (`id`, `name`, `value`, `status`) VALUES ('17', 'count_country', '', '1');
INSERT INTO `contrexx_stats_config` (`id`, `name`, `value`, `status`) VALUES ('18', 'paging_limit_visitor_details', '100', '1');
INSERT INTO `contrexx_stats_config` (`id`, `name`, `value`, `status`) VALUES ('19', 'count_visitor_number', '', '1');
INSERT INTO `contrexx_stats_config` (`id`, `name`, `value`, `status`) VALUES ('20', 'exclude_identifying_info', '0', '1');

INSERT INTO `contrexx_voting_results` (`id`, `voting_system_id`, `question`, `votes`) VALUES ('34', '8', 'Einfache und intuitive Bedienung', '1');
INSERT INTO `contrexx_voting_results` (`id`, `voting_system_id`, `question`, `votes`) VALUES ('35', '8', 'Grösst mögliche Sicherheit', '0');
INSERT INTO `contrexx_voting_results` (`id`, `voting_system_id`, `question`, `votes`) VALUES ('43', '8', 'Vielseitige Auswahl an Modulen', '0');
INSERT INTO `contrexx_voting_results` (`id`, `voting_system_id`, `question`, `votes`) VALUES ('44', '8', 'Möglichst kurze Umsetzungszeit des Projektes', '0');
INSERT INTO `contrexx_voting_results` (`id`, `voting_system_id`, `question`, `votes`) VALUES ('45', '8', 'Kompetente und schnelle Unterstützung', '0');
INSERT INTO `contrexx_voting_results` (`id`, `voting_system_id`, `question`, `votes`) VALUES ('46', '8', 'Preis', '0');
INSERT INTO `contrexx_voting_results` (`id`, `voting_system_id`, `question`, `votes`) VALUES ('52', '11', 'Werbeagentur', '2');
INSERT INTO `contrexx_voting_results` (`id`, `voting_system_id`, `question`, `votes`) VALUES ('53', '11', 'IT-Firma', '1');
INSERT INTO `contrexx_voting_results` (`id`, `voting_system_id`, `question`, `votes`) VALUES ('54', '11', 'Consultant', '1');
INSERT INTO `contrexx_voting_results` (`id`, `voting_system_id`, `question`, `votes`) VALUES ('55', '12', 'Hammermässig!', '0');
INSERT INTO `contrexx_voting_results` (`id`, `voting_system_id`, `question`, `votes`) VALUES ('56', '12', 'Sehr schön', '1');
INSERT INTO `contrexx_voting_results` (`id`, `voting_system_id`, `question`, `votes`) VALUES ('57', '12', 'Ist OK', '1');
INSERT INTO `contrexx_voting_results` (`id`, `voting_system_id`, `question`, `votes`) VALUES ('58', '12', 'Naja...', '0');
INSERT INTO `contrexx_voting_results` (`id`, `voting_system_id`, `question`, `votes`) VALUES ('59', '12', 'Gar nicht', '0');

INSERT INTO `contrexx_voting_system` (`id`, `date`, `title`, `question`, `status`, `submit_check`, `votes`, `additional_nickname`, `additional_forename`, `additional_surname`, `additional_phone`, `additional_street`, `additional_zip`, `additional_email`, `additional_city`, `additional_comment`) VALUES ('8', '2010-12-13 06:44:32', 'Wichtige Eingenschaften', 'Welche wichtige Eigenschaften zeichnen ein anwenderfreundliches Content Management System aus?', '0', 'email', '1', '1', '1', '1', '0', '0', '0', '0', '1', '0');
INSERT INTO `contrexx_voting_system` (`id`, `date`, `title`, `question`, `status`, `submit_check`, `votes`, `additional_nickname`, `additional_forename`, `additional_surname`, `additional_phone`, `additional_street`, `additional_zip`, `additional_email`, `additional_city`, `additional_comment`) VALUES ('11', '2010-12-13 06:44:39', 'Webprojekte', 'Mit wem würden Sie Ihr Webprojekt besprechen?', '0', 'cookie', '4', '1', '1', '0', '0', '0', '0', '0', '1', '0');
INSERT INTO `contrexx_voting_system` (`id`, `date`, `title`, `question`, `status`, `submit_check`, `votes`, `additional_nickname`, `additional_forename`, `additional_surname`, `additional_phone`, `additional_street`, `additional_zip`, `additional_email`, `additional_city`, `additional_comment`) VALUES ('12', '2010-12-13 06:44:45', 'Wie gefällt Ihnen das neue Layout?', 'Wie gefällt Ihnen das neue Layout?', '1', 'cookie', '2', '0', '0', '0', '0', '0', '0', '0', '0', '0');
